complaint_id,source_channel,intake_ts_local,text_raw,asr_lang,transcript_ts,text,clean_text,category,subcategory
PGR202500001,ivr,2025-02-14 09:18:12,"Namaste, for the past three days. We are experiencing garbage pickup has been missed repeatedly. we also tried the IVR earlier. loker madat kara. krupaya sahayya kara.",mr,2025-02-14 09:18:54,"Namaste, for the past three days. We are experiencing garbage pickup has been missed repeatedly. we also tried the IVR earlier. loker madat kara. krupaya sahayya kara.",namaste for the past three days we are experiencing garbage pickup has been missed repeatedly we also tried the ivr earlier loker madat kara krupaya sahayya kara,solid_waste,solid_waste
PGR202500002,portal,2025-05-28 02:14:29,"Ji, for the past three days. I am reporting that garbage pickup has been missed repeatedly. pani ki kami ho rahi hai please arrange tankers. we also tried the IVR earlier. krupaya sahayya kara.",mr,2025-05-28 02:15:39,"Ji, for the past three days. I am reporting that garbage pickup has been missed repeatedly. pani ki kami ho rahi hai please arrange tankers. we also tried the IVR earlier. krupaya sahayya kara.",ji for the past three days i am reporting that garbage pickup has been missed repeatedly pani ki kami ho rahi hai please arrange tankers we also tried the ivr earlier krupaya sahayya kara,solid_waste,solid_waste
PGR202500003,mobile,2025-05-10 04:27:26,"Good evening, for 48 hours. We are experiencing there is no water in the tap. pani ki kami ho rahi hai please arrange tankers. we also tried the IVR earlier. kripya madad kijiye.",hi,2025-05-10 04:28:36,"Good evening, for 48 hours. We are experiencing there is no water in the tap. pani ki kami ho rahi hai please arrange tankers. we also tried the IVR earlier. kripya madad kijiye.",good evening for 48 hours we are experiencing there is no water in the tap pani ki kami ho rahi hai please arrange tankers we also tried the ivr earlier kripya madad kijiye,water_supply,no_supply
PGR202500004,mobile,2025-04-07 19:57:44,"Good evening, since last night. an old building has a dangerous cracked wall. pani ki kami ho rahi hai please arrange tankers. krupaya sahayya kara.",mr,2025-04-07 19:58:15,"Good evening, since last night. an old building has a dangerous cracked wall. pani ki kami ho rahi hai please arrange tankers. krupaya sahayya kara.",good evening since last night an old building has a dangerous cracked wall pani ki kami ho rahi hai please arrange tankers krupaya sahayya kara,water_supply,tanker_delay
PGR202500005,mobile,2025-04-06 22:51:17,"Hi, for the past three days. We are experiencing the septic tank has overflowed onto the street. the complaint has been logged in the app. we also tried the IVR earlier. kripya madad kijiye.",hi,2025-04-06 22:51:29,"Hi, for the past three days. We are experiencing the septic tank has overflowed onto the street. the complaint has been logged in the app. we also tried the IVR earlier. kripya madad kijiye.",hi for the past three days we are experiencing the septic tank has overflowed onto the street the complaint has been logged in the app we also tried the ivr earlier kripya madad kijiye,drainage,drainage
PGR202500006,whatsapp,2025-06-09 18:57:08,"Namaste, for almost a week. We are experiencing waterlogging is happening after even light rain. kripya madad kijiye.",hi,2025-06-09 18:57:23,"Namaste, for almost a week. We are experiencing waterlogging is happening after even light rain. kripya madad kijiye.",namaste for almost a week we are experiencing waterlogging is happening after even light rain kripya madad kijiye,water_supply,water_supply
PGR202500007,portal,2025-02-13 21:24:15,"Hello, since yesterday. I am reporting that mosquito breeding is visible due to stagnant water. it feels like a drought and the borewell is almost dry. kripya madad kijiye.",hi,2025-02-13 21:26:11,"Hello, since yesterday. I am reporting that mosquito breeding is visible due to stagnant water. it feels like a drought and the borewell is almost dry. kripya madad kijiye.",hello since yesterday i am reporting that mosquito breeding is visible due to stagnant water it feels like a drought and the borewell is almost dry kripya madad kijiye,water_supply,water_supply
PGR202500008,csc,2025-05-16 14:31:28,"Good evening, for the past three days. Residents are reporting stray dogs are aggressive near the market. groundwater is very low this season. the complaint has been logged in the app. krupaya sahayya kara.",mr,2025-05-16 14:31:53,"Good evening, for the past three days. Residents are reporting stray dogs are aggressive near the market. groundwater is very low this season. the complaint has been logged in the app. krupaya sahayya kara.",good evening for the past three days residents are reporting stray dogs are aggressive near the market groundwater is very low this season the complaint has been logged in the app krupaya sahayya kara,water_supply,water_supply
PGR202500009,portal,2025-03-03 05:17:24,"Hello, for almost a week. I am reporting that the grass is drying up because irrigation is off. the complaint has been logged in the app. tankers kab aayenge. kripya madad kijiye.",hi,2025-03-03 05:19:10,"Hello, for almost a week. I am reporting that the grass is drying up because irrigation is off. the complaint has been logged in the app. tankers kab aayenge. kripya madad kijiye.",hello for almost a week i am reporting that the grass is drying up because irrigation is off the complaint has been logged in the app tankers kab aayenge kripya madad kijiye,water_supply,tanker_delay
PGR202500010,portal,2025-02-15 03:02:18,"Good evening, since last night. illegal parking is blocking the lane. the complaint has been logged in the app. kripya madad kijiye.",hi,2025-02-15 03:03:49,"Good evening, since last night. illegal parking is blocking the lane. the complaint has been logged in the app. kripya madad kijiye.",good evening since last night illegal parking is blocking the lane the complaint has been logged in the app kripya madad kijiye,parks,parks
PGR202500011,mobile,2025-04-20 23:19:27,"Hello, for 48 hours. Residents are reporting the pole looks damaged and wires are exposed. we also tried the IVR earlier. kripya madad kijiye.",hi,2025-04-20 23:20:58,"Hello, for 48 hours. Residents are reporting the pole looks damaged and wires are exposed. we also tried the IVR earlier. kripya madad kijiye.",hello for 48 hours residents are reporting the pole looks damaged and wires are exposed we also tried the ivr earlier kripya madad kijiye,streetlights,streetlights
PGR202500012,whatsapp,2025-06-27 08:14:24,"Good evening, for two days. I am reporting that the tanker did not arrive today. pani ki kami ho rahi hai please arrange tankers. the complaint has been logged in the app. krupaya sahayya kara.",mr,2025-06-27 08:15:44,"Good evening, for two days. I am reporting that the tanker did not arrive today. pani ki kami ho rahi hai please arrange tankers. the complaint has been logged in the app. krupaya sahayya kara.",good evening for two days i am reporting that the tanker did not arrive today pani ki kami ho rahi hai please arrange tankers the complaint has been logged in the app krupaya sahayya kara,water_supply,tanker_delay
PGR202500013,mobile,2025-05-22 08:42:29,"Good morning, since Monday. Residents are reporting the drain is blocked and water is stagnant. the complaint has been logged in the app. krupaya sahayya kara.",mr,2025-05-22 08:44:09,"Good morning, since Monday. Residents are reporting the drain is blocked and water is stagnant. the complaint has been logged in the app. krupaya sahayya kara.",good morning since monday residents are reporting the drain is blocked and water is stagnant the complaint has been logged in the app krupaya sahayya kara,water_supply,water_supply
PGR202500014,portal,2025-05-26 04:06:09,"Namaste, for 48 hours. Residents are reporting we need information on the process. kripya madad kijiye.",hi,2025-05-26 04:07:21,"Namaste, for 48 hours. Residents are reporting we need information on the process. kripya madad kijiye.",namaste for 48 hours residents are reporting we need information on the process kripya madad kijiye,grievance_general,grievance_general
PGR202500015,portal,2025-05-19 14:55:04,"Good morning, for two days. Residents are reporting resurfacing has been pending for many weeks. dayavittu sahaya maadi.",kn,2025-05-19 14:56:51,"Good morning, for two days. Residents are reporting resurfacing has been pending for many weeks. dayavittu sahaya maadi.",good morning for two days residents are reporting resurfacing has been pending for many weeks dayavittu sahaya maadi,roads,roads
PGR202500016,portal,2025-05-29 21:49:52,"Namaste, for almost a week. the wash area is broken and unclean. the complaint has been logged in the app. kripya madad kijiye.",hi,2025-05-29 21:50:46,"Namaste, for almost a week. the wash area is broken and unclean. the complaint has been logged in the app. kripya madad kijiye.",namaste for almost a week the wash area is broken and unclean the complaint has been logged in the app kripya madad kijiye,unknown,unknown
PGR202500017,whatsapp,2025-04-18 23:36:55,"Good evening, for two days. the wash area is broken and unclean. garami madhe jalsankat aahe. krupaya sahayya kara.",mr,2025-04-18 23:37:05,"Good evening, for two days. the wash area is broken and unclean. garami madhe jalsankat aahe. krupaya sahayya kara.",good evening for two days the wash area is broken and unclean garami madhe jalsankat aahe krupaya sahayya kara,unknown,unknown
PGR202500018,mobile,2025-02-20 05:12:32,"Namaste, for almost a week. I am reporting that the whole stretch is dark after evening. krupaya sahayya kara.",mr,2025-02-20 05:12:55,"Namaste, for almost a week. I am reporting that the whole stretch is dark after evening. krupaya sahayya kara.",namaste for almost a week i am reporting that the whole stretch is dark after evening krupaya sahayya kara,streetlights,streetlights
PGR202500019,portal,2025-06-06 23:05:36,"Good morning, since last night. I am reporting that an electrical cabinet is open near the path. krupaya sahayya kara.",mr,2025-06-06 23:07:12,"Good morning, since last night. I am reporting that an electrical cabinet is open near the path. krupaya sahayya kara.",good morning since last night i am reporting that an electrical cabinet is open near the path krupaya sahayya kara,solid_waste,solid_waste
PGR202500020,portal,2025-04-09 13:23:21,"Good morning, since last night. We are experiencing a service request has no update. the complaint has been logged in the app. kripya madad kijiye.",hi,2025-04-09 13:25:18,"Good morning, since last night. We are experiencing a service request has no update. the complaint has been logged in the app. kripya madad kijiye.",good morning since last night we are experiencing a service request has no update the complaint has been logged in the app kripya madad kijiye,grievance_general,grievance_general
PGR202500021,portal,2025-04-17 01:16:00,"Good morning, for 48 hours. I am reporting that a service request has no update. the complaint has been logged in the app. kripya madad kijiye.",hi,2025-04-17 01:17:34,"Good morning, for 48 hours. I am reporting that a service request has no update. the complaint has been logged in the app. kripya madad kijiye.",good morning for 48 hours i am reporting that a service request has no update the complaint has been logged in the app kripya madad kijiye,grievance_general,grievance_general
PGR202500022,mobile,2025-03-28 14:52:22,"Good morning, since Monday. I am reporting that a service request has no update. we also tried the IVR earlier. kripya madad kijiye.",hi,2025-03-28 14:53:58,"Good morning, since Monday. I am reporting that a service request has no update. we also tried the IVR earlier. kripya madad kijiye.",good morning since monday i am reporting that a service request has no update we also tried the ivr earlier kripya madad kijiye,grievance_general,grievance_general
PGR202500023,mobile,2025-02-28 09:10:43,"Good evening, since yesterday. the community tap is dry in the morning. the complaint has been logged in the app. krupaya sahayya kara.",mr,2025-02-28 09:12:28,"Good evening, since yesterday. the community tap is dry in the morning. the complaint has been logged in the app. krupaya sahayya kara.",good evening since yesterday the community tap is dry in the morning the complaint has been logged in the app krupaya sahayya kara,water_supply,water_supply
PGR202500024,mobile,2025-06-20 00:21:13,"Good morning, for two days. I am reporting that the public toilet is not functioning. the complaint has been logged in the app. please help.",en,2025-06-20 00:23:01,"Good morning, for two days. I am reporting that the public toilet is not functioning. the complaint has been logged in the app. please help.",good morning for two days i am reporting that the public toilet is not functioning the complaint has been logged in the app please help,sanitation,sanitation
PGR202500025,mobile,2025-05-29 05:38:33,"Hi, for 48 hours. We are experiencing the septic tank has overflowed onto the street. we also tried the IVR earlier. kripya madad kijiye.",hi,2025-05-29 05:38:56,"Hi, for 48 hours. We are experiencing the septic tank has overflowed onto the street. we also tried the IVR earlier. kripya madad kijiye.",hi for 48 hours we are experiencing the septic tank has overflowed onto the street we also tried the ivr earlier kripya madad kijiye,drainage,drainage
PGR202500026,portal,2025-05-08 13:54:51,"Good morning, for the past three days. Residents are reporting we need information on the process. it feels like a drought and the borewell is almost dry. krupaya sahayya kara.",mr,2025-05-08 13:56:01,"Good morning, for the past three days. Residents are reporting we need information on the process. it feels like a drought and the borewell is almost dry. krupaya sahayya kara.",good morning for the past three days residents are reporting we need information on the process it feels like a drought and the borewell is almost dry krupaya sahayya kara,grievance_general,grievance_general
PGR202500027,portal,2025-04-02 08:41:29,"Namaste, for the past three days. a service request has no update. we also tried the IVR earlier. kripya madad kijiye.",hi,2025-04-02 08:43:01,"Namaste, for the past three days. a service request has no update. we also tried the IVR earlier. kripya madad kijiye.",namaste for the past three days a service request has no update we also tried the ivr earlier kripya madad kijiye,grievance_general,grievance_general
PGR202500028,portal,2025-06-04 09:56:29,"Good evening, for the past three days. the road surface is broken at the crossing. the complaint has been logged in the app. summer mein dikkat ho rahi hai. please help.",en,2025-06-04 09:57:29,"Good evening, for the past three days. the road surface is broken at the crossing. the complaint has been logged in the app. summer mein dikkat ho rahi hai. please help.",good evening for the past three days the road surface is broken at the crossing the complaint has been logged in the app summer mein dikkat ho rahi hai please help,roads,roads
PGR202500029,portal,2025-04-23 19:32:40,"Good evening, for 48 hours. We are experiencing the bin is overflowing and animals gather there. the complaint has been logged in the app. krupaya sahayya kara.",mr,2025-04-23 19:34:27,"Good evening, for 48 hours. We are experiencing the bin is overflowing and animals gather there. the complaint has been logged in the app. krupaya sahayya kara.",good evening for 48 hours we are experiencing the bin is overflowing and animals gather there the complaint has been logged in the app krupaya sahayya kara,drainage,drainage
PGR202500030,portal,2025-04-08 12:17:27,"Good morning, since last night. Residents are reporting an old building has a dangerous cracked wall. the complaint has been logged in the app. kripya madad kijiye.",hi,2025-04-08 12:17:57,"Good morning, since last night. Residents are reporting an old building has a dangerous cracked wall. the complaint has been logged in the app. kripya madad kijiye.",good morning since last night residents are reporting an old building has a dangerous cracked wall the complaint has been logged in the app kripya madad kijiye,building_safety,building_safety
PGR202500031,mobile,2025-04-09 13:39:15,"Hi, for almost a week. I am reporting that a license check is required for these stalls. groundwater is very low this season. the complaint has been logged in the app. loker madat kara. krupaya sahayya kara.",mr,2025-04-09 13:40:33,"Hi, for almost a week. I am reporting that a license check is required for these stalls. groundwater is very low this season. the complaint has been logged in the app. loker madat kara. krupaya sahayya kara.",hi for almost a week i am reporting that a license check is required for these stalls groundwater is very low this season the complaint has been logged in the app loker madat kara krupaya sahayya kara,water_supply,water_supply
PGR202500032,portal,2025-03-07 02:03:33,"Hello, for the past three days. Residents are reporting a loose cable is creating a hazard. krupaya sahayya kara.",mr,2025-03-07 02:04:01,"Hello, for the past three days. Residents are reporting a loose cable is creating a hazard. krupaya sahayya kara.",hello for the past three days residents are reporting a loose cable is creating a hazard krupaya sahayya kara,utilities_other,utilities_other
PGR202500033,mobile,2025-02-14 19:41:21,"Namaste, since last night. We are experiencing the pole looks damaged and wires are exposed. krupaya sahayya kara.",mr,2025-02-14 19:41:59,"Namaste, since last night. We are experiencing the pole looks damaged and wires are exposed. krupaya sahayya kara.",namaste since last night we are experiencing the pole looks damaged and wires are exposed krupaya sahayya kara,streetlights,streetlights
PGR202500034,mobile,2025-04-25 04:30:18,"Namaste, for almost a week. play equipment is broken in the park. summer water crisis is likely so please plan supply. kripya madad kijiye.",hi,2025-04-25 04:31:03,"Namaste, for almost a week. play equipment is broken in the park. summer water crisis is likely so please plan supply. kripya madad kijiye.",namaste for almost a week play equipment is broken in the park summer water crisis is likely so please plan supply kripya madad kijiye,water_supply,water_supply
PGR202500035,portal,2025-06-14 04:24:11,"Hi, for 48 hours. Residents are reporting resurfacing has been pending for many weeks. kripya madad kijiye.",hi,2025-06-14 04:24:32,"Hi, for 48 hours. Residents are reporting resurfacing has been pending for many weeks. kripya madad kijiye.",hi for 48 hours residents are reporting resurfacing has been pending for many weeks kripya madad kijiye,roads,roads
PGR202500036,portal,2025-02-10 13:44:31,"Hi, since Monday. We are experiencing the tanker did not arrive today. we also tried the IVR earlier. kripya madad kijiye.",hi,2025-02-10 13:44:42,"Hi, since Monday. We are experiencing the tanker did not arrive today. we also tried the IVR earlier. kripya madad kijiye.",hi since monday we are experiencing the tanker did not arrive today we also tried the ivr earlier kripya madad kijiye,water_supply,tanker_delay
PGR202500037,mobile,2025-06-09 17:50:54,"Hello, since last night. We are experiencing there are big potholes on the road. the complaint has been logged in the app. please help.",en,2025-06-09 17:52:42,"Hello, since last night. We are experiencing there are big potholes on the road. the complaint has been logged in the app. please help.",hello since last night we are experiencing there are big potholes on the road the complaint has been logged in the app please help,roads,roads
PGR202500038,portal,2025-06-05 03:28:19,"Namaste, for two days. We are experiencing resurfacing has been pending for many weeks. kripya madad kijiye.",hi,2025-06-05 03:29:37,"Namaste, for two days. We are experiencing resurfacing has been pending for many weeks. kripya madad kijiye.",namaste for two days we are experiencing resurfacing has been pending for many weeks kripya madad kijiye,roads,roads
PGR202500039,portal,2025-03-14 12:20:05,"Good evening, for almost a week. We are experiencing the tanker did not arrive today. the complaint has been logged in the app. krupaya sahayya kara.",mr,2025-03-14 12:20:21,"Good evening, for almost a week. We are experiencing the tanker did not arrive today. the complaint has been logged in the app. krupaya sahayya kara.",good evening for almost a week we are experiencing the tanker did not arrive today the complaint has been logged in the app krupaya sahayya kara,water_supply,tanker_delay
PGR202500040,portal,2025-05-06 17:59:29,"Good evening, for two days. I am reporting that resurfacing has been pending for many weeks. krupaya sahayya kara.",mr,2025-05-06 18:00:27,"Good evening, for two days. I am reporting that resurfacing has been pending for many weeks. krupaya sahayya kara.",good evening for two days i am reporting that resurfacing has been pending for many weeks krupaya sahayya kara,roads,roads
PGR202500041,portal,2025-02-25 18:49:28,"Namaste, for the past three days. the drain is blocked and water is stagnant. the complaint has been logged in the app. we also tried the IVR earlier. krupaya sahayya kara.",mr,2025-02-25 18:50:39,"Namaste, for the past three days. the drain is blocked and water is stagnant. the complaint has been logged in the app. we also tried the IVR earlier. krupaya sahayya kara.",namaste for the past three days the drain is blocked and water is stagnant the complaint has been logged in the app we also tried the ivr earlier krupaya sahayya kara,water_supply,water_supply
PGR202500042,portal,2025-05-25 17:06:56,"Ji, for two days. Residents are reporting we suspect a pipeline leak nearby. it feels like a drought and the borewell is almost dry. the complaint has been logged in the app. krupaya sahayya kara.",mr,2025-05-25 17:08:15,"Ji, for two days. Residents are reporting we suspect a pipeline leak nearby. it feels like a drought and the borewell is almost dry. the complaint has been logged in the app. krupaya sahayya kara.",ji for two days residents are reporting we suspect a pipeline leak nearby it feels like a drought and the borewell is almost dry the complaint has been logged in the app krupaya sahayya kara,water_supply,water_supply
PGR202500043,mobile,2025-05-17 01:52:56,"Good evening, since yesterday. Residents are reporting the public toilet is not functioning. paani nahi aa raha hai. please help.",en,2025-05-17 01:54:14,"Good evening, since yesterday. Residents are reporting the public toilet is not functioning. paani nahi aa raha hai. please help.",good evening since yesterday residents are reporting the public toilet is not functioning paani nahi aa raha hai please help,sanitation,sanitation
PGR202500044,csc,2025-03-26 04:17:36,"Good evening, for two days. a license check is required for these stalls. krupaya sahayya kara.",mr,2025-03-26 04:18:24,"Good evening, for two days. a license check is required for these stalls. krupaya sahayya kara.",good evening for two days a license check is required for these stalls krupaya sahayya kara,markets,markets
PGR202500045,portal,2025-02-11 04:30:43,"Good evening, since Monday. I am reporting that the road surface is broken at the crossing. the complaint has been logged in the app. we also tried the IVR earlier. kripya madad kijiye.",hi,2025-02-11 04:31:25,"Good evening, since Monday. I am reporting that the road surface is broken at the crossing. the complaint has been logged in the app. we also tried the IVR earlier. kripya madad kijiye.",good evening since monday i am reporting that the road surface is broken at the crossing the complaint has been logged in the app we also tried the ivr earlier kripya madad kijiye,roads,roads
PGR202500046,portal,2025-06-26 14:30:45,"Good morning, since Monday. Residents are reporting garbage pickup has been missed repeatedly. the complaint has been logged in the app. krupaya sahayya kara.",mr,2025-06-26 14:32:43,"Good morning, since Monday. Residents are reporting garbage pickup has been missed repeatedly. the complaint has been logged in the app. krupaya sahayya kara.",good morning since monday residents are reporting garbage pickup has been missed repeatedly the complaint has been logged in the app krupaya sahayya kara,solid_waste,solid_waste
PGR202500047,portal,2025-04-08 20:28:29,"Good evening, since last night. We are experiencing the pole looks damaged and wires are exposed. the complaint has been logged in the app. we also tried the IVR earlier. krupaya sahayya kara.",mr,2025-04-08 20:28:36,"Good evening, since last night. We are experiencing the pole looks damaged and wires are exposed. the complaint has been logged in the app. we also tried the IVR earlier. krupaya sahayya kara.",good evening since last night we are experiencing the pole looks damaged and wires are exposed the complaint has been logged in the app we also tried the ivr earlier krupaya sahayya kara,streetlights,streetlights
PGR202500048,mobile,2025-06-14 23:14:08,"Good morning, for almost a week. the dispensary was closed during working hours. we also tried the IVR earlier. kripya madad kijiye.",hi,2025-06-14 23:15:34,"Good morning, for almost a week. the dispensary was closed during working hours. we also tried the IVR earlier. kripya madad kijiye.",good morning for almost a week the dispensary was closed during working hours we also tried the ivr earlier kripya madad kijiye,unknown,unknown
PGR202500049,portal,2025-05-13 16:30:29,"Good evening, since yesterday. We are experiencing a loose cable is creating a hazard. please help.",en,2025-05-13 16:31:34,"Good evening, since yesterday. We are experiencing a loose cable is creating a hazard. please help.",good evening since yesterday we are experiencing a loose cable is creating a hazard please help,utilities_other,utilities_other
PGR202500050,portal,2025-05-28 18:10:49,"Good evening, since Monday. I am reporting that we suspect a pipeline leak nearby. krupaya sahayya kara.",mr,2025-05-28 18:11:46,"Good evening, since Monday. I am reporting that we suspect a pipeline leak nearby. krupaya sahayya kara.",good evening since monday i am reporting that we suspect a pipeline leak nearby krupaya sahayya kara,water_supply,water_supply
PGR202500051,ivr,2025-05-25 23:38:15,"Namaste, since last night. Residents are reporting tap pressure is very low. we also tried the IVR earlier. pressure bahut kam hai. dayavittu sahaya maadi.",kn,2025-05-25 23:39:14,"Namaste, since last night. Residents are reporting tap pressure is very low. we also tried the IVR earlier. pressure bahut kam hai. dayavittu sahaya maadi.",namaste since last night residents are reporting tap pressure is very low we also tried the ivr earlier pressure bahut kam hai dayavittu sahaya maadi,water_supply,water_supply
PGR202500052,ivr,2025-03-02 04:41:57,"Namaste, for 48 hours. We are experiencing the septic tank has overflowed onto the street. the complaint has been logged in the app. we also tried the IVR earlier. tanker kadi yetil. krupaya sahayya kara.",mr,2025-03-02 04:43:49,"Namaste, for 48 hours. We are experiencing the septic tank has overflowed onto the street. the complaint has been logged in the app. we also tried the IVR earlier. tanker kadi yetil. krupaya sahayya kara.",namaste for 48 hours we are experiencing the septic tank has overflowed onto the street the complaint has been logged in the app we also tried the ivr earlier tanker kadi yetil krupaya sahayya kara,water_supply,tanker_delay
PGR202500053,portal,2025-03-27 14:03:41,"Hello, for the past three days. there is no water in the tap. summer water crisis is likely so please plan supply. please help.",en,2025-03-27 14:04:47,"Hello, for the past three days. there is no water in the tap. summer water crisis is likely so please plan supply. please help.",hello for the past three days there is no water in the tap summer water crisis is likely so please plan supply please help,water_supply,no_supply
PGR202500054,portal,2025-04-12 00:11:43,"Good evening, since yesterday. I am reporting that there are big potholes on the road. the complaint has been logged in the app. we also tried the IVR earlier. kripya madad kijiye.",hi,2025-04-12 00:11:59,"Good evening, since yesterday. I am reporting that there are big potholes on the road. the complaint has been logged in the app. we also tried the IVR earlier. kripya madad kijiye.",good evening since yesterday i am reporting that there are big potholes on the road the complaint has been logged in the app we also tried the ivr earlier kripya madad kijiye,roads,roads
PGR202500055,csc,2025-04-16 16:02:57,"Ji, since last night. Residents are reporting waterlogging is happening after even light rain. kripya madad kijiye.",hi,2025-04-16 16:04:47,"Ji, since last night. Residents are reporting waterlogging is happening after even light rain. kripya madad kijiye.",ji since last night residents are reporting waterlogging is happening after even light rain kripya madad kijiye,water_supply,water_supply
PGR202500056,mobile,2025-02-07 13:41:36,"Hi, since last night. Residents are reporting the septic tank has overflowed onto the street. it feels like a drought and the borewell is almost dry. the complaint has been logged in the app. krupaya sahayya kara.",mr,2025-02-07 13:43:11,"Hi, since last night. Residents are reporting the septic tank has overflowed onto the street. it feels like a drought and the borewell is almost dry. the complaint has been logged in the app. krupaya sahayya kara.",hi since last night residents are reporting the septic tank has overflowed onto the street it feels like a drought and the borewell is almost dry the complaint has been logged in the app krupaya sahayya kara,drainage,drainage
PGR202500057,csc,2025-04-23 23:39:00,"Namaste, since last night. Residents are reporting an electrical cabinet is open near the path. the complaint has been logged in the app. kripya madad kijiye.",hi,2025-04-23 23:40:59,"Namaste, since last night. Residents are reporting an electrical cabinet is open near the path. the complaint has been logged in the app. kripya madad kijiye.",namaste since last night residents are reporting an electrical cabinet is open near the path the complaint has been logged in the app kripya madad kijiye,solid_waste,solid_waste
PGR202500058,portal,2025-02-24 03:26:31,"Good morning, since Monday. We are experiencing the streetlight near our lane is not working. krupaya tatkal karyavahi kara. krupaya sahayya kara.",mr,2025-02-24 03:28:12,"Good morning, since Monday. We are experiencing the streetlight near our lane is not working. krupaya tatkal karyavahi kara. krupaya sahayya kara.",good morning since monday we are experiencing the streetlight near our lane is not working krupaya tatkal karyavahi kara krupaya sahayya kara,unknown,unknown
PGR202500059,mobile,2025-05-23 12:09:11,"Hello, for two days. staff behaviour was unhelpful at the office. the complaint has been logged in the app. tankers kab aayenge. kripya madad kijiye.",hi,2025-05-23 12:10:55,"Hello, for two days. staff behaviour was unhelpful at the office. the complaint has been logged in the app. tankers kab aayenge. kripya madad kijiye.",hello for two days staff behaviour was unhelpful at the office the complaint has been logged in the app tankers kab aayenge kripya madad kijiye,water_supply,tanker_delay
PGR202500060,mobile,2025-05-14 10:58:33,"Hi, since yesterday. the wash area is broken and unclean. summer water crisis is likely so please plan supply. please help.",en,2025-05-14 10:58:41,"Hi, since yesterday. the wash area is broken and unclean. summer water crisis is likely so please plan supply. please help.",hi since yesterday the wash area is broken and unclean summer water crisis is likely so please plan supply please help,water_supply,water_supply
PGR202500061,csc,2025-06-19 09:05:59,"Good evening, since last night. Residents are reporting we suspect a pipeline leak nearby. summer water crisis is likely so please plan supply. please help.",en,2025-06-19 09:07:20,"Good evening, since last night. Residents are reporting we suspect a pipeline leak nearby. summer water crisis is likely so please plan supply. please help.",good evening since last night residents are reporting we suspect a pipeline leak nearby summer water crisis is likely so please plan supply please help,water_supply,water_supply
PGR202500062,mobile,2025-05-23 17:08:36,"Hi, for the past three days. We are experiencing a service request has no update. we also tried the IVR earlier. krupaya sahayya kara.",mr,2025-05-23 17:08:50,"Hi, for the past three days. We are experiencing a service request has no update. we also tried the IVR earlier. krupaya sahayya kara.",hi for the past three days we are experiencing a service request has no update we also tried the ivr earlier krupaya sahayya kara,grievance_general,grievance_general
PGR202500063,mobile,2025-03-27 23:54:48,"Good evening, for two days. We are experiencing the signal is not working at the junction. kripya madad kijiye.",hi,2025-03-27 23:56:46,"Good evening, for two days. We are experiencing the signal is not working at the junction. kripya madad kijiye.",good evening for two days we are experiencing the signal is not working at the junction kripya madad kijiye,traffic,traffic
PGR202500064,mobile,2025-06-26 03:02:05,"Hello, since last night. We are experiencing there are big potholes on the road. we also tried the IVR earlier. please help.",en,2025-06-26 03:02:38,"Hello, since last night. We are experiencing there are big potholes on the road. we also tried the IVR earlier. please help.",hello since last night we are experiencing there are big potholes on the road we also tried the ivr earlier please help,roads,roads
PGR202500065,mobile,2025-04-03 15:03:40,"Hi, since Monday. we need information on the process. pani ki kami ho rahi hai please arrange tankers. barah e karam madad karein.",ur,2025-04-03 15:04:37,"Hi, since Monday. we need information on the process. pani ki kami ho rahi hai please arrange tankers. barah e karam madad karein.",hi since monday we need information on the process pani ki kami ho rahi hai please arrange tankers barah e karam madad karein,water_supply,tanker_delay
PGR202500066,mobile,2025-03-21 20:58:16,"Namaste, since last night. Residents are reporting the streetlight near our lane is not working. the complaint has been logged in the app. krupaya sahayya kara.",mr,2025-03-21 20:59:37,"Namaste, since last night. Residents are reporting the streetlight near our lane is not working. the complaint has been logged in the app. krupaya sahayya kara.",namaste since last night residents are reporting the streetlight near our lane is not working the complaint has been logged in the app krupaya sahayya kara,unknown,unknown
PGR202500067,portal,2025-06-16 19:55:42,"Ji, for the past three days. Residents are reporting the bin is overflowing and animals gather there. the complaint has been logged in the app. kripya madad kijiye.",hi,2025-06-16 19:55:54,"Ji, for the past three days. Residents are reporting the bin is overflowing and animals gather there. the complaint has been logged in the app. kripya madad kijiye.",ji for the past three days residents are reporting the bin is overflowing and animals gather there the complaint has been logged in the app kripya madad kijiye,drainage,drainage
PGR202500068,mobile,2025-03-28 13:39:17,"Good evening, for 48 hours. Residents are reporting the tanker did not arrive today. tanker kadi yetil. krupaya sahayya kara.",mr,2025-03-28 13:39:39,"Good evening, for 48 hours. Residents are reporting the tanker did not arrive today. tanker kadi yetil. krupaya sahayya kara.",good evening for 48 hours residents are reporting the tanker did not arrive today tanker kadi yetil krupaya sahayya kara,water_supply,tanker_delay
PGR202500069,csc,2025-02-12 10:50:07,"Hi, since Monday. I am reporting that the septic tank has overflowed onto the street. please help.",en,2025-02-12 10:51:41,"Hi, since Monday. I am reporting that the septic tank has overflowed onto the street. please help.",hi since monday i am reporting that the septic tank has overflowed onto the street please help,drainage,drainage
PGR202500070,ivr,2025-04-12 10:24:02,"Good evening, since last night. We are experiencing the road surface is broken at the crossing. kripya madad kijiye.",hi,2025-04-12 10:25:27,"Good evening, since last night. We are experiencing the road surface is broken at the crossing. kripya madad kijiye.",good evening since last night we are experiencing the road surface is broken at the crossing kripya madad kijiye,roads,roads
PGR202500071,mobile,2025-05-31 08:26:51,"Hi, for two days. Residents are reporting staff behaviour was unhelpful at the office. kripya madad kijiye.",hi,2025-05-31 08:28:44,"Hi, for two days. Residents are reporting staff behaviour was unhelpful at the office. kripya madad kijiye.",hi for two days residents are reporting staff behaviour was unhelpful at the office kripya madad kijiye,grievance_general,grievance_general
PGR202500072,mobile,2025-03-01 10:05:48,"Hello, since yesterday. I am reporting that the public toilet is not functioning. kripya madad kijiye.",hi,2025-03-01 10:07:14,"Hello, since yesterday. I am reporting that the public toilet is not functioning. kripya madad kijiye.",hello since yesterday i am reporting that the public toilet is not functioning kripya madad kijiye,sanitation,sanitation
PGR202500073,portal,2025-04-11 10:35:09,"Namaste, for almost a week. an illegal dumpsite is growing near the corner. please help.",en,2025-04-11 10:35:39,"Namaste, for almost a week. an illegal dumpsite is growing near the corner. please help.",namaste for almost a week an illegal dumpsite is growing near the corner please help,solid_waste,solid_waste
PGR202500074,mobile,2025-02-20 11:43:02,"Good evening, since Monday. Residents are reporting the community tap is dry in the morning. please help.",en,2025-02-20 11:43:57,"Good evening, since Monday. Residents are reporting the community tap is dry in the morning. please help.",good evening since monday residents are reporting the community tap is dry in the morning please help,water_supply,water_supply
PGR202500075,mobile,2025-05-14 23:19:16,"Ji, for 48 hours. I am reporting that staff behaviour was unhelpful at the office. the complaint has been logged in the app. we also tried the IVR earlier. kirpa karke madad karo.",pa,2025-05-14 23:19:37,"Ji, for 48 hours. I am reporting that staff behaviour was unhelpful at the office. the complaint has been logged in the app. we also tried the IVR earlier. kirpa karke madad karo.",ji for 48 hours i am reporting that staff behaviour was unhelpful at the office the complaint has been logged in the app we also tried the ivr earlier kirpa karke madad karo,grievance_general,grievance_general
PGR202500076,whatsapp,2025-04-13 08:32:15,"Namaste, since yesterday. the signal is not working at the junction. we also tried the IVR earlier. dayavittu sahaya maadi.",kn,2025-04-13 08:32:22,"Namaste, since yesterday. the signal is not working at the junction. we also tried the IVR earlier. dayavittu sahaya maadi.",namaste since yesterday the signal is not working at the junction we also tried the ivr earlier dayavittu sahaya maadi,traffic,traffic
PGR202500077,whatsapp,2025-03-22 12:42:24,"Ji, since last night. We are experiencing hawkers have encroached on the footpath. the complaint has been logged in the app. krupaya sahayya kara.",mr,2025-03-22 12:44:17,"Ji, since last night. We are experiencing hawkers have encroached on the footpath. the complaint has been logged in the app. krupaya sahayya kara.",ji since last night we are experiencing hawkers have encroached on the footpath the complaint has been logged in the app krupaya sahayya kara,unknown,unknown
PGR202500078,csc,2025-03-07 00:52:24,"Hi, since Monday. We are experiencing the community tap is dry in the morning. it feels like a drought and the borewell is almost dry. kripya madad kijiye.",hi,2025-03-07 00:53:47,"Hi, since Monday. We are experiencing the community tap is dry in the morning. it feels like a drought and the borewell is almost dry. kripya madad kijiye.",hi since monday we are experiencing the community tap is dry in the morning it feels like a drought and the borewell is almost dry kripya madad kijiye,water_supply,water_supply
PGR202500079,mobile,2025-04-26 16:11:58,"Good morning, for almost a week. resurfacing has been pending for many weeks. krupaya sahayya kara.",mr,2025-04-26 16:12:17,"Good morning, for almost a week. resurfacing has been pending for many weeks. krupaya sahayya kara.",good morning for almost a week resurfacing has been pending for many weeks krupaya sahayya kara,roads,roads
PGR202500080,portal,2025-05-12 11:19:48,"Good evening, for the past three days. there is illegal construction on the terrace. please help.",en,2025-05-12 11:20:27,"Good evening, for the past three days. there is illegal construction on the terrace. please help.",good evening for the past three days there is illegal construction on the terrace please help,building_safety,building_safety
PGR202500081,portal,2025-06-22 01:06:06,"Ji, since Monday. We are experiencing the public toilet is not functioning. please help.",en,2025-06-22 01:07:19,"Ji, since Monday. We are experiencing the public toilet is not functioning. please help.",ji since monday we are experiencing the public toilet is not functioning please help,sanitation,sanitation
PGR202500082,mobile,2025-04-07 13:44:48,"Ji, since Monday. We are experiencing a service request has no update. summer water crisis is likely so please plan supply. kripya madad kijiye.",hi,2025-04-07 13:45:54,"Ji, since Monday. We are experiencing a service request has no update. summer water crisis is likely so please plan supply. kripya madad kijiye.",ji since monday we are experiencing a service request has no update summer water crisis is likely so please plan supply kripya madad kijiye,water_supply,water_supply
PGR202500083,portal,2025-02-25 02:28:38,"Good evening, for almost a week. I am reporting that the drain is blocked and water is stagnant. barah e karam madad karein.",ur,2025-02-25 02:29:41,"Good evening, for almost a week. I am reporting that the drain is blocked and water is stagnant. barah e karam madad karein.",good evening for almost a week i am reporting that the drain is blocked and water is stagnant barah e karam madad karein,water_supply,water_supply
PGR202500084,mobile,2025-06-05 21:38:28,"Hello, since last night. Residents are reporting the whole stretch is dark after evening. the complaint has been logged in the app. we also tried the IVR earlier. krupaya sahayya kara.",mr,2025-06-05 21:38:43,"Hello, since last night. Residents are reporting the whole stretch is dark after evening. the complaint has been logged in the app. we also tried the IVR earlier. krupaya sahayya kara.",hello since last night residents are reporting the whole stretch is dark after evening the complaint has been logged in the app we also tried the ivr earlier krupaya sahayya kara,streetlights,streetlights
PGR202500085,mobile,2025-05-06 11:09:04,"Good morning, for the past three days. illegal parking is blocking the lane. kripya madad kijiye.",hi,2025-05-06 11:09:15,"Good morning, for the past three days. illegal parking is blocking the lane. kripya madad kijiye.",good morning for the past three days illegal parking is blocking the lane kripya madad kijiye,parks,parks
PGR202500086,portal,2025-05-17 00:57:15,"Hi, since Monday. I am reporting that there is no water in the tap. groundwater is very low this season. we also tried the IVR earlier. kripya madad kijiye.",hi,2025-05-17 00:58:46,"Hi, since Monday. I am reporting that there is no water in the tap. groundwater is very low this season. we also tried the IVR earlier. kripya madad kijiye.",hi since monday i am reporting that there is no water in the tap groundwater is very low this season we also tried the ivr earlier kripya madad kijiye,water_supply,no_supply
PGR202500087,mobile,2025-02-15 14:00:57,"Good evening, for the past three days. We are experiencing illegal parking is blocking the lane. the complaint has been logged in the app. dayavittu sahaya maadi.",kn,2025-02-15 14:02:26,"Good evening, for the past three days. We are experiencing illegal parking is blocking the lane. the complaint has been logged in the app. dayavittu sahaya maadi.",good evening for the past three days we are experiencing illegal parking is blocking the lane the complaint has been logged in the app dayavittu sahaya maadi,parks,parks
PGR202500088,mobile,2025-03-19 20:31:11,"Hi, for two days. I am reporting that we need information on the process. the complaint has been logged in the app. kripya madad kijiye.",hi,2025-03-19 20:32:29,"Hi, for two days. I am reporting that we need information on the process. the complaint has been logged in the app. kripya madad kijiye.",hi for two days i am reporting that we need information on the process the complaint has been logged in the app kripya madad kijiye,grievance_general,grievance_general
PGR202500089,csc,2025-05-27 04:14:16,"Good evening, for 48 hours. an old building has a dangerous cracked wall. loker madat kara. krupaya sahayya kara.",mr,2025-05-27 04:14:29,"Good evening, for 48 hours. an old building has a dangerous cracked wall. loker madat kara. krupaya sahayya kara.",good evening for 48 hours an old building has a dangerous cracked wall loker madat kara krupaya sahayya kara,building_safety,building_safety
PGR202500090,whatsapp,2025-06-05 20:08:06,"Good morning, since yesterday. We are experiencing the bin is overflowing and animals gather there. the complaint has been logged in the app. kripya madad kijiye.",hi,2025-06-05 20:09:17,"Good morning, since yesterday. We are experiencing the bin is overflowing and animals gather there. the complaint has been logged in the app. kripya madad kijiye.",good morning since yesterday we are experiencing the bin is overflowing and animals gather there the complaint has been logged in the app kripya madad kijiye,drainage,drainage
PGR202500091,portal,2025-04-07 06:46:47,"Ji, since yesterday. We are experiencing an old building has a dangerous cracked wall. krupaya sahayya kara.",mr,2025-04-07 06:47:31,"Ji, since yesterday. We are experiencing an old building has a dangerous cracked wall. krupaya sahayya kara.",ji since yesterday we are experiencing an old building has a dangerous cracked wall krupaya sahayya kara,building_safety,building_safety
PGR202500092,csc,2025-06-01 17:09:05,"Namaste, for almost a week. I am reporting that the tanker did not arrive today. krupaya sahayya kara.",mr,2025-06-01 17:10:06,"Namaste, for almost a week. I am reporting that the tanker did not arrive today. krupaya sahayya kara.",namaste for almost a week i am reporting that the tanker did not arrive today krupaya sahayya kara,water_supply,tanker_delay
PGR202500093,whatsapp,2025-06-07 06:05:25,"Good morning, since last night. I am reporting that a service request has no update. the complaint has been logged in the app. tanker kadi yetil. krupaya sahayya kara.",mr,2025-06-07 06:06:02,"Good morning, since last night. I am reporting that a service request has no update. the complaint has been logged in the app. tanker kadi yetil. krupaya sahayya kara.",good morning since last night i am reporting that a service request has no update the complaint has been logged in the app tanker kadi yetil krupaya sahayya kara,water_supply,tanker_delay
PGR202500094,mobile,2025-03-31 02:55:19,"Hi, since yesterday. play equipment is broken in the park. kripya madad kijiye.",hi,2025-03-31 02:55:42,"Hi, since yesterday. play equipment is broken in the park. kripya madad kijiye.",hi since yesterday play equipment is broken in the park kripya madad kijiye,parks,parks
PGR202500095,portal,2025-06-15 17:06:54,"Namaste, for 48 hours. Residents are reporting the road surface is broken at the crossing. we also tried the IVR earlier. krupaya sahayya kara.",mr,2025-06-15 17:08:51,"Namaste, for 48 hours. Residents are reporting the road surface is broken at the crossing. we also tried the IVR earlier. krupaya sahayya kara.",namaste for 48 hours residents are reporting the road surface is broken at the crossing we also tried the ivr earlier krupaya sahayya kara,roads,roads
PGR202500096,mobile,2025-03-16 05:58:51,"Good evening, since last night. I am reporting that garbage pickup has been missed repeatedly. we also tried the IVR earlier. garami madhe jalsankat aahe. krupaya sahayya kara.",mr,2025-03-16 06:00:38,"Good evening, since last night. I am reporting that garbage pickup has been missed repeatedly. we also tried the IVR earlier. garami madhe jalsankat aahe. krupaya sahayya kara.",good evening since last night i am reporting that garbage pickup has been missed repeatedly we also tried the ivr earlier garami madhe jalsankat aahe krupaya sahayya kara,solid_waste,solid_waste
PGR202500097,mobile,2025-03-08 22:24:28,"Hello, since yesterday. We are experiencing the septic tank has overflowed onto the street. the complaint has been logged in the app. krupaya sahayya kara.",mr,2025-03-08 22:26:06,"Hello, since yesterday. We are experiencing the septic tank has overflowed onto the street. the complaint has been logged in the app. krupaya sahayya kara.",hello since yesterday we are experiencing the septic tank has overflowed onto the street the complaint has been logged in the app krupaya sahayya kara,drainage,drainage
PGR202500098,csc,2025-05-14 08:59:01,"Good evening, for 48 hours. We are experiencing the public toilet is not functioning. kripya madad kijiye.",hi,2025-05-14 09:00:56,"Good evening, for 48 hours. We are experiencing the public toilet is not functioning. kripya madad kijiye.",good evening for 48 hours we are experiencing the public toilet is not functioning kripya madad kijiye,sanitation,sanitation
PGR202500099,portal,2025-05-07 12:20:32,"Hello, for almost a week. Residents are reporting tap pressure is very low. it feels like a drought and the borewell is almost dry. the complaint has been logged in the app. we also tried the IVR earlier. krupaya sahayya kara.",mr,2025-05-07 12:21:19,"Hello, for almost a week. Residents are reporting tap pressure is very low. it feels like a drought and the borewell is almost dry. the complaint has been logged in the app. we also tried the IVR earlier. krupaya sahayya kara.",hello for almost a week residents are reporting tap pressure is very low it feels like a drought and the borewell is almost dry the complaint has been logged in the app we also tried the ivr earlier krupaya sahayya kara,water_supply,water_supply
PGR202500100,portal,2025-02-21 23:06:32,"Good morning, for almost a week. I am reporting that there is illegal construction on the terrace. krupaya sahayya kara.",mr,2025-02-21 23:07:24,"Good morning, for almost a week. I am reporting that there is illegal construction on the terrace. krupaya sahayya kara.",good morning for almost a week i am reporting that there is illegal construction on the terrace krupaya sahayya kara,building_safety,building_safety
PGR202500101,mobile,2025-06-05 21:51:07,"Ji, for almost a week. We are experiencing tap pressure is very low. groundwater is very low this season. the complaint has been logged in the app. we also tried the IVR earlier. kirpa karke madad karo.",pa,2025-06-05 21:53:02,"Ji, for almost a week. We are experiencing tap pressure is very low. groundwater is very low this season. the complaint has been logged in the app. we also tried the IVR earlier. kirpa karke madad karo.",ji for almost a week we are experiencing tap pressure is very low groundwater is very low this season the complaint has been logged in the app we also tried the ivr earlier kirpa karke madad karo,water_supply,water_supply
PGR202500102,mobile,2025-03-02 23:40:10,"Hi, for 48 hours. the drain is blocked and water is stagnant. the complaint has been logged in the app. we also tried the IVR earlier. kripya madad kijiye.",hi,2025-03-02 23:40:52,"Hi, for 48 hours. the drain is blocked and water is stagnant. the complaint has been logged in the app. we also tried the IVR earlier. kripya madad kijiye.",hi for 48 hours the drain is blocked and water is stagnant the complaint has been logged in the app we also tried the ivr earlier kripya madad kijiye,water_supply,water_supply
PGR202500103,ivr,2025-06-01 17:38:11,"Good evening, for two days. Residents are reporting staff behaviour was unhelpful at the office. the complaint has been logged in the app. please help.",en,2025-06-01 17:39:28,"Good evening, for two days. Residents are reporting staff behaviour was unhelpful at the office. the complaint has been logged in the app. please help.",good evening for two days residents are reporting staff behaviour was unhelpful at the office the complaint has been logged in the app please help,grievance_general,grievance_general
PGR202500104,mobile,2025-02-02 02:30:15,"Ji, for two days. Residents are reporting we suspect a pipeline leak nearby. we also tried the IVR earlier. please help.",en,2025-02-02 02:32:09,"Ji, for two days. Residents are reporting we suspect a pipeline leak nearby. we also tried the IVR earlier. please help.",ji for two days residents are reporting we suspect a pipeline leak nearby we also tried the ivr earlier please help,water_supply,water_supply
PGR202500105,mobile,2025-05-31 12:37:59,"Hi, in Aurangabad near Ward 07, for two days. We are experiencing resurfacing has been pending for many weeks. the complaint has been logged in the app. please help.",en,2025-05-31 12:39:09,"Hi, in Aurangabad near Ward 07, for two days. We are experiencing resurfacing has been pending for many weeks. the complaint has been logged in the app. please help.",hi in aurangabad near ward 07 for two days we are experiencing resurfacing has been pending for many weeks the complaint has been logged in the app please help,roads,roads
PGR202500106,mobile,2025-05-30 00:55:39,"Hi, since yesterday. I am reporting that we suspect a pipeline leak nearby. groundwater is very low this season. the complaint has been logged in the app. dayavittu sahaya maadi.",kn,2025-05-30 00:56:47,"Hi, since yesterday. I am reporting that we suspect a pipeline leak nearby. groundwater is very low this season. the complaint has been logged in the app. dayavittu sahaya maadi.",hi since yesterday i am reporting that we suspect a pipeline leak nearby groundwater is very low this season the complaint has been logged in the app dayavittu sahaya maadi,water_supply,water_supply
PGR202500107,portal,2025-05-29 01:18:40,"Namaste, for 48 hours. Residents are reporting garbage pickup has been missed repeatedly. kripya madad kijiye.",hi,2025-05-29 01:19:52,"Namaste, for 48 hours. Residents are reporting garbage pickup has been missed repeatedly. kripya madad kijiye.",namaste for 48 hours residents are reporting garbage pickup has been missed repeatedly kripya madad kijiye,solid_waste,solid_waste
PGR202500108,portal,2025-05-11 17:27:46,"Ji, for two days. I am reporting that resurfacing has been pending for many weeks. summer mein dikkat ho rahi hai. barah e karam madad karein.",ur,2025-05-11 17:28:00,"Ji, for two days. I am reporting that resurfacing has been pending for many weeks. summer mein dikkat ho rahi hai. barah e karam madad karein.",ji for two days i am reporting that resurfacing has been pending for many weeks summer mein dikkat ho rahi hai barah e karam madad karein,roads,roads
PGR202500109,portal,2025-04-12 17:38:29,"Hello, for two days. We are experiencing we suspect a pipeline leak nearby. groundwater is very low this season. krupaya sahayya kara.",mr,2025-04-12 17:39:03,"Hello, for two days. We are experiencing we suspect a pipeline leak nearby. groundwater is very low this season. krupaya sahayya kara.",hello for two days we are experiencing we suspect a pipeline leak nearby groundwater is very low this season krupaya sahayya kara,water_supply,water_supply
PGR202500110,mobile,2025-05-17 18:35:42,"Good morning, for two days. the pole looks damaged and wires are exposed. barah e karam madad karein.",ur,2025-05-17 18:36:01,"Good morning, for two days. the pole looks damaged and wires are exposed. barah e karam madad karein.",good morning for two days the pole looks damaged and wires are exposed barah e karam madad karein,streetlights,streetlights
PGR202500111,mobile,2025-03-14 13:38:15,"Hi, since yesterday. there are big potholes on the road. it feels like a drought and the borewell is almost dry. the complaint has been logged in the app. please jaldi se kijiye. kripya madad kijiye.",hi,2025-03-14 13:39:45,"Hi, since yesterday. there are big potholes on the road. it feels like a drought and the borewell is almost dry. the complaint has been logged in the app. please jaldi se kijiye. kripya madad kijiye.",hi since yesterday there are big potholes on the road it feels like a drought and the borewell is almost dry the complaint has been logged in the app please jaldi se kijiye kripya madad kijiye,roads,roads
PGR202500112,csc,2025-05-29 02:37:27,"Namaste, for two days. the tanker did not arrive today. the complaint has been logged in the app. we also tried the IVR earlier. kripya madad kijiye.",hi,2025-05-29 02:37:37,"Namaste, for two days. the tanker did not arrive today. the complaint has been logged in the app. we also tried the IVR earlier. kripya madad kijiye.",namaste for two days the tanker did not arrive today the complaint has been logged in the app we also tried the ivr earlier kripya madad kijiye,water_supply,tanker_delay
PGR202500113,portal,2025-04-25 08:19:44,"Good morning, for two days. I am reporting that there is a strong smell from the open drain. krupaya sahayya kara.",mr,2025-04-25 08:20:46,"Good morning, for two days. I am reporting that there is a strong smell from the open drain. krupaya sahayya kara.",good morning for two days i am reporting that there is a strong smell from the open drain krupaya sahayya kara,drainage,drainage
PGR202500114,portal,2025-04-10 20:05:47,"Ji, since yesterday. We are experiencing we need information on the process. krupaya sahayya kara.",mr,2025-04-10 20:06:42,"Ji, since yesterday. We are experiencing we need information on the process. krupaya sahayya kara.",ji since yesterday we are experiencing we need information on the process krupaya sahayya kara,grievance_general,grievance_general
PGR202500115,portal,2025-04-17 20:10:56,"Good morning, since yesterday. I am reporting that the manhole is overflowing on the street. the complaint has been logged in the app. kripya madad kijiye.",hi,2025-04-17 20:11:41,"Good morning, since yesterday. I am reporting that the manhole is overflowing on the street. the complaint has been logged in the app. kripya madad kijiye.",good morning since yesterday i am reporting that the manhole is overflowing on the street the complaint has been logged in the app kripya madad kijiye,drainage,drainage
PGR202500116,csc,2025-04-27 07:28:05,"Hello, for 48 hours. We are experiencing there is illegal construction on the terrace. kripya madad kijiye.",hi,2025-04-27 07:29:46,"Hello, for 48 hours. We are experiencing there is illegal construction on the terrace. kripya madad kijiye.",hello for 48 hours we are experiencing there is illegal construction on the terrace kripya madad kijiye,building_safety,building_safety
PGR202500117,mobile,2025-02-06 14:08:39,"Namaste, since yesterday. I am reporting that a loose cable is creating a hazard. the complaint has been logged in the app. krupaya sahayya kara.",mr,2025-02-06 14:09:13,"Namaste, since yesterday. I am reporting that a loose cable is creating a hazard. the complaint has been logged in the app. krupaya sahayya kara.",namaste since yesterday i am reporting that a loose cable is creating a hazard the complaint has been logged in the app krupaya sahayya kara,utilities_other,utilities_other
PGR202500118,mobile,2025-02-21 23:16:08,"Namaste, since Monday. We are experiencing staff behaviour was unhelpful at the office. krupaya sahayya kara.",mr,2025-02-21 23:18:02,"Namaste, since Monday. We are experiencing staff behaviour was unhelpful at the office. krupaya sahayya kara.",namaste since monday we are experiencing staff behaviour was unhelpful at the office krupaya sahayya kara,grievance_general,grievance_general
PGR202500119,portal,2025-03-09 19:43:55,"Hello, for 48 hours. a loose cable is creating a hazard. krupaya sahayya kara.",mr,2025-03-09 19:44:33,"Hello, for 48 hours. a loose cable is creating a hazard. krupaya sahayya kara.",hello for 48 hours a loose cable is creating a hazard krupaya sahayya kara,utilities_other,utilities_other
PGR202500120,mobile,2025-02-18 04:18:29,"Ji, for almost a week. the community tap is dry in the morning. krupaya sahayya kara.",mr,2025-02-18 04:18:41,"Ji, for almost a week. the community tap is dry in the morning. krupaya sahayya kara.",ji for almost a week the community tap is dry in the morning krupaya sahayya kara,water_supply,water_supply
PGR202500121,csc,2025-04-07 22:36:31,"Hi, since Monday. We are experiencing the road surface is broken at the crossing. please help.",en,2025-04-07 22:38:07,"Hi, since Monday. We are experiencing the road surface is broken at the crossing. please help.",hi since monday we are experiencing the road surface is broken at the crossing please help,roads,roads
PGR202500122,portal,2025-05-12 06:15:01,"Ji, for two days. We are experiencing there is no water in the tap. dayavittu sahaya maadi.",kn,2025-05-12 06:16:32,"Ji, for two days. We are experiencing there is no water in the tap. dayavittu sahaya maadi.",ji for two days we are experiencing there is no water in the tap dayavittu sahaya maadi,water_supply,no_supply
PGR202500123,csc,2025-05-10 03:56:37,"Good morning, since Monday. We are experiencing the drain is blocked and water is stagnant. kripya madad kijiye.",hi,2025-05-10 03:58:33,"Good morning, since Monday. We are experiencing the drain is blocked and water is stagnant. kripya madad kijiye.",good morning since monday we are experiencing the drain is blocked and water is stagnant kripya madad kijiye,water_supply,water_supply
PGR202500124,ivr,2025-04-12 15:56:46,"Hello, in Aurangabad near Ward 10, for the past three days. I am reporting that the public toilet is not functioning. the complaint has been logged in the app. we also tried the IVR earlier. krupaya sahayya kara.",mr,2025-04-12 15:58:21,"Hello, in Aurangabad near Ward 10, for the past three days. I am reporting that the public toilet is not functioning. the complaint has been logged in the app. we also tried the IVR earlier. krupaya sahayya kara.",hello in aurangabad near ward 10 for the past three days i am reporting that the public toilet is not functioning the complaint has been logged in the app we also tried the ivr earlier krupaya sahayya kara,sanitation,sanitation
PGR202500125,portal,2025-06-09 06:17:16,"Ji, since Monday. an illegal dumpsite is growing near the corner. we also tried the IVR earlier. krupaya sahayya kara.",mr,2025-06-09 06:18:39,"Ji, since Monday. an illegal dumpsite is growing near the corner. we also tried the IVR earlier. krupaya sahayya kara.",ji since monday an illegal dumpsite is growing near the corner we also tried the ivr earlier krupaya sahayya kara,solid_waste,solid_waste
PGR202500126,ivr,2025-04-26 18:50:59,"Hi, since Monday. I am reporting that there are big potholes on the road. please help.",en,2025-04-26 18:52:58,"Hi, since Monday. I am reporting that there are big potholes on the road. please help.",hi since monday i am reporting that there are big potholes on the road please help,roads,roads
PGR202500127,portal,2025-02-12 21:06:38,"Good evening, since yesterday. I am reporting that waterlogging is happening after even light rain. the complaint has been logged in the app. krupaya sahayya kara.",mr,2025-02-12 21:08:11,"Good evening, since yesterday. I am reporting that waterlogging is happening after even light rain. the complaint has been logged in the app. krupaya sahayya kara.",good evening since yesterday i am reporting that waterlogging is happening after even light rain the complaint has been logged in the app krupaya sahayya kara,water_supply,water_supply
PGR202500128,ivr,2025-05-26 17:59:44,"Good evening, for two days. Residents are reporting garbage pickup has been missed repeatedly. please help.",en,2025-05-26 17:59:52,"Good evening, for two days. Residents are reporting garbage pickup has been missed repeatedly. please help.",good evening for two days residents are reporting garbage pickup has been missed repeatedly please help,solid_waste,solid_waste
PGR202500129,mobile,2025-04-28 04:33:43,"Ji, since Monday. I am reporting that the road surface is broken at the crossing. dayavittu sahaya maadi.",kn,2025-04-28 04:35:02,"Ji, since Monday. I am reporting that the road surface is broken at the crossing. dayavittu sahaya maadi.",ji since monday i am reporting that the road surface is broken at the crossing dayavittu sahaya maadi,roads,roads
PGR202500130,portal,2025-05-07 04:59:08,"Namaste, for almost a week. We are experiencing a loose cable is creating a hazard. the complaint has been logged in the app. we also tried the IVR earlier. krupaya sahayya kara.",mr,2025-05-07 04:59:43,"Namaste, for almost a week. We are experiencing a loose cable is creating a hazard. the complaint has been logged in the app. we also tried the IVR earlier. krupaya sahayya kara.",namaste for almost a week we are experiencing a loose cable is creating a hazard the complaint has been logged in the app we also tried the ivr earlier krupaya sahayya kara,utilities_other,utilities_other
PGR202500131,portal,2025-04-26 19:20:37,"Good morning, since Monday. I am reporting that the pole looks damaged and wires are exposed. the complaint has been logged in the app. please help.",en,2025-04-26 19:22:15,"Good morning, since Monday. I am reporting that the pole looks damaged and wires are exposed. the complaint has been logged in the app. please help.",good morning since monday i am reporting that the pole looks damaged and wires are exposed the complaint has been logged in the app please help,streetlights,streetlights
PGR202500132,mobile,2025-04-25 00:53:08,"Hi, for the past three days. the septic tank has overflowed onto the street. please help.",en,2025-04-25 00:53:43,"Hi, for the past three days. the septic tank has overflowed onto the street. please help.",hi for the past three days the septic tank has overflowed onto the street please help,drainage,drainage
PGR202500133,mobile,2025-02-14 14:02:20,"Ji, for two days. Residents are reporting an old building has a dangerous cracked wall. please help.",en,2025-02-14 14:03:50,"Ji, for two days. Residents are reporting an old building has a dangerous cracked wall. please help.",ji for two days residents are reporting an old building has a dangerous cracked wall please help,building_safety,building_safety
PGR202500134,ivr,2025-04-25 21:08:44,"Good evening, since yesterday. there is illegal construction on the terrace. the complaint has been logged in the app. kripya madad kijiye.",hi,2025-04-25 21:10:21,"Good evening, since yesterday. there is illegal construction on the terrace. the complaint has been logged in the app. kripya madad kijiye.",good evening since yesterday there is illegal construction on the terrace the complaint has been logged in the app kripya madad kijiye,building_safety,building_safety
PGR202500135,portal,2025-05-31 05:41:06,"Hi, since last night. I am reporting that an illegal dumpsite is growing near the corner. the complaint has been logged in the app. kripya madad kijiye.",hi,2025-05-31 05:41:45,"Hi, since last night. I am reporting that an illegal dumpsite is growing near the corner. the complaint has been logged in the app. kripya madad kijiye.",hi since last night i am reporting that an illegal dumpsite is growing near the corner the complaint has been logged in the app kripya madad kijiye,solid_waste,solid_waste
PGR202500136,mobile,2025-03-18 14:13:12,"Ji, for 48 hours. I am reporting that there is illegal construction on the terrace. the complaint has been logged in the app. we also tried the IVR earlier. please jaldi se kijiye. kripya madad kijiye.",hi,2025-03-18 14:14:28,"Ji, for 48 hours. I am reporting that there is illegal construction on the terrace. the complaint has been logged in the app. we also tried the IVR earlier. please jaldi se kijiye. kripya madad kijiye.",ji for 48 hours i am reporting that there is illegal construction on the terrace the complaint has been logged in the app we also tried the ivr earlier please jaldi se kijiye kripya madad kijiye,building_safety,building_safety
PGR202500137,mobile,2025-05-02 10:13:03,"Hi, in Chandrapur near Ward 08, since yesterday. I am reporting that illegal parking is blocking the lane. krupaya sahayya kara.",mr,2025-05-02 10:14:39,"Hi, in Chandrapur near Ward 08, since yesterday. I am reporting that illegal parking is blocking the lane. krupaya sahayya kara.",hi in chandrapur near ward 08 since yesterday i am reporting that illegal parking is blocking the lane krupaya sahayya kara,parks,parks
PGR202500138,mobile,2025-02-05 14:56:39,"Good morning, since yesterday. Residents are reporting the streetlight near our lane is not working. pani nahiye. krupaya sahayya kara.",mr,2025-02-05 14:57:35,"Good morning, since yesterday. Residents are reporting the streetlight near our lane is not working. pani nahiye. krupaya sahayya kara.",good morning since yesterday residents are reporting the streetlight near our lane is not working pani nahiye krupaya sahayya kara,unknown,unknown
PGR202500139,mobile,2025-03-25 02:59:49,"Hi, for 48 hours. Residents are reporting an illegal dumpsite is growing near the corner. the complaint has been logged in the app. we also tried the IVR earlier. kripya madad kijiye.",hi,2025-03-25 03:00:14,"Hi, for 48 hours. Residents are reporting an illegal dumpsite is growing near the corner. the complaint has been logged in the app. we also tried the IVR earlier. kripya madad kijiye.",hi for 48 hours residents are reporting an illegal dumpsite is growing near the corner the complaint has been logged in the app we also tried the ivr earlier kripya madad kijiye,solid_waste,solid_waste
PGR202500140,ivr,2025-04-07 12:10:56,"Good morning, since Monday. We are experiencing the road surface is broken at the crossing. the complaint has been logged in the app. krupaya sahayya kara.",mr,2025-04-07 12:11:55,"Good morning, since Monday. We are experiencing the road surface is broken at the crossing. the complaint has been logged in the app. krupaya sahayya kara.",good morning since monday we are experiencing the road surface is broken at the crossing the complaint has been logged in the app krupaya sahayya kara,roads,roads
PGR202500141,portal,2025-06-28 09:51:28,"Hello, since last night. I am reporting that the tanker did not arrive today. it feels like a drought and the borewell is almost dry. the complaint has been logged in the app. we also tried the IVR earlier. krupaya sahayya kara.",mr,2025-06-28 09:53:04,"Hello, since last night. I am reporting that the tanker did not arrive today. it feels like a drought and the borewell is almost dry. the complaint has been logged in the app. we also tried the IVR earlier. krupaya sahayya kara.",hello since last night i am reporting that the tanker did not arrive today it feels like a drought and the borewell is almost dry the complaint has been logged in the app we also tried the ivr earlier krupaya sahayya kara,water_supply,tanker_delay
PGR202500142,mobile,2025-03-05 04:30:17,"Good evening, for 48 hours. We are experiencing stray dogs are aggressive near the market. roz subah tap dry milta hai. kripya madad kijiye.",hi,2025-03-05 04:31:22,"Good evening, for 48 hours. We are experiencing stray dogs are aggressive near the market. roz subah tap dry milta hai. kripya madad kijiye.",good evening for 48 hours we are experiencing stray dogs are aggressive near the market roz subah tap dry milta hai kripya madad kijiye,water_supply,water_supply
PGR202500143,portal,2025-03-14 11:34:26,"Namaste, since yesterday. We are experiencing garbage pickup has been missed repeatedly. kripya madad kijiye.",hi,2025-03-14 11:35:12,"Namaste, since yesterday. We are experiencing garbage pickup has been missed repeatedly. kripya madad kijiye.",namaste since yesterday we are experiencing garbage pickup has been missed repeatedly kripya madad kijiye,solid_waste,solid_waste
PGR202500144,mobile,2025-04-03 06:42:10,"Hi, for the past three days. We are experiencing tap pressure is very low. groundwater is very low this season. the complaint has been logged in the app. please help.",en,2025-04-03 06:42:52,"Hi, for the past three days. We are experiencing tap pressure is very low. groundwater is very low this season. the complaint has been logged in the app. please help.",hi for the past three days we are experiencing tap pressure is very low groundwater is very low this season the complaint has been logged in the app please help,water_supply,water_supply
PGR202500145,mobile,2025-06-29 21:35:45,"Hello, for two days. I am reporting that the bin is overflowing and animals gather there. kripya madad kijiye.",hi,2025-06-29 21:36:10,"Hello, for two days. I am reporting that the bin is overflowing and animals gather there. kripya madad kijiye.",hello for two days i am reporting that the bin is overflowing and animals gather there kripya madad kijiye,drainage,drainage
PGR202500146,portal,2025-06-09 00:15:02,"Hi, for two days. We are experiencing play equipment is broken in the park. summer water crisis is likely so please plan supply. the complaint has been logged in the app. we also tried the IVR earlier. krupaya sahayya kara.",mr,2025-06-09 00:16:32,"Hi, for two days. We are experiencing play equipment is broken in the park. summer water crisis is likely so please plan supply. the complaint has been logged in the app. we also tried the IVR earlier. krupaya sahayya kara.",hi for two days we are experiencing play equipment is broken in the park summer water crisis is likely so please plan supply the complaint has been logged in the app we also tried the ivr earlier krupaya sahayya kara,water_supply,water_supply
PGR202500147,portal,2025-02-06 04:53:40,"Hello, for almost a week. I am reporting that tap pressure is very low. please help.",en,2025-02-06 04:55:08,"Hello, for almost a week. I am reporting that tap pressure is very low. please help.",hello for almost a week i am reporting that tap pressure is very low please help,water_supply,water_supply
PGR202500148,whatsapp,2025-03-08 02:10:55,"Good evening, since last night. I am reporting that there is illegal construction on the terrace. pani ki kami ho rahi hai please arrange tankers. the complaint has been logged in the app. kripya madad kijiye.",hi,2025-03-08 02:12:20,"Good evening, since last night. I am reporting that there is illegal construction on the terrace. pani ki kami ho rahi hai please arrange tankers. the complaint has been logged in the app. kripya madad kijiye.",good evening since last night i am reporting that there is illegal construction on the terrace pani ki kami ho rahi hai please arrange tankers the complaint has been logged in the app kripya madad kijiye,water_supply,tanker_delay
PGR202500149,portal,2025-06-04 06:01:40,"Hello, for 48 hours. I am reporting that the wash area is broken and unclean. kripya madad kijiye.",hi,2025-06-04 06:02:37,"Hello, for 48 hours. I am reporting that the wash area is broken and unclean. kripya madad kijiye.",hello for 48 hours i am reporting that the wash area is broken and unclean kripya madad kijiye,unknown,unknown
PGR202500150,portal,2025-02-09 17:53:23,"Hello, for two days. an illegal dumpsite is growing near the corner. please help.",en,2025-02-09 17:54:53,"Hello, for two days. an illegal dumpsite is growing near the corner. please help.",hello for two days an illegal dumpsite is growing near the corner please help,solid_waste,solid_waste
PGR202500151,csc,2025-06-09 08:24:53,"Good morning, for the past three days. I am reporting that the public toilet is not functioning. the complaint has been logged in the app. please help.",en,2025-06-09 08:25:44,"Good morning, for the past three days. I am reporting that the public toilet is not functioning. the complaint has been logged in the app. please help.",good morning for the past three days i am reporting that the public toilet is not functioning the complaint has been logged in the app please help,sanitation,sanitation
PGR202500152,ivr,2025-03-15 04:58:54,"Good evening, for 48 hours. We are experiencing garbage pickup has been missed repeatedly. kripya madad kijiye.",hi,2025-03-15 05:00:35,"Good evening, for 48 hours. We are experiencing garbage pickup has been missed repeatedly. kripya madad kijiye.",good evening for 48 hours we are experiencing garbage pickup has been missed repeatedly kripya madad kijiye,solid_waste,solid_waste
PGR202500153,portal,2025-06-18 15:32:50,"Hi, for two days. We are experiencing the streetlight near our lane is not working. barah e karam madad karein.",ur,2025-06-18 15:33:00,"Hi, for two days. We are experiencing the streetlight near our lane is not working. barah e karam madad karein.",hi for two days we are experiencing the streetlight near our lane is not working barah e karam madad karein,unknown,unknown
PGR202500154,whatsapp,2025-03-17 00:56:14,"Good evening, for 48 hours. I am reporting that an old building has a dangerous cracked wall. the complaint has been logged in the app. please help.",en,2025-03-17 00:57:22,"Good evening, for 48 hours. I am reporting that an old building has a dangerous cracked wall. the complaint has been logged in the app. please help.",good evening for 48 hours i am reporting that an old building has a dangerous cracked wall the complaint has been logged in the app please help,building_safety,building_safety
PGR202500155,csc,2025-04-07 03:32:25,"Hi, since yesterday. We are experiencing tap pressure is very low. please help.",en,2025-04-07 03:33:33,"Hi, since yesterday. We are experiencing tap pressure is very low. please help.",hi since yesterday we are experiencing tap pressure is very low please help,water_supply,water_supply
PGR202500156,ivr,2025-05-11 06:53:57,"Hello, for the past three days. we suspect a pipeline leak nearby. the complaint has been logged in the app. we also tried the IVR earlier. kripya madad kijiye.",hi,2025-05-11 06:54:24,"Hello, for the past three days. we suspect a pipeline leak nearby. the complaint has been logged in the app. we also tried the IVR earlier. kripya madad kijiye.",hello for the past three days we suspect a pipeline leak nearby the complaint has been logged in the app we also tried the ivr earlier kripya madad kijiye,water_supply,water_supply
PGR202500157,mobile,2025-02-19 22:36:38,"Namaste, for almost a week. a license check is required for these stalls. the complaint has been logged in the app. paani nahi aa raha hai. kripya madad kijiye.",hi,2025-02-19 22:38:33,"Namaste, for almost a week. a license check is required for these stalls. the complaint has been logged in the app. paani nahi aa raha hai. kripya madad kijiye.",namaste for almost a week a license check is required for these stalls the complaint has been logged in the app paani nahi aa raha hai kripya madad kijiye,markets,markets
PGR202500158,portal,2025-04-25 13:18:56,"Good morning, for the past three days. the public toilet is not functioning. groundwater is very low this season. the complaint has been logged in the app. roz subah tap dry milta hai. kripya madad kijiye.",hi,2025-04-25 13:20:37,"Good morning, for the past three days. the public toilet is not functioning. groundwater is very low this season. the complaint has been logged in the app. roz subah tap dry milta hai. kripya madad kijiye.",good morning for the past three days the public toilet is not functioning groundwater is very low this season the complaint has been logged in the app roz subah tap dry milta hai kripya madad kijiye,water_supply,water_supply
PGR202500159,portal,2025-04-17 18:03:20,"Hello, since yesterday. I am reporting that the whole stretch is dark after evening. kripya madad kijiye.",hi,2025-04-17 18:05:04,"Hello, since yesterday. I am reporting that the whole stretch is dark after evening. kripya madad kijiye.",hello since yesterday i am reporting that the whole stretch is dark after evening kripya madad kijiye,streetlights,streetlights
PGR202500160,portal,2025-05-29 14:02:00,"Ji, since last night. We are experiencing the tanker did not arrive today. krupaya sahayya kara.",mr,2025-05-29 14:02:23,"Ji, since last night. We are experiencing the tanker did not arrive today. krupaya sahayya kara.",ji since last night we are experiencing the tanker did not arrive today krupaya sahayya kara,water_supply,tanker_delay
PGR202500161,portal,2025-06-30 09:59:04,"Hello, in Nashik near Ward 15, for the past three days. We are experiencing hawkers have encroached on the footpath. please help.",en,2025-06-30 10:00:51,"Hello, in Nashik near Ward 15, for the past three days. We are experiencing hawkers have encroached on the footpath. please help.",hello in nashik near ward 15 for the past three days we are experiencing hawkers have encroached on the footpath please help,unknown,unknown
PGR202500162,whatsapp,2025-05-11 15:31:42,"Good evening, for two days. a license check is required for these stalls. krupaya sahayya kara.",mr,2025-05-11 15:33:26,"Good evening, for two days. a license check is required for these stalls. krupaya sahayya kara.",good evening for two days a license check is required for these stalls krupaya sahayya kara,markets,markets
PGR202500163,whatsapp,2025-04-03 09:04:15,"Namaste, since last night. We are experiencing the tanker did not arrive today. pani ki kami ho rahi hai please arrange tankers. we also tried the IVR earlier. kripya madad kijiye.",hi,2025-04-03 09:06:09,"Namaste, since last night. We are experiencing the tanker did not arrive today. pani ki kami ho rahi hai please arrange tankers. we also tried the IVR earlier. kripya madad kijiye.",namaste since last night we are experiencing the tanker did not arrive today pani ki kami ho rahi hai please arrange tankers we also tried the ivr earlier kripya madad kijiye,water_supply,tanker_delay
PGR202500164,mobile,2025-04-02 22:59:33,"Hello, for almost a week. I am reporting that the drain is blocked and water is stagnant. we also tried the IVR earlier. please help.",en,2025-04-02 23:00:36,"Hello, for almost a week. I am reporting that the drain is blocked and water is stagnant. we also tried the IVR earlier. please help.",hello for almost a week i am reporting that the drain is blocked and water is stagnant we also tried the ivr earlier please help,water_supply,water_supply
PGR202500165,portal,2025-04-04 16:39:04,"Good evening, since last night. the dispensary was closed during working hours. summer water crisis is likely so please plan supply. the complaint has been logged in the app. krupaya sahayya kara.",mr,2025-04-04 16:40:14,"Good evening, since last night. the dispensary was closed during working hours. summer water crisis is likely so please plan supply. the complaint has been logged in the app. krupaya sahayya kara.",good evening since last night the dispensary was closed during working hours summer water crisis is likely so please plan supply the complaint has been logged in the app krupaya sahayya kara,water_supply,water_supply
PGR202500166,portal,2025-06-03 02:28:23,"Namaste, since Monday. Residents are reporting a service request has no update. the complaint has been logged in the app. kripya madad kijiye.",hi,2025-06-03 02:28:46,"Namaste, since Monday. Residents are reporting a service request has no update. the complaint has been logged in the app. kripya madad kijiye.",namaste since monday residents are reporting a service request has no update the complaint has been logged in the app kripya madad kijiye,grievance_general,grievance_general
PGR202500167,mobile,2025-03-21 04:22:35,"Ji, since last night. We are experiencing the whole stretch is dark after evening. dayavittu sahaya maadi.",kn,2025-03-21 04:23:53,"Ji, since last night. We are experiencing the whole stretch is dark after evening. dayavittu sahaya maadi.",ji since last night we are experiencing the whole stretch is dark after evening dayavittu sahaya maadi,streetlights,streetlights
PGR202500168,mobile,2025-02-26 01:06:08,"Hi, since yesterday. We are experiencing tap pressure is very low. the complaint has been logged in the app. dayavittu sahaya maadi.",kn,2025-02-26 01:06:54,"Hi, since yesterday. We are experiencing tap pressure is very low. the complaint has been logged in the app. dayavittu sahaya maadi.",hi since yesterday we are experiencing tap pressure is very low the complaint has been logged in the app dayavittu sahaya maadi,water_supply,water_supply
PGR202500169,mobile,2025-03-23 03:26:56,"Good evening, for two days. Residents are reporting the whole stretch is dark after evening. krupaya sahayya kara.",mr,2025-03-23 03:28:23,"Good evening, for two days. Residents are reporting the whole stretch is dark after evening. krupaya sahayya kara.",good evening for two days residents are reporting the whole stretch is dark after evening krupaya sahayya kara,streetlights,streetlights
PGR202500170,csc,2025-02-04 09:45:48,"Hello, for 48 hours. Residents are reporting the tanker did not arrive today. the complaint has been logged in the app. krupaya sahayya kara.",mr,2025-02-04 09:46:00,"Hello, for 48 hours. Residents are reporting the tanker did not arrive today. the complaint has been logged in the app. krupaya sahayya kara.",hello for 48 hours residents are reporting the tanker did not arrive today the complaint has been logged in the app krupaya sahayya kara,water_supply,tanker_delay
PGR202500171,portal,2025-02-16 22:06:47,"Ji, for the past three days. I am reporting that the road surface is broken at the crossing. the complaint has been logged in the app. kripya madad kijiye.",hi,2025-02-16 22:07:39,"Ji, for the past three days. I am reporting that the road surface is broken at the crossing. the complaint has been logged in the app. kripya madad kijiye.",ji for the past three days i am reporting that the road surface is broken at the crossing the complaint has been logged in the app kripya madad kijiye,roads,roads
PGR202500172,whatsapp,2025-02-14 12:10:20,"Good evening, since yesterday. there are big potholes on the road. the complaint has been logged in the app. krupaya sahayya kara.",mr,2025-02-14 12:10:26,"Good evening, since yesterday. there are big potholes on the road. the complaint has been logged in the app. krupaya sahayya kara.",good evening since yesterday there are big potholes on the road the complaint has been logged in the app krupaya sahayya kara,roads,roads
PGR202500173,portal,2025-05-27 17:35:18,"Hello, for almost a week. I am reporting that the road surface is broken at the crossing. we also tried the IVR earlier. krupaya sahayya kara.",mr,2025-05-27 17:35:51,"Hello, for almost a week. I am reporting that the road surface is broken at the crossing. we also tried the IVR earlier. krupaya sahayya kara.",hello for almost a week i am reporting that the road surface is broken at the crossing we also tried the ivr earlier krupaya sahayya kara,roads,roads
PGR202500174,whatsapp,2025-05-20 08:29:36,"Hello, since yesterday. We are experiencing mosquito breeding is visible due to stagnant water. we also tried the IVR earlier. kripya madad kijiye.",hi,2025-05-20 08:30:32,"Hello, since yesterday. We are experiencing mosquito breeding is visible due to stagnant water. we also tried the IVR earlier. kripya madad kijiye.",hello since yesterday we are experiencing mosquito breeding is visible due to stagnant water we also tried the ivr earlier kripya madad kijiye,water_supply,water_supply
PGR202500175,portal,2025-05-16 12:22:28,"Namaste, since yesterday. We are experiencing there is no water in the tap. groundwater is very low this season. kirpa karke madad karo.",pa,2025-05-16 12:23:57,"Namaste, since yesterday. We are experiencing there is no water in the tap. groundwater is very low this season. kirpa karke madad karo.",namaste since yesterday we are experiencing there is no water in the tap groundwater is very low this season kirpa karke madad karo,water_supply,no_supply
PGR202500176,csc,2025-04-11 06:45:28,"Hi, since Monday. I am reporting that a loose cable is creating a hazard. the complaint has been logged in the app. we also tried the IVR earlier. kripya madad kijiye.",hi,2025-04-11 06:46:10,"Hi, since Monday. I am reporting that a loose cable is creating a hazard. the complaint has been logged in the app. we also tried the IVR earlier. kripya madad kijiye.",hi since monday i am reporting that a loose cable is creating a hazard the complaint has been logged in the app we also tried the ivr earlier kripya madad kijiye,utilities_other,utilities_other
PGR202500177,mobile,2025-05-19 13:24:37,"Namaste, for 48 hours. Residents are reporting the drain is blocked and water is stagnant. the complaint has been logged in the app. kripya madad kijiye.",hi,2025-05-19 13:25:46,"Namaste, for 48 hours. Residents are reporting the drain is blocked and water is stagnant. the complaint has been logged in the app. kripya madad kijiye.",namaste for 48 hours residents are reporting the drain is blocked and water is stagnant the complaint has been logged in the app kripya madad kijiye,water_supply,water_supply
PGR202500178,portal,2025-02-25 04:34:42,"Good morning, since yesterday. there is a strong smell from the open drain. the complaint has been logged in the app. krupaya sahayya kara.",mr,2025-02-25 04:36:27,"Good morning, since yesterday. there is a strong smell from the open drain. the complaint has been logged in the app. krupaya sahayya kara.",good morning since yesterday there is a strong smell from the open drain the complaint has been logged in the app krupaya sahayya kara,drainage,drainage
PGR202500179,csc,2025-06-16 02:14:16,"Good morning, for almost a week. I am reporting that the streetlight near our lane is not working. the complaint has been logged in the app. kripya madad kijiye.",hi,2025-06-16 02:14:24,"Good morning, for almost a week. I am reporting that the streetlight near our lane is not working. the complaint has been logged in the app. kripya madad kijiye.",good morning for almost a week i am reporting that the streetlight near our lane is not working the complaint has been logged in the app kripya madad kijiye,unknown,unknown
PGR202500180,ivr,2025-04-17 03:45:39,"Ji, since Monday. Residents are reporting resurfacing has been pending for many weeks. dayavittu sahaya maadi.",kn,2025-04-17 03:46:50,"Ji, since Monday. Residents are reporting resurfacing has been pending for many weeks. dayavittu sahaya maadi.",ji since monday residents are reporting resurfacing has been pending for many weeks dayavittu sahaya maadi,roads,roads
PGR202500181,csc,2025-06-21 16:59:05,"Good evening, for two days. We are experiencing an electrical cabinet is open near the path. we also tried the IVR earlier. please help.",en,2025-06-21 17:00:21,"Good evening, for two days. We are experiencing an electrical cabinet is open near the path. we also tried the IVR earlier. please help.",good evening for two days we are experiencing an electrical cabinet is open near the path we also tried the ivr earlier please help,solid_waste,solid_waste
PGR202500182,mobile,2025-02-23 20:19:24,"Namaste, for almost a week. We are experiencing illegal parking is blocking the lane. krupaya sahayya kara.",mr,2025-02-23 20:20:45,"Namaste, for almost a week. We are experiencing illegal parking is blocking the lane. krupaya sahayya kara.",namaste for almost a week we are experiencing illegal parking is blocking the lane krupaya sahayya kara,parks,parks
PGR202500183,mobile,2025-04-16 14:23:17,"Hello, for almost a week. Residents are reporting the septic tank has overflowed onto the street. krupaya sahayya kara.",mr,2025-04-16 14:24:32,"Hello, for almost a week. Residents are reporting the septic tank has overflowed onto the street. krupaya sahayya kara.",hello for almost a week residents are reporting the septic tank has overflowed onto the street krupaya sahayya kara,drainage,drainage
PGR202500184,mobile,2025-05-16 10:45:11,"Good evening, since yesterday. Residents are reporting staff behaviour was unhelpful at the office. the complaint has been logged in the app. dayavittu sahaya maadi.",kn,2025-05-16 10:45:21,"Good evening, since yesterday. Residents are reporting staff behaviour was unhelpful at the office. the complaint has been logged in the app. dayavittu sahaya maadi.",good evening since yesterday residents are reporting staff behaviour was unhelpful at the office the complaint has been logged in the app dayavittu sahaya maadi,grievance_general,grievance_general
PGR202500185,mobile,2025-04-16 08:15:10,"Ji, for 48 hours. Residents are reporting an old building has a dangerous cracked wall. the complaint has been logged in the app. please help.",en,2025-04-16 08:17:01,"Ji, for 48 hours. Residents are reporting an old building has a dangerous cracked wall. the complaint has been logged in the app. please help.",ji for 48 hours residents are reporting an old building has a dangerous cracked wall the complaint has been logged in the app please help,building_safety,building_safety
PGR202500186,portal,2025-04-08 22:09:44,"Hi, since yesterday. We are experiencing waterlogging is happening after even light rain. kripya madad kijiye.",hi,2025-04-08 22:11:43,"Hi, since yesterday. We are experiencing waterlogging is happening after even light rain. kripya madad kijiye.",hi since yesterday we are experiencing waterlogging is happening after even light rain kripya madad kijiye,water_supply,water_supply
PGR202500187,portal,2025-02-25 22:22:14,"Hi, for almost a week. Residents are reporting illegal parking is blocking the lane. we also tried the IVR earlier. kripya madad kijiye.",hi,2025-02-25 22:23:14,"Hi, for almost a week. Residents are reporting illegal parking is blocking the lane. we also tried the IVR earlier. kripya madad kijiye.",hi for almost a week residents are reporting illegal parking is blocking the lane we also tried the ivr earlier kripya madad kijiye,parks,parks
PGR202500188,csc,2025-03-30 03:40:34,"Ji, in Chandrapur near Ward 05, for two days. Residents are reporting there is a strong smell from the open drain. the complaint has been logged in the app. we also tried the IVR earlier. kripya madad kijiye.",hi,2025-03-30 03:42:02,"Ji, in Chandrapur near Ward 05, for two days. Residents are reporting there is a strong smell from the open drain. the complaint has been logged in the app. we also tried the IVR earlier. kripya madad kijiye.",ji in chandrapur near ward 05 for two days residents are reporting there is a strong smell from the open drain the complaint has been logged in the app we also tried the ivr earlier kripya madad kijiye,drainage,drainage
PGR202500189,ivr,2025-03-08 19:33:30,"Hi, for the past three days. a loose cable is creating a hazard. roz subah tap dry milta hai. kripya madad kijiye.",hi,2025-03-08 19:33:40,"Hi, for the past three days. a loose cable is creating a hazard. roz subah tap dry milta hai. kripya madad kijiye.",hi for the past three days a loose cable is creating a hazard roz subah tap dry milta hai kripya madad kijiye,water_supply,water_supply
PGR202500190,portal,2025-03-18 05:26:36,"Hello, since Monday. I am reporting that a loose cable is creating a hazard. krupaya sahayya kara.",mr,2025-03-18 05:28:06,"Hello, since Monday. I am reporting that a loose cable is creating a hazard. krupaya sahayya kara.",hello since monday i am reporting that a loose cable is creating a hazard krupaya sahayya kara,utilities_other,utilities_other
PGR202500191,csc,2025-05-14 13:19:19,"Hi, for 48 hours. We are experiencing hawkers have encroached on the footpath. krupaya sahayya kara.",mr,2025-05-14 13:20:11,"Hi, for 48 hours. We are experiencing hawkers have encroached on the footpath. krupaya sahayya kara.",hi for 48 hours we are experiencing hawkers have encroached on the footpath krupaya sahayya kara,unknown,unknown
PGR202500192,mobile,2025-05-06 13:01:01,"Hello, for two days. Residents are reporting the dispensary was closed during working hours. groundwater is very low this season. the complaint has been logged in the app. krupaya sahayya kara.",mr,2025-05-06 13:02:25,"Hello, for two days. Residents are reporting the dispensary was closed during working hours. groundwater is very low this season. the complaint has been logged in the app. krupaya sahayya kara.",hello for two days residents are reporting the dispensary was closed during working hours groundwater is very low this season the complaint has been logged in the app krupaya sahayya kara,water_supply,water_supply
PGR202500193,mobile,2025-05-03 01:54:25,"Ji, for the past three days. Residents are reporting there is no water in the tap. krupaya sahayya kara.",mr,2025-05-03 01:55:20,"Ji, for the past three days. Residents are reporting there is no water in the tap. krupaya sahayya kara.",ji for the past three days residents are reporting there is no water in the tap krupaya sahayya kara,water_supply,no_supply
PGR202500194,portal,2025-03-27 06:31:31,"Good evening, for almost a week. I am reporting that the septic tank has overflowed onto the street. the complaint has been logged in the app. krupaya sahayya kara.",mr,2025-03-27 06:32:11,"Good evening, for almost a week. I am reporting that the septic tank has overflowed onto the street. the complaint has been logged in the app. krupaya sahayya kara.",good evening for almost a week i am reporting that the septic tank has overflowed onto the street the complaint has been logged in the app krupaya sahayya kara,drainage,drainage
PGR202500195,ivr,2025-06-24 22:53:34,"Good morning, since yesterday. I am reporting that garbage pickup has been missed repeatedly. the complaint has been logged in the app. krupaya sahayya kara.",mr,2025-06-24 22:53:45,"Good morning, since yesterday. I am reporting that garbage pickup has been missed repeatedly. the complaint has been logged in the app. krupaya sahayya kara.",good morning since yesterday i am reporting that garbage pickup has been missed repeatedly the complaint has been logged in the app krupaya sahayya kara,solid_waste,solid_waste
PGR202500196,mobile,2025-02-14 03:32:22,"Namaste, since last night. I am reporting that there are big potholes on the road. the complaint has been logged in the app. we also tried the IVR earlier. please help.",en,2025-02-14 03:33:16,"Namaste, since last night. I am reporting that there are big potholes on the road. the complaint has been logged in the app. we also tried the IVR earlier. please help.",namaste since last night i am reporting that there are big potholes on the road the complaint has been logged in the app we also tried the ivr earlier please help,roads,roads
PGR202500197,portal,2025-03-24 09:19:36,"Ji, for almost a week. I am reporting that the wash area is broken and unclean. dayavittu sahaya maadi.",kn,2025-03-24 09:21:18,"Ji, for almost a week. I am reporting that the wash area is broken and unclean. dayavittu sahaya maadi.",ji for almost a week i am reporting that the wash area is broken and unclean dayavittu sahaya maadi,unknown,unknown
PGR202500198,portal,2025-02-18 16:49:16,"Good evening, for two days. Residents are reporting waterlogging is happening after even light rain. the complaint has been logged in the app. please help.",en,2025-02-18 16:51:15,"Good evening, for two days. Residents are reporting waterlogging is happening after even light rain. the complaint has been logged in the app. please help.",good evening for two days residents are reporting waterlogging is happening after even light rain the complaint has been logged in the app please help,water_supply,water_supply
PGR202500199,mobile,2025-03-23 20:11:51,"Hi, since Monday. tap pressure is very low. it feels like a drought and the borewell is almost dry. the complaint has been logged in the app. krupaya sahayya kara.",mr,2025-03-23 20:12:12,"Hi, since Monday. tap pressure is very low. it feels like a drought and the borewell is almost dry. the complaint has been logged in the app. krupaya sahayya kara.",hi since monday tap pressure is very low it feels like a drought and the borewell is almost dry the complaint has been logged in the app krupaya sahayya kara,water_supply,water_supply
PGR202500200,portal,2025-06-25 06:49:52,"Hi, for 48 hours. We are experiencing the drain is blocked and water is stagnant. the complaint has been logged in the app. kripya madad kijiye.",hi,2025-06-25 06:51:04,"Hi, for 48 hours. We are experiencing the drain is blocked and water is stagnant. the complaint has been logged in the app. kripya madad kijiye.",hi for 48 hours we are experiencing the drain is blocked and water is stagnant the complaint has been logged in the app kripya madad kijiye,water_supply,water_supply
PGR202500201,ivr,2025-03-27 22:32:55,"Ji, for two days. Residents are reporting tap pressure is very low. kripya madad kijiye.",hi,2025-03-27 22:34:37,"Ji, for two days. Residents are reporting tap pressure is very low. kripya madad kijiye.",ji for two days residents are reporting tap pressure is very low kripya madad kijiye,water_supply,water_supply
PGR202500202,portal,2025-06-17 06:53:24,"Hi, since Monday. the bin is overflowing and animals gather there. the complaint has been logged in the app. krupaya sahayya kara.",mr,2025-06-17 06:54:31,"Hi, since Monday. the bin is overflowing and animals gather there. the complaint has been logged in the app. krupaya sahayya kara.",hi since monday the bin is overflowing and animals gather there the complaint has been logged in the app krupaya sahayya kara,drainage,drainage
PGR202500203,mobile,2025-04-16 06:14:10,"Namaste, for 48 hours. We are experiencing the pole looks damaged and wires are exposed. garami madhe jalsankat aahe. krupaya sahayya kara.",mr,2025-04-16 06:15:58,"Namaste, for 48 hours. We are experiencing the pole looks damaged and wires are exposed. garami madhe jalsankat aahe. krupaya sahayya kara.",namaste for 48 hours we are experiencing the pole looks damaged and wires are exposed garami madhe jalsankat aahe krupaya sahayya kara,streetlights,streetlights
PGR202500204,ivr,2025-05-16 22:56:43,"Hello, for almost a week. Residents are reporting the manhole is overflowing on the street. kripya madad kijiye.",hi,2025-05-16 22:58:01,"Hello, for almost a week. Residents are reporting the manhole is overflowing on the street. kripya madad kijiye.",hello for almost a week residents are reporting the manhole is overflowing on the street kripya madad kijiye,drainage,drainage
PGR202500205,mobile,2025-04-10 14:42:10,"Namaste, since last night. We are experiencing a license check is required for these stalls. dayavittu sahaya maadi.",kn,2025-04-10 14:43:08,"Namaste, since last night. We are experiencing a license check is required for these stalls. dayavittu sahaya maadi.",namaste since last night we are experiencing a license check is required for these stalls dayavittu sahaya maadi,markets,markets
PGR202500206,ivr,2025-03-12 21:07:54,"Hi, since yesterday. I am reporting that the bin is overflowing and animals gather there. the complaint has been logged in the app. krupaya sahayya kara.",mr,2025-03-12 21:09:45,"Hi, since yesterday. I am reporting that the bin is overflowing and animals gather there. the complaint has been logged in the app. krupaya sahayya kara.",hi since yesterday i am reporting that the bin is overflowing and animals gather there the complaint has been logged in the app krupaya sahayya kara,drainage,drainage
PGR202500207,mobile,2025-05-26 15:13:32,"Hello, in Nashik near Ward 14, for almost a week. Residents are reporting a service request has no update. kripya madad kijiye.",hi,2025-05-26 15:15:15,"Hello, in Nashik near Ward 14, for almost a week. Residents are reporting a service request has no update. kripya madad kijiye.",hello in nashik near ward 14 for almost a week residents are reporting a service request has no update kripya madad kijiye,grievance_general,grievance_general
PGR202500208,portal,2025-06-26 09:02:04,"Hello, for 48 hours. the pole looks damaged and wires are exposed. please help.",en,2025-06-26 09:02:42,"Hello, for 48 hours. the pole looks damaged and wires are exposed. please help.",hello for 48 hours the pole looks damaged and wires are exposed please help,streetlights,streetlights
PGR202500209,mobile,2025-03-12 12:41:21,"Good morning, since yesterday. the community tap is dry in the morning. please help.",en,2025-03-12 12:42:04,"Good morning, since yesterday. the community tap is dry in the morning. please help.",good morning since yesterday the community tap is dry in the morning please help,water_supply,water_supply
PGR202500210,mobile,2025-05-28 19:30:10,"Good evening, for the past three days. We are experiencing the drain is blocked and water is stagnant. the complaint has been logged in the app. we also tried the IVR earlier. krupaya sahayya kara.",mr,2025-05-28 19:31:12,"Good evening, for the past three days. We are experiencing the drain is blocked and water is stagnant. the complaint has been logged in the app. we also tried the IVR earlier. krupaya sahayya kara.",good evening for the past three days we are experiencing the drain is blocked and water is stagnant the complaint has been logged in the app we also tried the ivr earlier krupaya sahayya kara,water_supply,water_supply
PGR202500211,ivr,2025-03-12 04:06:14,"Ji, since yesterday. the road surface is broken at the crossing. please help.",en,2025-03-12 04:06:48,"Ji, since yesterday. the road surface is broken at the crossing. please help.",ji since yesterday the road surface is broken at the crossing please help,roads,roads
PGR202500212,mobile,2025-05-19 12:48:16,"Hello, since yesterday. We are experiencing garbage pickup has been missed repeatedly. krupaya sahayya kara.",mr,2025-05-19 12:49:40,"Hello, since yesterday. We are experiencing garbage pickup has been missed repeatedly. krupaya sahayya kara.",hello since yesterday we are experiencing garbage pickup has been missed repeatedly krupaya sahayya kara,solid_waste,solid_waste
PGR202500213,mobile,2025-05-30 08:25:24,"Namaste, for 48 hours. tap pressure is very low. pani ki kami ho rahi hai please arrange tankers. krupaya sahayya kara.",mr,2025-05-30 08:26:57,"Namaste, for 48 hours. tap pressure is very low. pani ki kami ho rahi hai please arrange tankers. krupaya sahayya kara.",namaste for 48 hours tap pressure is very low pani ki kami ho rahi hai please arrange tankers krupaya sahayya kara,water_supply,tanker_delay
PGR202500214,mobile,2025-04-09 09:42:04,"Good evening, since yesterday. We are experiencing the whole stretch is dark after evening. the complaint has been logged in the app. please help.",en,2025-04-09 09:43:51,"Good evening, since yesterday. We are experiencing the whole stretch is dark after evening. the complaint has been logged in the app. please help.",good evening since yesterday we are experiencing the whole stretch is dark after evening the complaint has been logged in the app please help,streetlights,streetlights
PGR202500215,portal,2025-05-22 12:54:37,"Good evening, for two days. there is illegal construction on the terrace. we also tried the IVR earlier. kripya madad kijiye.",hi,2025-05-22 12:55:35,"Good evening, for two days. there is illegal construction on the terrace. we also tried the IVR earlier. kripya madad kijiye.",good evening for two days there is illegal construction on the terrace we also tried the ivr earlier kripya madad kijiye,building_safety,building_safety
PGR202500216,csc,2025-03-13 20:04:10,"Ji, since yesterday. I am reporting that the bin is overflowing and animals gather there. we also tried the IVR earlier. kripya madad kijiye.",hi,2025-03-13 20:06:00,"Ji, since yesterday. I am reporting that the bin is overflowing and animals gather there. we also tried the IVR earlier. kripya madad kijiye.",ji since yesterday i am reporting that the bin is overflowing and animals gather there we also tried the ivr earlier kripya madad kijiye,drainage,drainage
PGR202500217,whatsapp,2025-02-12 21:18:45,"Namaste, for the past three days. garbage pickup has been missed repeatedly. dayavittu sahaya maadi.",kn,2025-02-12 21:20:01,"Namaste, for the past three days. garbage pickup has been missed repeatedly. dayavittu sahaya maadi.",namaste for the past three days garbage pickup has been missed repeatedly dayavittu sahaya maadi,solid_waste,solid_waste
PGR202500218,mobile,2025-02-15 11:00:26,"Good evening, since last night. Residents are reporting the whole stretch is dark after evening. please help.",en,2025-02-15 11:01:05,"Good evening, since last night. Residents are reporting the whole stretch is dark after evening. please help.",good evening since last night residents are reporting the whole stretch is dark after evening please help,streetlights,streetlights
PGR202500219,portal,2025-04-09 01:17:06,"Namaste, for 48 hours. I am reporting that the tanker did not arrive today. the complaint has been logged in the app. we also tried the IVR earlier. kripya madad kijiye.",hi,2025-04-09 01:17:56,"Namaste, for 48 hours. I am reporting that the tanker did not arrive today. the complaint has been logged in the app. we also tried the IVR earlier. kripya madad kijiye.",namaste for 48 hours i am reporting that the tanker did not arrive today the complaint has been logged in the app we also tried the ivr earlier kripya madad kijiye,water_supply,tanker_delay
PGR202500220,mobile,2025-06-16 09:22:06,"Good morning, for the past three days. I am reporting that there are big potholes on the road. kripya madad kijiye.",hi,2025-06-16 09:22:39,"Good morning, for the past three days. I am reporting that there are big potholes on the road. kripya madad kijiye.",good morning for the past three days i am reporting that there are big potholes on the road kripya madad kijiye,roads,roads
PGR202500221,portal,2025-02-20 03:16:35,"Ji, since yesterday. tap pressure is very low. we also tried the IVR earlier. kripya madad kijiye.",hi,2025-02-20 03:17:02,"Ji, since yesterday. tap pressure is very low. we also tried the IVR earlier. kripya madad kijiye.",ji since yesterday tap pressure is very low we also tried the ivr earlier kripya madad kijiye,water_supply,water_supply
PGR202500222,whatsapp,2025-04-10 08:47:40,"Ji, in Chandrapur near Ward 04, for 48 hours. there are big potholes on the road. the complaint has been logged in the app. we also tried the IVR earlier. please help.",en,2025-04-10 08:48:06,"Ji, in Chandrapur near Ward 04, for 48 hours. there are big potholes on the road. the complaint has been logged in the app. we also tried the IVR earlier. please help.",ji in chandrapur near ward 04 for 48 hours there are big potholes on the road the complaint has been logged in the app we also tried the ivr earlier please help,roads,roads
PGR202500223,portal,2025-05-17 14:30:54,"Hello, for 48 hours. Residents are reporting the bin is overflowing and animals gather there. please help.",en,2025-05-17 14:32:39,"Hello, for 48 hours. Residents are reporting the bin is overflowing and animals gather there. please help.",hello for 48 hours residents are reporting the bin is overflowing and animals gather there please help,drainage,drainage
PGR202500224,portal,2025-03-03 08:30:29,"Hi, since yesterday. I am reporting that we suspect a pipeline leak nearby. groundwater is very low this season. the complaint has been logged in the app. please help.",en,2025-03-03 08:32:23,"Hi, since yesterday. I am reporting that we suspect a pipeline leak nearby. groundwater is very low this season. the complaint has been logged in the app. please help.",hi since yesterday i am reporting that we suspect a pipeline leak nearby groundwater is very low this season the complaint has been logged in the app please help,water_supply,water_supply
PGR202500225,mobile,2025-05-20 05:49:07,"Hi, for almost a week. We are experiencing the septic tank has overflowed onto the street. the complaint has been logged in the app. krupaya sahayya kara.",mr,2025-05-20 05:49:46,"Hi, for almost a week. We are experiencing the septic tank has overflowed onto the street. the complaint has been logged in the app. krupaya sahayya kara.",hi for almost a week we are experiencing the septic tank has overflowed onto the street the complaint has been logged in the app krupaya sahayya kara,drainage,drainage
PGR202500226,ivr,2025-03-18 21:26:37,"Hello, since Monday. Residents are reporting the whole stretch is dark after evening. krupaya sahayya kara.",mr,2025-03-18 21:28:04,"Hello, since Monday. Residents are reporting the whole stretch is dark after evening. krupaya sahayya kara.",hello since monday residents are reporting the whole stretch is dark after evening krupaya sahayya kara,streetlights,streetlights
PGR202500227,portal,2025-06-02 07:10:42,"Good morning, since Monday. Residents are reporting waterlogging is happening after even light rain. krupaya sahayya kara.",mr,2025-06-02 07:10:56,"Good morning, since Monday. Residents are reporting waterlogging is happening after even light rain. krupaya sahayya kara.",good morning since monday residents are reporting waterlogging is happening after even light rain krupaya sahayya kara,water_supply,water_supply
PGR202500228,mobile,2025-04-28 21:11:25,"Ji, for two days. We are experiencing the signal is not working at the junction. krupaya sahayya kara.",mr,2025-04-28 21:11:50,"Ji, for two days. We are experiencing the signal is not working at the junction. krupaya sahayya kara.",ji for two days we are experiencing the signal is not working at the junction krupaya sahayya kara,traffic,traffic
PGR202500229,mobile,2025-04-24 00:51:57,"Namaste, since Monday. a license check is required for these stalls. paani nahi aa raha hai. kripya madad kijiye.",hi,2025-04-24 00:53:22,"Namaste, since Monday. a license check is required for these stalls. paani nahi aa raha hai. kripya madad kijiye.",namaste since monday a license check is required for these stalls paani nahi aa raha hai kripya madad kijiye,markets,markets
PGR202500230,mobile,2025-02-27 12:22:55,"Good evening, for almost a week. We are experiencing there is a strong smell from the open drain. the complaint has been logged in the app. summer mein dikkat ho rahi hai. kripya madad kijiye.",hi,2025-02-27 12:23:10,"Good evening, for almost a week. We are experiencing there is a strong smell from the open drain. the complaint has been logged in the app. summer mein dikkat ho rahi hai. kripya madad kijiye.",good evening for almost a week we are experiencing there is a strong smell from the open drain the complaint has been logged in the app summer mein dikkat ho rahi hai kripya madad kijiye,drainage,drainage
PGR202500231,mobile,2025-04-11 11:32:28,"Hello, since Monday. We are experiencing the drain is blocked and water is stagnant. barah e karam madad karein.",ur,2025-04-11 11:33:04,"Hello, since Monday. We are experiencing the drain is blocked and water is stagnant. barah e karam madad karein.",hello since monday we are experiencing the drain is blocked and water is stagnant barah e karam madad karein,water_supply,water_supply
PGR202500232,mobile,2025-06-09 11:48:40,"Hi, since last night. Residents are reporting the bin is overflowing and animals gather there. the complaint has been logged in the app. kripya madad kijiye.",hi,2025-06-09 11:50:31,"Hi, since last night. Residents are reporting the bin is overflowing and animals gather there. the complaint has been logged in the app. kripya madad kijiye.",hi since last night residents are reporting the bin is overflowing and animals gather there the complaint has been logged in the app kripya madad kijiye,drainage,drainage
PGR202500233,portal,2025-02-03 22:17:10,"Hi, for two days. Residents are reporting tap pressure is very low. kripya madad kijiye.",hi,2025-02-03 22:17:57,"Hi, for two days. Residents are reporting tap pressure is very low. kripya madad kijiye.",hi for two days residents are reporting tap pressure is very low kripya madad kijiye,water_supply,water_supply
PGR202500234,portal,2025-05-25 18:40:12,"Good morning, for 48 hours. there are big potholes on the road. the complaint has been logged in the app. please help.",en,2025-05-25 18:40:35,"Good morning, for 48 hours. there are big potholes on the road. the complaint has been logged in the app. please help.",good morning for 48 hours there are big potholes on the road the complaint has been logged in the app please help,roads,roads
PGR202500235,mobile,2025-04-15 21:56:40,"Ji, in Aurangabad near Ward 17, since Monday. I am reporting that an old building has a dangerous cracked wall. the complaint has been logged in the app. kripya madad kijiye.",hi,2025-04-15 21:57:58,"Ji, in Aurangabad near Ward 17, since Monday. I am reporting that an old building has a dangerous cracked wall. the complaint has been logged in the app. kripya madad kijiye.",ji in aurangabad near ward 17 since monday i am reporting that an old building has a dangerous cracked wall the complaint has been logged in the app kripya madad kijiye,building_safety,building_safety
PGR202500236,portal,2025-05-19 22:03:59,"Good morning, for 48 hours. We are experiencing the tanker did not arrive today. the complaint has been logged in the app. we also tried the IVR earlier. krupaya sahayya kara.",mr,2025-05-19 22:04:25,"Good morning, for 48 hours. We are experiencing the tanker did not arrive today. the complaint has been logged in the app. we also tried the IVR earlier. krupaya sahayya kara.",good morning for 48 hours we are experiencing the tanker did not arrive today the complaint has been logged in the app we also tried the ivr earlier krupaya sahayya kara,water_supply,tanker_delay
PGR202500237,whatsapp,2025-05-11 11:52:21,"Ji, since yesterday. We are experiencing an illegal dumpsite is growing near the corner. please help.",en,2025-05-11 11:53:18,"Ji, since yesterday. We are experiencing an illegal dumpsite is growing near the corner. please help.",ji since yesterday we are experiencing an illegal dumpsite is growing near the corner please help,solid_waste,solid_waste
PGR202500238,csc,2025-04-06 19:32:05,"Namaste, for 48 hours. Residents are reporting waterlogging is happening after even light rain. the complaint has been logged in the app. kripya madad kijiye.",hi,2025-04-06 19:33:34,"Namaste, for 48 hours. Residents are reporting waterlogging is happening after even light rain. the complaint has been logged in the app. kripya madad kijiye.",namaste for 48 hours residents are reporting waterlogging is happening after even light rain the complaint has been logged in the app kripya madad kijiye,water_supply,water_supply
PGR202500239,portal,2025-03-19 07:12:06,"Ji, for 48 hours. I am reporting that a loose cable is creating a hazard. the complaint has been logged in the app. kripya madad kijiye.",hi,2025-03-19 07:12:38,"Ji, for 48 hours. I am reporting that a loose cable is creating a hazard. the complaint has been logged in the app. kripya madad kijiye.",ji for 48 hours i am reporting that a loose cable is creating a hazard the complaint has been logged in the app kripya madad kijiye,utilities_other,utilities_other
PGR202500240,mobile,2025-05-06 02:18:41,"Ji, for almost a week. I am reporting that there are big potholes on the road. the complaint has been logged in the app. krupaya sahayya kara.",mr,2025-05-06 02:20:25,"Ji, for almost a week. I am reporting that there are big potholes on the road. the complaint has been logged in the app. krupaya sahayya kara.",ji for almost a week i am reporting that there are big potholes on the road the complaint has been logged in the app krupaya sahayya kara,roads,roads
PGR202500241,ivr,2025-02-22 00:48:26,"Good evening, for the past three days. I am reporting that a loose cable is creating a hazard. please help.",en,2025-02-22 00:49:50,"Good evening, for the past three days. I am reporting that a loose cable is creating a hazard. please help.",good evening for the past three days i am reporting that a loose cable is creating a hazard please help,utilities_other,utilities_other
PGR202500242,mobile,2025-04-29 14:45:09,"Good evening, for almost a week. Residents are reporting the drain is blocked and water is stagnant. we also tried the IVR earlier. krupaya sahayya kara.",mr,2025-04-29 14:47:00,"Good evening, for almost a week. Residents are reporting the drain is blocked and water is stagnant. we also tried the IVR earlier. krupaya sahayya kara.",good evening for almost a week residents are reporting the drain is blocked and water is stagnant we also tried the ivr earlier krupaya sahayya kara,water_supply,water_supply
PGR202500243,mobile,2025-02-15 04:54:03,"Ji, since yesterday. I am reporting that an illegal dumpsite is growing near the corner. the complaint has been logged in the app. please help.",en,2025-02-15 04:55:40,"Ji, since yesterday. I am reporting that an illegal dumpsite is growing near the corner. the complaint has been logged in the app. please help.",ji since yesterday i am reporting that an illegal dumpsite is growing near the corner the complaint has been logged in the app please help,solid_waste,solid_waste
PGR202500244,ivr,2025-05-09 11:26:51,"Hi, since Monday. I am reporting that waterlogging is happening after even light rain. the complaint has been logged in the app. krupaya sahayya kara.",mr,2025-05-09 11:27:55,"Hi, since Monday. I am reporting that waterlogging is happening after even light rain. the complaint has been logged in the app. krupaya sahayya kara.",hi since monday i am reporting that waterlogging is happening after even light rain the complaint has been logged in the app krupaya sahayya kara,water_supply,water_supply
PGR202500245,portal,2025-05-06 07:28:58,"Good evening, since Monday. We are experiencing the public toilet is not functioning. the complaint has been logged in the app. garami madhe jalsankat aahe. krupaya sahayya kara.",mr,2025-05-06 07:29:09,"Good evening, since Monday. We are experiencing the public toilet is not functioning. the complaint has been logged in the app. garami madhe jalsankat aahe. krupaya sahayya kara.",good evening since monday we are experiencing the public toilet is not functioning the complaint has been logged in the app garami madhe jalsankat aahe krupaya sahayya kara,sanitation,sanitation
PGR202500246,portal,2025-02-13 15:59:58,"Hello, for two days. I am reporting that hawkers have encroached on the footpath. the complaint has been logged in the app. kripya madad kijiye.",hi,2025-02-13 16:01:31,"Hello, for two days. I am reporting that hawkers have encroached on the footpath. the complaint has been logged in the app. kripya madad kijiye.",hello for two days i am reporting that hawkers have encroached on the footpath the complaint has been logged in the app kripya madad kijiye,unknown,unknown
PGR202500247,portal,2025-05-25 14:57:22,"Good morning, since yesterday. a service request has no update. the complaint has been logged in the app. krupaya sahayya kara.",mr,2025-05-25 14:59:17,"Good morning, since yesterday. a service request has no update. the complaint has been logged in the app. krupaya sahayya kara.",good morning since yesterday a service request has no update the complaint has been logged in the app krupaya sahayya kara,grievance_general,grievance_general
PGR202500248,portal,2025-04-04 08:54:23,"Hello, for two days. I am reporting that the streetlight near our lane is not working. the complaint has been logged in the app. we also tried the IVR earlier. krupaya sahayya kara.",mr,2025-04-04 08:55:27,"Hello, for two days. I am reporting that the streetlight near our lane is not working. the complaint has been logged in the app. we also tried the IVR earlier. krupaya sahayya kara.",hello for two days i am reporting that the streetlight near our lane is not working the complaint has been logged in the app we also tried the ivr earlier krupaya sahayya kara,unknown,unknown
PGR202500249,mobile,2025-05-30 00:47:27,"Good evening, since last night. We are experiencing the tanker did not arrive today. we also tried the IVR earlier. please help.",en,2025-05-30 00:48:28,"Good evening, since last night. We are experiencing the tanker did not arrive today. we also tried the IVR earlier. please help.",good evening since last night we are experiencing the tanker did not arrive today we also tried the ivr earlier please help,water_supply,tanker_delay
PGR202500250,mobile,2025-02-07 05:48:39,"Good morning, for 48 hours. I am reporting that staff behaviour was unhelpful at the office. the complaint has been logged in the app. pani nahiye. krupaya sahayya kara.",mr,2025-02-07 05:50:07,"Good morning, for 48 hours. I am reporting that staff behaviour was unhelpful at the office. the complaint has been logged in the app. pani nahiye. krupaya sahayya kara.",good morning for 48 hours i am reporting that staff behaviour was unhelpful at the office the complaint has been logged in the app pani nahiye krupaya sahayya kara,grievance_general,grievance_general
PGR202500251,mobile,2025-02-27 22:02:36,"Hello, since yesterday. Residents are reporting hawkers have encroached on the footpath. dayavittu sahaya maadi.",kn,2025-02-27 22:04:33,"Hello, since yesterday. Residents are reporting hawkers have encroached on the footpath. dayavittu sahaya maadi.",hello since yesterday residents are reporting hawkers have encroached on the footpath dayavittu sahaya maadi,unknown,unknown
PGR202500252,mobile,2025-04-16 02:22:00,"Hi, for the past three days. Residents are reporting the septic tank has overflowed onto the street. please help.",en,2025-04-16 02:22:52,"Hi, for the past three days. Residents are reporting the septic tank has overflowed onto the street. please help.",hi for the past three days residents are reporting the septic tank has overflowed onto the street please help,drainage,drainage
PGR202500253,ivr,2025-03-01 05:36:38,"Hi, since last night. We are experiencing an illegal dumpsite is growing near the corner. the complaint has been logged in the app. paani nahi aa raha hai. kripya madad kijiye.",hi,2025-03-01 05:37:37,"Hi, since last night. We are experiencing an illegal dumpsite is growing near the corner. the complaint has been logged in the app. paani nahi aa raha hai. kripya madad kijiye.",hi since last night we are experiencing an illegal dumpsite is growing near the corner the complaint has been logged in the app paani nahi aa raha hai kripya madad kijiye,solid_waste,solid_waste
PGR202500254,mobile,2025-03-22 11:30:00,"Namaste, for almost a week. Residents are reporting tap pressure is very low. krupaya sahayya kara.",mr,2025-03-22 11:30:41,"Namaste, for almost a week. Residents are reporting tap pressure is very low. krupaya sahayya kara.",namaste for almost a week residents are reporting tap pressure is very low krupaya sahayya kara,water_supply,water_supply
PGR202500255,portal,2025-05-11 02:09:22,"Hello, for the past three days. the tanker did not arrive today. krupaya sahayya kara.",mr,2025-05-11 02:10:54,"Hello, for the past three days. the tanker did not arrive today. krupaya sahayya kara.",hello for the past three days the tanker did not arrive today krupaya sahayya kara,water_supply,tanker_delay
PGR202500256,csc,2025-02-22 16:17:13,"Good morning, for 48 hours. Residents are reporting staff behaviour was unhelpful at the office. the complaint has been logged in the app. please help.",en,2025-02-22 16:18:35,"Good morning, for 48 hours. Residents are reporting staff behaviour was unhelpful at the office. the complaint has been logged in the app. please help.",good morning for 48 hours residents are reporting staff behaviour was unhelpful at the office the complaint has been logged in the app please help,grievance_general,grievance_general
PGR202500257,csc,2025-05-13 15:43:49,"Ji, for almost a week. Residents are reporting there is no water in the tap. summer water crisis is likely so please plan supply. the complaint has been logged in the app. kripya madad kijiye.",hi,2025-05-13 15:44:57,"Ji, for almost a week. Residents are reporting there is no water in the tap. summer water crisis is likely so please plan supply. the complaint has been logged in the app. kripya madad kijiye.",ji for almost a week residents are reporting there is no water in the tap summer water crisis is likely so please plan supply the complaint has been logged in the app kripya madad kijiye,water_supply,no_supply
PGR202500258,portal,2025-02-16 12:15:02,"Namaste, for 48 hours. We are experiencing hawkers have encroached on the footpath. the complaint has been logged in the app. we also tried the IVR earlier. please help.",en,2025-02-16 12:15:43,"Namaste, for 48 hours. We are experiencing hawkers have encroached on the footpath. the complaint has been logged in the app. we also tried the IVR earlier. please help.",namaste for 48 hours we are experiencing hawkers have encroached on the footpath the complaint has been logged in the app we also tried the ivr earlier please help,unknown,unknown
PGR202500259,portal,2025-02-27 06:39:59,"Good morning, for the past three days. We are experiencing a loose cable is creating a hazard. the complaint has been logged in the app. krupaya sahayya kara.",mr,2025-02-27 06:40:09,"Good morning, for the past three days. We are experiencing a loose cable is creating a hazard. the complaint has been logged in the app. krupaya sahayya kara.",good morning for the past three days we are experiencing a loose cable is creating a hazard the complaint has been logged in the app krupaya sahayya kara,utilities_other,utilities_other
PGR202500260,whatsapp,2025-04-30 03:31:13,"Hi, since Monday. We are experiencing there is a strong smell from the open drain. krupaya sahayya kara.",mr,2025-04-30 03:31:49,"Hi, since Monday. We are experiencing there is a strong smell from the open drain. krupaya sahayya kara.",hi since monday we are experiencing there is a strong smell from the open drain krupaya sahayya kara,drainage,drainage
PGR202500261,portal,2025-05-31 00:32:21,"Namaste, in Nashik near Ward 19, since last night. We are experiencing there is no water in the tap. it feels like a drought and the borewell is almost dry. kripya madad kijiye.",hi,2025-05-31 00:32:49,"Namaste, in Nashik near Ward 19, since last night. We are experiencing there is no water in the tap. it feels like a drought and the borewell is almost dry. kripya madad kijiye.",namaste in nashik near ward 19 since last night we are experiencing there is no water in the tap it feels like a drought and the borewell is almost dry kripya madad kijiye,water_supply,no_supply
PGR202500262,csc,2025-02-26 14:08:04,"Hello, since yesterday. Residents are reporting garbage pickup has been missed repeatedly. please help.",en,2025-02-26 14:09:38,"Hello, since yesterday. Residents are reporting garbage pickup has been missed repeatedly. please help.",hello since yesterday residents are reporting garbage pickup has been missed repeatedly please help,solid_waste,solid_waste
PGR202500263,ivr,2025-03-17 23:58:26,"Hi, in Chandrapur, for 48 hours. Residents are reporting we need information on the process. we also tried the IVR earlier. krupaya sahayya kara.",mr,2025-03-17 23:58:38,"Hi, in Chandrapur, for 48 hours. Residents are reporting we need information on the process. we also tried the IVR earlier. krupaya sahayya kara.",hi in chandrapur for 48 hours residents are reporting we need information on the process we also tried the ivr earlier krupaya sahayya kara,grievance_general,grievance_general
PGR202500264,csc,2025-06-19 18:25:55,"Good morning, for two days. there is no water in the tap. we also tried the IVR earlier. please help.",en,2025-06-19 18:26:14,"Good morning, for two days. there is no water in the tap. we also tried the IVR earlier. please help.",good morning for two days there is no water in the tap we also tried the ivr earlier please help,water_supply,no_supply
PGR202500265,mobile,2025-06-29 10:51:39,"Ji, since last night. the septic tank has overflowed onto the street. summer water crisis is likely so please plan supply. the complaint has been logged in the app. please jaldi se kijiye. kripya madad kijiye.",hi,2025-06-29 10:52:24,"Ji, since last night. the septic tank has overflowed onto the street. summer water crisis is likely so please plan supply. the complaint has been logged in the app. please jaldi se kijiye. kripya madad kijiye.",ji since last night the septic tank has overflowed onto the street summer water crisis is likely so please plan supply the complaint has been logged in the app please jaldi se kijiye kripya madad kijiye,water_supply,water_supply
PGR202500266,portal,2025-04-29 03:49:11,"Hello, for two days. I am reporting that the public toilet is not functioning. the complaint has been logged in the app. krupaya sahayya kara.",mr,2025-04-29 03:50:16,"Hello, for two days. I am reporting that the public toilet is not functioning. the complaint has been logged in the app. krupaya sahayya kara.",hello for two days i am reporting that the public toilet is not functioning the complaint has been logged in the app krupaya sahayya kara,sanitation,sanitation
PGR202500267,mobile,2025-03-25 00:43:52,"Good morning, since yesterday. we suspect a pipeline leak nearby. pressure bahut kam hai. please help.",en,2025-03-25 00:44:33,"Good morning, since yesterday. we suspect a pipeline leak nearby. pressure bahut kam hai. please help.",good morning since yesterday we suspect a pipeline leak nearby pressure bahut kam hai please help,water_supply,water_supply
PGR202500268,portal,2025-05-03 20:49:36,"Good evening, since yesterday. I am reporting that the drain is blocked and water is stagnant. we also tried the IVR earlier. kripya madad kijiye.",hi,2025-05-03 20:51:18,"Good evening, since yesterday. I am reporting that the drain is blocked and water is stagnant. we also tried the IVR earlier. kripya madad kijiye.",good evening since yesterday i am reporting that the drain is blocked and water is stagnant we also tried the ivr earlier kripya madad kijiye,water_supply,water_supply
PGR202500269,whatsapp,2025-04-30 15:17:44,"Good evening, for two days. I am reporting that the whole stretch is dark after evening. the complaint has been logged in the app. we also tried the IVR earlier. kripya madad kijiye.",hi,2025-04-30 15:19:43,"Good evening, for two days. I am reporting that the whole stretch is dark after evening. the complaint has been logged in the app. we also tried the IVR earlier. kripya madad kijiye.",good evening for two days i am reporting that the whole stretch is dark after evening the complaint has been logged in the app we also tried the ivr earlier kripya madad kijiye,streetlights,streetlights
PGR202500270,portal,2025-03-17 05:06:39,"Ji, for two days. Residents are reporting resurfacing has been pending for many weeks. kripya madad kijiye.",hi,2025-03-17 05:07:09,"Ji, for two days. Residents are reporting resurfacing has been pending for many weeks. kripya madad kijiye.",ji for two days residents are reporting resurfacing has been pending for many weeks kripya madad kijiye,roads,roads
PGR202500271,portal,2025-02-04 10:05:38,"Good morning, for the past three days. Residents are reporting there are big potholes on the road. the complaint has been logged in the app. roz subah tap dry milta hai. kripya madad kijiye.",hi,2025-02-04 10:07:28,"Good morning, for the past three days. Residents are reporting there are big potholes on the road. the complaint has been logged in the app. roz subah tap dry milta hai. kripya madad kijiye.",good morning for the past three days residents are reporting there are big potholes on the road the complaint has been logged in the app roz subah tap dry milta hai kripya madad kijiye,roads,roads
PGR202500272,mobile,2025-02-23 17:23:37,"Hello, for almost a week. I am reporting that the community tap is dry in the morning. krupaya sahayya kara.",mr,2025-02-23 17:25:08,"Hello, for almost a week. I am reporting that the community tap is dry in the morning. krupaya sahayya kara.",hello for almost a week i am reporting that the community tap is dry in the morning krupaya sahayya kara,water_supply,water_supply
PGR202500273,whatsapp,2025-06-24 18:48:46,"Namaste, for 48 hours. the public toilet is not functioning. paani nahi aa raha hai. kripya madad kijiye.",hi,2025-06-24 18:50:45,"Namaste, for 48 hours. the public toilet is not functioning. paani nahi aa raha hai. kripya madad kijiye.",namaste for 48 hours the public toilet is not functioning paani nahi aa raha hai kripya madad kijiye,sanitation,sanitation
PGR202500274,mobile,2025-04-04 17:21:27,"Hi, for the past three days. Residents are reporting there is a strong smell from the open drain. please help.",en,2025-04-04 17:21:35,"Hi, for the past three days. Residents are reporting there is a strong smell from the open drain. please help.",hi for the past three days residents are reporting there is a strong smell from the open drain please help,drainage,drainage
PGR202500275,mobile,2025-04-14 08:17:32,"Hi, for the past three days. I am reporting that stray dogs are aggressive near the market. it feels like a drought and the borewell is almost dry. pani nahiye. krupaya sahayya kara.",mr,2025-04-14 08:18:14,"Hi, for the past three days. I am reporting that stray dogs are aggressive near the market. it feels like a drought and the borewell is almost dry. pani nahiye. krupaya sahayya kara.",hi for the past three days i am reporting that stray dogs are aggressive near the market it feels like a drought and the borewell is almost dry pani nahiye krupaya sahayya kara,public_health,public_health
PGR202500276,mobile,2025-04-12 01:35:13,"Good morning, for the past three days. Residents are reporting an old building has a dangerous cracked wall. the complaint has been logged in the app. we also tried the IVR earlier. please help.",en,2025-04-12 01:35:26,"Good morning, for the past three days. Residents are reporting an old building has a dangerous cracked wall. the complaint has been logged in the app. we also tried the IVR earlier. please help.",good morning for the past three days residents are reporting an old building has a dangerous cracked wall the complaint has been logged in the app we also tried the ivr earlier please help,building_safety,building_safety
PGR202500277,mobile,2025-05-29 09:50:47,"Good morning, since yesterday. We are experiencing the septic tank has overflowed onto the street. we also tried the IVR earlier. kirpa karke madad karo.",pa,2025-05-29 09:51:28,"Good morning, since yesterday. We are experiencing the septic tank has overflowed onto the street. we also tried the IVR earlier. kirpa karke madad karo.",good morning since yesterday we are experiencing the septic tank has overflowed onto the street we also tried the ivr earlier kirpa karke madad karo,drainage,drainage
PGR202500278,portal,2025-02-10 17:50:37,"Namaste, for two days. I am reporting that the grass is drying up because irrigation is off. the complaint has been logged in the app. we also tried the IVR earlier. dayavittu sahaya maadi.",kn,2025-02-10 17:51:54,"Namaste, for two days. I am reporting that the grass is drying up because irrigation is off. the complaint has been logged in the app. we also tried the IVR earlier. dayavittu sahaya maadi.",namaste for two days i am reporting that the grass is drying up because irrigation is off the complaint has been logged in the app we also tried the ivr earlier dayavittu sahaya maadi,unknown,unknown
PGR202500279,portal,2025-02-13 09:49:40,"Good evening, for the past three days. I am reporting that the tanker did not arrive today. the complaint has been logged in the app. kripya madad kijiye.",hi,2025-02-13 09:50:28,"Good evening, for the past three days. I am reporting that the tanker did not arrive today. the complaint has been logged in the app. kripya madad kijiye.",good evening for the past three days i am reporting that the tanker did not arrive today the complaint has been logged in the app kripya madad kijiye,water_supply,tanker_delay
PGR202500280,mobile,2025-03-14 09:03:00,"Namaste, in Nashik near Ward 13, for 48 hours. an electrical cabinet is open near the path. the complaint has been logged in the app. roz subah tap dry milta hai. kripya madad kijiye.",hi,2025-03-14 09:03:53,"Namaste, in Nashik near Ward 13, for 48 hours. an electrical cabinet is open near the path. the complaint has been logged in the app. roz subah tap dry milta hai. kripya madad kijiye.",namaste in nashik near ward 13 for 48 hours an electrical cabinet is open near the path the complaint has been logged in the app roz subah tap dry milta hai kripya madad kijiye,water_supply,water_supply
PGR202500281,mobile,2025-04-14 23:58:11,"Good morning, for 48 hours. Residents are reporting waterlogging is happening after even light rain. the complaint has been logged in the app. please help.",en,2025-04-14 23:58:48,"Good morning, for 48 hours. Residents are reporting waterlogging is happening after even light rain. the complaint has been logged in the app. please help.",good morning for 48 hours residents are reporting waterlogging is happening after even light rain the complaint has been logged in the app please help,water_supply,water_supply
PGR202500282,mobile,2025-05-12 16:02:46,"Hello, since yesterday. the grass is drying up because irrigation is off. pani ki kami ho rahi hai please arrange tankers. kripya madad kijiye.",hi,2025-05-12 16:03:03,"Hello, since yesterday. the grass is drying up because irrigation is off. pani ki kami ho rahi hai please arrange tankers. kripya madad kijiye.",hello since yesterday the grass is drying up because irrigation is off pani ki kami ho rahi hai please arrange tankers kripya madad kijiye,water_supply,tanker_delay
PGR202500283,mobile,2025-04-15 14:32:42,"Hello, for 48 hours. Residents are reporting a license check is required for these stalls. the complaint has been logged in the app. kirpa karke madad karo.",pa,2025-04-15 14:33:07,"Hello, for 48 hours. Residents are reporting a license check is required for these stalls. the complaint has been logged in the app. kirpa karke madad karo.",hello for 48 hours residents are reporting a license check is required for these stalls the complaint has been logged in the app kirpa karke madad karo,markets,markets
PGR202500284,mobile,2025-04-08 04:12:17,"Good evening, for almost a week. Residents are reporting an old building has a dangerous cracked wall. please help.",en,2025-04-08 04:13:39,"Good evening, for almost a week. Residents are reporting an old building has a dangerous cracked wall. please help.",good evening for almost a week residents are reporting an old building has a dangerous cracked wall please help,building_safety,building_safety
PGR202500285,portal,2025-06-21 16:10:29,"Ji, since Monday. Residents are reporting mosquito breeding is visible due to stagnant water. krupaya sahayya kara.",mr,2025-06-21 16:11:02,"Ji, since Monday. Residents are reporting mosquito breeding is visible due to stagnant water. krupaya sahayya kara.",ji since monday residents are reporting mosquito breeding is visible due to stagnant water krupaya sahayya kara,water_supply,water_supply
PGR202500286,mobile,2025-02-25 03:40:05,"Hi, since Monday. Residents are reporting the bin is overflowing and animals gather there. the complaint has been logged in the app. krupaya sahayya kara.",mr,2025-02-25 03:40:52,"Hi, since Monday. Residents are reporting the bin is overflowing and animals gather there. the complaint has been logged in the app. krupaya sahayya kara.",hi since monday residents are reporting the bin is overflowing and animals gather there the complaint has been logged in the app krupaya sahayya kara,drainage,drainage
PGR202500287,mobile,2025-04-27 18:13:14,"Hello, for 48 hours. garbage pickup has been missed repeatedly. the complaint has been logged in the app. barah e karam madad karein.",ur,2025-04-27 18:13:30,"Hello, for 48 hours. garbage pickup has been missed repeatedly. the complaint has been logged in the app. barah e karam madad karein.",hello for 48 hours garbage pickup has been missed repeatedly the complaint has been logged in the app barah e karam madad karein,solid_waste,solid_waste
PGR202500288,mobile,2025-04-23 08:04:50,"Good evening, for two days. I am reporting that resurfacing has been pending for many weeks. kripya madad kijiye.",hi,2025-04-23 08:06:09,"Good evening, for two days. I am reporting that resurfacing has been pending for many weeks. kripya madad kijiye.",good evening for two days i am reporting that resurfacing has been pending for many weeks kripya madad kijiye,roads,roads
PGR202500289,portal,2025-04-13 00:33:42,"Good evening, for almost a week. We are experiencing a service request has no update. pani ki kami ho rahi hai please arrange tankers. the complaint has been logged in the app. tanker kadi yetil. krupaya sahayya kara.",mr,2025-04-13 00:34:18,"Good evening, for almost a week. We are experiencing a service request has no update. pani ki kami ho rahi hai please arrange tankers. the complaint has been logged in the app. tanker kadi yetil. krupaya sahayya kara.",good evening for almost a week we are experiencing a service request has no update pani ki kami ho rahi hai please arrange tankers the complaint has been logged in the app tanker kadi yetil krupaya sahayya kara,water_supply,tanker_delay
PGR202500290,mobile,2025-06-02 03:21:02,"Ji, for 48 hours. Residents are reporting a loose cable is creating a hazard. the complaint has been logged in the app. we also tried the IVR earlier. kripya madad kijiye.",hi,2025-06-02 03:22:26,"Ji, for 48 hours. Residents are reporting a loose cable is creating a hazard. the complaint has been logged in the app. we also tried the IVR earlier. kripya madad kijiye.",ji for 48 hours residents are reporting a loose cable is creating a hazard the complaint has been logged in the app we also tried the ivr earlier kripya madad kijiye,utilities_other,utilities_other
PGR202500291,mobile,2025-03-13 01:06:44,"Good morning, for two days. the community tap is dry in the morning. pani ki kami ho rahi hai please arrange tankers. kripya madad kijiye.",hi,2025-03-13 01:07:41,"Good morning, for two days. the community tap is dry in the morning. pani ki kami ho rahi hai please arrange tankers. kripya madad kijiye.",good morning for two days the community tap is dry in the morning pani ki kami ho rahi hai please arrange tankers kripya madad kijiye,water_supply,tanker_delay
PGR202500292,ivr,2025-06-24 01:34:55,"Namaste, since last night. We are experiencing the road surface is broken at the crossing. krupaya sahayya kara.",mr,2025-06-24 01:36:09,"Namaste, since last night. We are experiencing the road surface is broken at the crossing. krupaya sahayya kara.",namaste since last night we are experiencing the road surface is broken at the crossing krupaya sahayya kara,roads,roads
PGR202500293,mobile,2025-03-22 17:38:53,"Namaste, for two days. an illegal dumpsite is growing near the corner. kripya madad kijiye.",hi,2025-03-22 17:40:10,"Namaste, for two days. an illegal dumpsite is growing near the corner. kripya madad kijiye.",namaste for two days an illegal dumpsite is growing near the corner kripya madad kijiye,solid_waste,solid_waste
PGR202500294,portal,2025-04-23 18:00:57,"Namaste, for two days. there are big potholes on the road. krupaya sahayya kara.",mr,2025-04-23 18:01:34,"Namaste, for two days. there are big potholes on the road. krupaya sahayya kara.",namaste for two days there are big potholes on the road krupaya sahayya kara,roads,roads
PGR202500295,portal,2025-04-20 02:25:13,"Hello, for the past three days. We are experiencing the public toilet is not functioning. krupaya sahayya kara.",mr,2025-04-20 02:26:18,"Hello, for the past three days. We are experiencing the public toilet is not functioning. krupaya sahayya kara.",hello for the past three days we are experiencing the public toilet is not functioning krupaya sahayya kara,sanitation,sanitation
PGR202500296,mobile,2025-06-08 11:12:00,"Hi, since last night. We are experiencing the signal is not working at the junction. the complaint has been logged in the app. krupaya sahayya kara.",mr,2025-06-08 11:12:27,"Hi, since last night. We are experiencing the signal is not working at the junction. the complaint has been logged in the app. krupaya sahayya kara.",hi since last night we are experiencing the signal is not working at the junction the complaint has been logged in the app krupaya sahayya kara,traffic,traffic
PGR202500297,portal,2025-04-07 20:04:52,"Hi, for two days. waterlogging is happening after even light rain. please help.",en,2025-04-07 20:05:47,"Hi, for two days. waterlogging is happening after even light rain. please help.",hi for two days waterlogging is happening after even light rain please help,water_supply,water_supply
PGR202500298,csc,2025-03-15 16:24:43,"Good morning, for almost a week. I am reporting that waterlogging is happening after even light rain. krupaya sahayya kara.",mr,2025-03-15 16:26:19,"Good morning, for almost a week. I am reporting that waterlogging is happening after even light rain. krupaya sahayya kara.",good morning for almost a week i am reporting that waterlogging is happening after even light rain krupaya sahayya kara,water_supply,water_supply
PGR202500299,csc,2025-02-04 05:48:12,"Hello, since Monday. We are experiencing garbage pickup has been missed repeatedly. the complaint has been logged in the app. we also tried the IVR earlier. please help.",en,2025-02-04 05:48:45,"Hello, since Monday. We are experiencing garbage pickup has been missed repeatedly. the complaint has been logged in the app. we also tried the IVR earlier. please help.",hello since monday we are experiencing garbage pickup has been missed repeatedly the complaint has been logged in the app we also tried the ivr earlier please help,solid_waste,solid_waste
PGR202500300,mobile,2025-03-27 13:14:29,"Hi, in Chandrapur near Ward 18, since yesterday. the signal is not working at the junction. the complaint has been logged in the app. krupaya sahayya kara.",mr,2025-03-27 13:14:49,"Hi, in Chandrapur near Ward 18, since yesterday. the signal is not working at the junction. the complaint has been logged in the app. krupaya sahayya kara.",hi in chandrapur near ward 18 since yesterday the signal is not working at the junction the complaint has been logged in the app krupaya sahayya kara,traffic,traffic
PGR202500301,mobile,2025-06-04 22:39:02,"Good evening, for 48 hours. the manhole is overflowing on the street. summer water crisis is likely so please plan supply. krupaya sahayya kara.",mr,2025-06-04 22:40:03,"Good evening, for 48 hours. the manhole is overflowing on the street. summer water crisis is likely so please plan supply. krupaya sahayya kara.",good evening for 48 hours the manhole is overflowing on the street summer water crisis is likely so please plan supply krupaya sahayya kara,water_supply,water_supply
PGR202500302,mobile,2025-02-02 11:41:53,"Namaste, since last night. Residents are reporting garbage pickup has been missed repeatedly. kripya madad kijiye.",hi,2025-02-02 11:42:47,"Namaste, since last night. Residents are reporting garbage pickup has been missed repeatedly. kripya madad kijiye.",namaste since last night residents are reporting garbage pickup has been missed repeatedly kripya madad kijiye,solid_waste,solid_waste
PGR202500303,portal,2025-06-15 10:10:42,"Good evening, since yesterday. an illegal dumpsite is growing near the corner. kripya madad kijiye.",hi,2025-06-15 10:12:37,"Good evening, since yesterday. an illegal dumpsite is growing near the corner. kripya madad kijiye.",good evening since yesterday an illegal dumpsite is growing near the corner kripya madad kijiye,solid_waste,solid_waste
PGR202500304,portal,2025-04-23 10:10:38,"Good evening, for two days. I am reporting that the manhole is overflowing on the street. the complaint has been logged in the app. krupaya sahayya kara.",mr,2025-04-23 10:11:46,"Good evening, for two days. I am reporting that the manhole is overflowing on the street. the complaint has been logged in the app. krupaya sahayya kara.",good evening for two days i am reporting that the manhole is overflowing on the street the complaint has been logged in the app krupaya sahayya kara,drainage,drainage
PGR202500305,mobile,2025-02-22 00:53:48,"Hello, for 48 hours. the pole looks damaged and wires are exposed. the complaint has been logged in the app. krupaya sahayya kara.",mr,2025-02-22 00:55:46,"Hello, for 48 hours. the pole looks damaged and wires are exposed. the complaint has been logged in the app. krupaya sahayya kara.",hello for 48 hours the pole looks damaged and wires are exposed the complaint has been logged in the app krupaya sahayya kara,streetlights,streetlights
PGR202500306,mobile,2025-03-18 07:50:43,"Good morning, for almost a week. tap pressure is very low. groundwater is very low this season. the complaint has been logged in the app. we also tried the IVR earlier. kripya madad kijiye.",hi,2025-03-18 07:51:58,"Good morning, for almost a week. tap pressure is very low. groundwater is very low this season. the complaint has been logged in the app. we also tried the IVR earlier. kripya madad kijiye.",good morning for almost a week tap pressure is very low groundwater is very low this season the complaint has been logged in the app we also tried the ivr earlier kripya madad kijiye,water_supply,water_supply
PGR202500307,whatsapp,2025-04-25 02:31:47,"Good evening, for the past three days. I am reporting that the whole stretch is dark after evening. kripya madad kijiye.",hi,2025-04-25 02:33:04,"Good evening, for the past three days. I am reporting that the whole stretch is dark after evening. kripya madad kijiye.",good evening for the past three days i am reporting that the whole stretch is dark after evening kripya madad kijiye,streetlights,streetlights
PGR202500308,mobile,2025-03-20 08:29:30,"Good morning, since yesterday. We are experiencing an old building has a dangerous cracked wall. please help.",en,2025-03-20 08:30:40,"Good morning, since yesterday. We are experiencing an old building has a dangerous cracked wall. please help.",good morning since yesterday we are experiencing an old building has a dangerous cracked wall please help,building_safety,building_safety
PGR202500309,portal,2025-02-17 06:52:21,"Good morning, for almost a week. I am reporting that the public toilet is not functioning. please help.",en,2025-02-17 06:52:56,"Good morning, for almost a week. I am reporting that the public toilet is not functioning. please help.",good morning for almost a week i am reporting that the public toilet is not functioning please help,sanitation,sanitation
PGR202500310,portal,2025-05-11 21:33:35,"Hi, for 48 hours. I am reporting that the pole looks damaged and wires are exposed. the complaint has been logged in the app. kripya madad kijiye.",hi,2025-05-11 21:34:10,"Hi, for 48 hours. I am reporting that the pole looks damaged and wires are exposed. the complaint has been logged in the app. kripya madad kijiye.",hi for 48 hours i am reporting that the pole looks damaged and wires are exposed the complaint has been logged in the app kripya madad kijiye,streetlights,streetlights
PGR202500311,mobile,2025-05-12 20:03:50,"Good evening, since last night. We are experiencing an electrical cabinet is open near the path. the complaint has been logged in the app. kripya madad kijiye.",hi,2025-05-12 20:04:04,"Good evening, since last night. We are experiencing an electrical cabinet is open near the path. the complaint has been logged in the app. kripya madad kijiye.",good evening since last night we are experiencing an electrical cabinet is open near the path the complaint has been logged in the app kripya madad kijiye,solid_waste,solid_waste
PGR202500312,mobile,2025-02-18 19:56:50,"Ji, in Aurangabad near Ward 10, since yesterday. tap pressure is very low. krupaya sahayya kara.",mr,2025-02-18 19:58:48,"Ji, in Aurangabad near Ward 10, since yesterday. tap pressure is very low. krupaya sahayya kara.",ji in aurangabad near ward 10 since yesterday tap pressure is very low krupaya sahayya kara,water_supply,water_supply
PGR202500313,mobile,2025-03-15 04:26:29,"Hi, for the past three days. Residents are reporting staff behaviour was unhelpful at the office. the complaint has been logged in the app. tanker kadi yetil. krupaya sahayya kara.",mr,2025-03-15 04:28:15,"Hi, for the past three days. Residents are reporting staff behaviour was unhelpful at the office. the complaint has been logged in the app. tanker kadi yetil. krupaya sahayya kara.",hi for the past three days residents are reporting staff behaviour was unhelpful at the office the complaint has been logged in the app tanker kadi yetil krupaya sahayya kara,water_supply,tanker_delay
PGR202500314,ivr,2025-03-09 13:56:37,"Good evening, for the past three days. play equipment is broken in the park. kripya madad kijiye.",hi,2025-03-09 13:57:33,"Good evening, for the past three days. play equipment is broken in the park. kripya madad kijiye.",good evening for the past three days play equipment is broken in the park kripya madad kijiye,parks,parks
PGR202500315,mobile,2025-05-10 21:55:16,"Good morning, since last night. Residents are reporting a service request has no update. the complaint has been logged in the app. krupaya sahayya kara.",mr,2025-05-10 21:56:03,"Good morning, since last night. Residents are reporting a service request has no update. the complaint has been logged in the app. krupaya sahayya kara.",good morning since last night residents are reporting a service request has no update the complaint has been logged in the app krupaya sahayya kara,grievance_general,grievance_general
PGR202500316,mobile,2025-05-21 13:03:50,"Good evening, for 48 hours. I am reporting that the bin is overflowing and animals gather there. roz subah tap dry milta hai. kripya madad kijiye.",hi,2025-05-21 13:05:20,"Good evening, for 48 hours. I am reporting that the bin is overflowing and animals gather there. roz subah tap dry milta hai. kripya madad kijiye.",good evening for 48 hours i am reporting that the bin is overflowing and animals gather there roz subah tap dry milta hai kripya madad kijiye,water_supply,water_supply
PGR202500317,mobile,2025-05-21 01:10:49,"Hi, for the past three days. Residents are reporting the bin is overflowing and animals gather there. the complaint has been logged in the app. please help.",en,2025-05-21 01:12:01,"Hi, for the past three days. Residents are reporting the bin is overflowing and animals gather there. the complaint has been logged in the app. please help.",hi for the past three days residents are reporting the bin is overflowing and animals gather there the complaint has been logged in the app please help,drainage,drainage
PGR202500318,mobile,2025-06-21 19:32:24,"Good evening, since last night. We are experiencing stray dogs are aggressive near the market. krupaya sahayya kara.",mr,2025-06-21 19:32:35,"Good evening, since last night. We are experiencing stray dogs are aggressive near the market. krupaya sahayya kara.",good evening since last night we are experiencing stray dogs are aggressive near the market krupaya sahayya kara,public_health,public_health
PGR202500319,portal,2025-05-27 07:07:50,"Namaste, for the past three days. I am reporting that the bin is overflowing and animals gather there. the complaint has been logged in the app. krupaya sahayya kara.",mr,2025-05-27 07:08:31,"Namaste, for the past three days. I am reporting that the bin is overflowing and animals gather there. the complaint has been logged in the app. krupaya sahayya kara.",namaste for the past three days i am reporting that the bin is overflowing and animals gather there the complaint has been logged in the app krupaya sahayya kara,drainage,drainage
PGR202500320,mobile,2025-03-21 02:26:45,"Good morning, for two days. We are experiencing the tanker did not arrive today. the complaint has been logged in the app. we also tried the IVR earlier. please help.",en,2025-03-21 02:28:17,"Good morning, for two days. We are experiencing the tanker did not arrive today. the complaint has been logged in the app. we also tried the IVR earlier. please help.",good morning for two days we are experiencing the tanker did not arrive today the complaint has been logged in the app we also tried the ivr earlier please help,water_supply,tanker_delay
PGR202500321,portal,2025-02-17 03:52:02,"Ji, for 48 hours. I am reporting that the drain is blocked and water is stagnant. the complaint has been logged in the app. barah e karam madad karein.",ur,2025-02-17 03:52:56,"Ji, for 48 hours. I am reporting that the drain is blocked and water is stagnant. the complaint has been logged in the app. barah e karam madad karein.",ji for 48 hours i am reporting that the drain is blocked and water is stagnant the complaint has been logged in the app barah e karam madad karein,water_supply,water_supply
PGR202500322,portal,2025-05-04 04:42:50,"Ji, since Monday. We are experiencing waterlogging is happening after even light rain. the complaint has been logged in the app. kripya madad kijiye.",hi,2025-05-04 04:43:25,"Ji, since Monday. We are experiencing waterlogging is happening after even light rain. the complaint has been logged in the app. kripya madad kijiye.",ji since monday we are experiencing waterlogging is happening after even light rain the complaint has been logged in the app kripya madad kijiye,water_supply,water_supply
PGR202500323,csc,2025-06-18 09:38:32,"Good evening, since last night. We are experiencing stray dogs are aggressive near the market. groundwater is very low this season. we also tried the IVR earlier. kripya madad kijiye.",hi,2025-06-18 09:39:38,"Good evening, since last night. We are experiencing stray dogs are aggressive near the market. groundwater is very low this season. we also tried the IVR earlier. kripya madad kijiye.",good evening since last night we are experiencing stray dogs are aggressive near the market groundwater is very low this season we also tried the ivr earlier kripya madad kijiye,water_supply,water_supply
PGR202500324,mobile,2025-06-27 06:33:31,"Namaste, for 48 hours. Residents are reporting tap pressure is very low. the complaint has been logged in the app. we also tried the IVR earlier. kripya madad kijiye.",hi,2025-06-27 06:34:49,"Namaste, for 48 hours. Residents are reporting tap pressure is very low. the complaint has been logged in the app. we also tried the IVR earlier. kripya madad kijiye.",namaste for 48 hours residents are reporting tap pressure is very low the complaint has been logged in the app we also tried the ivr earlier kripya madad kijiye,water_supply,water_supply
PGR202500325,ivr,2025-03-07 12:46:13,"Good morning, since Monday. We are experiencing tap pressure is very low. pani ki kami ho rahi hai please arrange tankers. the complaint has been logged in the app. krupaya sahayya kara.",mr,2025-03-07 12:46:31,"Good morning, since Monday. We are experiencing tap pressure is very low. pani ki kami ho rahi hai please arrange tankers. the complaint has been logged in the app. krupaya sahayya kara.",good morning since monday we are experiencing tap pressure is very low pani ki kami ho rahi hai please arrange tankers the complaint has been logged in the app krupaya sahayya kara,water_supply,tanker_delay
PGR202500326,portal,2025-03-08 11:14:22,"Namaste, for almost a week. We are experiencing waterlogging is happening after even light rain. the complaint has been logged in the app. we also tried the IVR earlier. kirpa karke madad karo.",pa,2025-03-08 11:15:03,"Namaste, for almost a week. We are experiencing waterlogging is happening after even light rain. the complaint has been logged in the app. we also tried the IVR earlier. kirpa karke madad karo.",namaste for almost a week we are experiencing waterlogging is happening after even light rain the complaint has been logged in the app we also tried the ivr earlier kirpa karke madad karo,water_supply,water_supply
PGR202500327,mobile,2025-02-06 14:41:06,"Ji, since yesterday. I am reporting that waterlogging is happening after even light rain. the complaint has been logged in the app. we also tried the IVR earlier. krupaya sahayya kara.",mr,2025-02-06 14:42:58,"Ji, since yesterday. I am reporting that waterlogging is happening after even light rain. the complaint has been logged in the app. we also tried the IVR earlier. krupaya sahayya kara.",ji since yesterday i am reporting that waterlogging is happening after even light rain the complaint has been logged in the app we also tried the ivr earlier krupaya sahayya kara,water_supply,water_supply
PGR202500328,csc,2025-02-22 04:32:37,"Good morning, for 48 hours. I am reporting that tap pressure is very low. the complaint has been logged in the app. loker madat kara. krupaya sahayya kara.",mr,2025-02-22 04:33:14,"Good morning, for 48 hours. I am reporting that tap pressure is very low. the complaint has been logged in the app. loker madat kara. krupaya sahayya kara.",good morning for 48 hours i am reporting that tap pressure is very low the complaint has been logged in the app loker madat kara krupaya sahayya kara,water_supply,water_supply
PGR202500329,ivr,2025-04-25 05:28:07,"Namaste, for the past three days. Residents are reporting the whole stretch is dark after evening. kripya madad kijiye.",hi,2025-04-25 05:28:58,"Namaste, for the past three days. Residents are reporting the whole stretch is dark after evening. kripya madad kijiye.",namaste for the past three days residents are reporting the whole stretch is dark after evening kripya madad kijiye,streetlights,streetlights
PGR202500330,mobile,2025-04-24 00:29:30,"Good evening, for the past three days. play equipment is broken in the park. tankers kab aayenge. kripya madad kijiye.",hi,2025-04-24 00:30:24,"Good evening, for the past three days. play equipment is broken in the park. tankers kab aayenge. kripya madad kijiye.",good evening for the past three days play equipment is broken in the park tankers kab aayenge kripya madad kijiye,parks,parks
PGR202500331,ivr,2025-03-28 15:19:12,"Namaste, for two days. Residents are reporting the wash area is broken and unclean. krupaya sahayya kara.",mr,2025-03-28 15:20:07,"Namaste, for two days. Residents are reporting the wash area is broken and unclean. krupaya sahayya kara.",namaste for two days residents are reporting the wash area is broken and unclean krupaya sahayya kara,unknown,unknown
PGR202500332,portal,2025-03-19 11:50:22,"Ji, since Monday. I am reporting that we need information on the process. kripya madad kijiye.",hi,2025-03-19 11:51:58,"Ji, since Monday. I am reporting that we need information on the process. kripya madad kijiye.",ji since monday i am reporting that we need information on the process kripya madad kijiye,grievance_general,grievance_general
PGR202500333,portal,2025-06-05 11:14:34,"Hello, for the past three days. we suspect a pipeline leak nearby. the complaint has been logged in the app. we also tried the IVR earlier. krupaya sahayya kara.",mr,2025-06-05 11:14:51,"Hello, for the past three days. we suspect a pipeline leak nearby. the complaint has been logged in the app. we also tried the IVR earlier. krupaya sahayya kara.",hello for the past three days we suspect a pipeline leak nearby the complaint has been logged in the app we also tried the ivr earlier krupaya sahayya kara,water_supply,water_supply
PGR202500334,whatsapp,2025-04-11 00:07:19,"Ji, for 48 hours. We are experiencing waterlogging is happening after even light rain. krupaya sahayya kara.",mr,2025-04-11 00:07:49,"Ji, for 48 hours. We are experiencing waterlogging is happening after even light rain. krupaya sahayya kara.",ji for 48 hours we are experiencing waterlogging is happening after even light rain krupaya sahayya kara,water_supply,water_supply
PGR202500335,mobile,2025-06-02 05:42:18,"Ji, since last night. We are experiencing a service request has no update. we also tried the IVR earlier. kripya madad kijiye.",hi,2025-06-02 05:43:51,"Ji, since last night. We are experiencing a service request has no update. we also tried the IVR earlier. kripya madad kijiye.",ji since last night we are experiencing a service request has no update we also tried the ivr earlier kripya madad kijiye,grievance_general,grievance_general
PGR202500336,csc,2025-06-25 11:33:44,"Hi, since last night. Residents are reporting hawkers have encroached on the footpath. the complaint has been logged in the app. krupaya sahayya kara.",mr,2025-06-25 11:35:24,"Hi, since last night. Residents are reporting hawkers have encroached on the footpath. the complaint has been logged in the app. krupaya sahayya kara.",hi since last night residents are reporting hawkers have encroached on the footpath the complaint has been logged in the app krupaya sahayya kara,unknown,unknown
PGR202500337,mobile,2025-03-20 13:41:59,"Namaste, since yesterday. We are experiencing the septic tank has overflowed onto the street. pani ki kami ho rahi hai please arrange tankers. please help.",en,2025-03-20 13:43:50,"Namaste, since yesterday. We are experiencing the septic tank has overflowed onto the street. pani ki kami ho rahi hai please arrange tankers. please help.",namaste since yesterday we are experiencing the septic tank has overflowed onto the street pani ki kami ho rahi hai please arrange tankers please help,water_supply,tanker_delay
PGR202500338,csc,2025-03-03 09:51:28,"Hi, for two days. I am reporting that the community tap is dry in the morning. summer water crisis is likely so please plan supply. the complaint has been logged in the app. garami madhe jalsankat aahe. krupaya sahayya kara.",mr,2025-03-03 09:53:04,"Hi, for two days. I am reporting that the community tap is dry in the morning. summer water crisis is likely so please plan supply. the complaint has been logged in the app. garami madhe jalsankat aahe. krupaya sahayya kara.",hi for two days i am reporting that the community tap is dry in the morning summer water crisis is likely so please plan supply the complaint has been logged in the app garami madhe jalsankat aahe krupaya sahayya kara,water_supply,water_supply
PGR202500339,portal,2025-06-23 22:26:15,"Good evening, since Monday. We are experiencing resurfacing has been pending for many weeks. the complaint has been logged in the app. please help.",en,2025-06-23 22:27:06,"Good evening, since Monday. We are experiencing resurfacing has been pending for many weeks. the complaint has been logged in the app. please help.",good evening since monday we are experiencing resurfacing has been pending for many weeks the complaint has been logged in the app please help,roads,roads
PGR202500340,mobile,2025-05-07 05:23:30,"Namaste, for two days. the bin is overflowing and animals gather there. the complaint has been logged in the app. paani nahi aa raha hai. kirpa karke madad karo.",pa,2025-05-07 05:23:44,"Namaste, for two days. the bin is overflowing and animals gather there. the complaint has been logged in the app. paani nahi aa raha hai. kirpa karke madad karo.",namaste for two days the bin is overflowing and animals gather there the complaint has been logged in the app paani nahi aa raha hai kirpa karke madad karo,drainage,drainage
PGR202500341,portal,2025-03-16 15:18:14,"Namaste, since yesterday. We are experiencing waterlogging is happening after even light rain. krupaya sahayya kara.",mr,2025-03-16 15:20:11,"Namaste, since yesterday. We are experiencing waterlogging is happening after even light rain. krupaya sahayya kara.",namaste since yesterday we are experiencing waterlogging is happening after even light rain krupaya sahayya kara,water_supply,water_supply
PGR202500342,mobile,2025-05-05 06:41:44,"Hello, since Monday. Residents are reporting there is no water in the tap. we also tried the IVR earlier. kripya madad kijiye.",hi,2025-05-05 06:42:20,"Hello, since Monday. Residents are reporting there is no water in the tap. we also tried the IVR earlier. kripya madad kijiye.",hello since monday residents are reporting there is no water in the tap we also tried the ivr earlier kripya madad kijiye,water_supply,no_supply
PGR202500343,mobile,2025-04-19 06:12:19,"Hi, for two days. a loose cable is creating a hazard. pani ki kami ho rahi hai please arrange tankers. the complaint has been logged in the app. krupaya sahayya kara.",mr,2025-04-19 06:13:48,"Hi, for two days. a loose cable is creating a hazard. pani ki kami ho rahi hai please arrange tankers. the complaint has been logged in the app. krupaya sahayya kara.",hi for two days a loose cable is creating a hazard pani ki kami ho rahi hai please arrange tankers the complaint has been logged in the app krupaya sahayya kara,water_supply,tanker_delay
PGR202500344,mobile,2025-06-16 19:54:56,"Hello, since yesterday. Residents are reporting play equipment is broken in the park. summer water crisis is likely so please plan supply. loker madat kara. krupaya sahayya kara.",mr,2025-06-16 19:55:33,"Hello, since yesterday. Residents are reporting play equipment is broken in the park. summer water crisis is likely so please plan supply. loker madat kara. krupaya sahayya kara.",hello since yesterday residents are reporting play equipment is broken in the park summer water crisis is likely so please plan supply loker madat kara krupaya sahayya kara,water_supply,water_supply
PGR202500345,mobile,2025-03-11 09:28:27,"Hi, since Monday. the wash area is broken and unclean. kirpa karke madad karo.",pa,2025-03-11 09:29:43,"Hi, since Monday. the wash area is broken and unclean. kirpa karke madad karo.",hi since monday the wash area is broken and unclean kirpa karke madad karo,unknown,unknown
PGR202500346,mobile,2025-06-29 16:58:40,"Namaste, for 48 hours. Residents are reporting the septic tank has overflowed onto the street. the complaint has been logged in the app. kripya madad kijiye.",hi,2025-06-29 16:58:51,"Namaste, for 48 hours. Residents are reporting the septic tank has overflowed onto the street. the complaint has been logged in the app. kripya madad kijiye.",namaste for 48 hours residents are reporting the septic tank has overflowed onto the street the complaint has been logged in the app kripya madad kijiye,drainage,drainage
PGR202500347,mobile,2025-06-21 09:45:23,"Ji, since last night. the public toilet is not functioning. krupaya sahayya kara.",mr,2025-06-21 09:46:17,"Ji, since last night. the public toilet is not functioning. krupaya sahayya kara.",ji since last night the public toilet is not functioning krupaya sahayya kara,sanitation,sanitation
PGR202500348,portal,2025-02-28 02:31:37,"Hello, for the past three days. We are experiencing the public toilet is not functioning. the complaint has been logged in the app. kripya madad kijiye.",hi,2025-02-28 02:32:21,"Hello, for the past three days. We are experiencing the public toilet is not functioning. the complaint has been logged in the app. kripya madad kijiye.",hello for the past three days we are experiencing the public toilet is not functioning the complaint has been logged in the app kripya madad kijiye,sanitation,sanitation
PGR202500349,portal,2025-02-25 16:35:17,"Hi, since yesterday. Residents are reporting there is a strong smell from the open drain. kripya madad kijiye.",hi,2025-02-25 16:35:47,"Hi, since yesterday. Residents are reporting there is a strong smell from the open drain. kripya madad kijiye.",hi since yesterday residents are reporting there is a strong smell from the open drain kripya madad kijiye,drainage,drainage
PGR202500350,portal,2025-04-21 23:21:52,"Good evening, since last night. the community tap is dry in the morning. the complaint has been logged in the app. we also tried the IVR earlier. tankers kab aayenge. kripya madad kijiye.",hi,2025-04-21 23:23:22,"Good evening, since last night. the community tap is dry in the morning. the complaint has been logged in the app. we also tried the IVR earlier. tankers kab aayenge. kripya madad kijiye.",good evening since last night the community tap is dry in the morning the complaint has been logged in the app we also tried the ivr earlier tankers kab aayenge kripya madad kijiye,water_supply,tanker_delay
PGR202500351,mobile,2025-02-07 17:40:41,"Good morning, since Monday. I am reporting that the bin is overflowing and animals gather there. we also tried the IVR earlier. kirpa karke madad karo.",pa,2025-02-07 17:42:01,"Good morning, since Monday. I am reporting that the bin is overflowing and animals gather there. we also tried the IVR earlier. kirpa karke madad karo.",good morning since monday i am reporting that the bin is overflowing and animals gather there we also tried the ivr earlier kirpa karke madad karo,drainage,drainage
PGR202500352,ivr,2025-03-17 19:40:21,"Good evening, since Monday. the wash area is broken and unclean. kripya madad kijiye.",hi,2025-03-17 19:41:33,"Good evening, since Monday. the wash area is broken and unclean. kripya madad kijiye.",good evening since monday the wash area is broken and unclean kripya madad kijiye,unknown,unknown
PGR202500353,portal,2025-04-07 06:20:57,"Good evening, for the past three days. I am reporting that the bin is overflowing and animals gather there. the complaint has been logged in the app. krupaya sahayya kara.",mr,2025-04-07 06:22:11,"Good evening, for the past three days. I am reporting that the bin is overflowing and animals gather there. the complaint has been logged in the app. krupaya sahayya kara.",good evening for the past three days i am reporting that the bin is overflowing and animals gather there the complaint has been logged in the app krupaya sahayya kara,drainage,drainage
PGR202500354,mobile,2025-06-26 09:44:37,"Good evening, for the past three days. Residents are reporting the manhole is overflowing on the street. the complaint has been logged in the app. please help.",en,2025-06-26 09:46:24,"Good evening, for the past three days. Residents are reporting the manhole is overflowing on the street. the complaint has been logged in the app. please help.",good evening for the past three days residents are reporting the manhole is overflowing on the street the complaint has been logged in the app please help,drainage,drainage
PGR202500355,mobile,2025-06-29 20:33:06,"Namaste, for two days. the wash area is broken and unclean. krupaya sahayya kara.",mr,2025-06-29 20:34:23,"Namaste, for two days. the wash area is broken and unclean. krupaya sahayya kara.",namaste for two days the wash area is broken and unclean krupaya sahayya kara,unknown,unknown
PGR202500356,portal,2025-02-23 17:32:37,"Good evening, for two days. Residents are reporting the manhole is overflowing on the street. the complaint has been logged in the app. krupaya sahayya kara.",mr,2025-02-23 17:32:54,"Good evening, for two days. Residents are reporting the manhole is overflowing on the street. the complaint has been logged in the app. krupaya sahayya kara.",good evening for two days residents are reporting the manhole is overflowing on the street the complaint has been logged in the app krupaya sahayya kara,drainage,drainage
PGR202500357,mobile,2025-06-14 18:02:16,"Ji, since Monday. I am reporting that a license check is required for these stalls. please help.",en,2025-06-14 18:03:53,"Ji, since Monday. I am reporting that a license check is required for these stalls. please help.",ji since monday i am reporting that a license check is required for these stalls please help,markets,markets
PGR202500358,portal,2025-02-14 15:20:37,"Hi, for almost a week. Residents are reporting staff behaviour was unhelpful at the office. we also tried the IVR earlier. krupaya sahayya kara.",mr,2025-02-14 15:21:02,"Hi, for almost a week. Residents are reporting staff behaviour was unhelpful at the office. we also tried the IVR earlier. krupaya sahayya kara.",hi for almost a week residents are reporting staff behaviour was unhelpful at the office we also tried the ivr earlier krupaya sahayya kara,grievance_general,grievance_general
PGR202500359,whatsapp,2025-05-24 06:59:19,"Ji, for almost a week. I am reporting that the community tap is dry in the morning. it feels like a drought and the borewell is almost dry. we also tried the IVR earlier. krupaya sahayya kara.",mr,2025-05-24 06:59:55,"Ji, for almost a week. I am reporting that the community tap is dry in the morning. it feels like a drought and the borewell is almost dry. we also tried the IVR earlier. krupaya sahayya kara.",ji for almost a week i am reporting that the community tap is dry in the morning it feels like a drought and the borewell is almost dry we also tried the ivr earlier krupaya sahayya kara,water_supply,water_supply
PGR202500360,mobile,2025-06-07 20:18:48,"Good evening, for almost a week. the manhole is overflowing on the street. kripya madad kijiye.",hi,2025-06-07 20:19:41,"Good evening, for almost a week. the manhole is overflowing on the street. kripya madad kijiye.",good evening for almost a week the manhole is overflowing on the street kripya madad kijiye,drainage,drainage
PGR202500361,mobile,2025-06-14 14:51:09,"Ji, since yesterday. I am reporting that garbage pickup has been missed repeatedly. the complaint has been logged in the app. kripya madad kijiye.",hi,2025-06-14 14:51:24,"Ji, since yesterday. I am reporting that garbage pickup has been missed repeatedly. the complaint has been logged in the app. kripya madad kijiye.",ji since yesterday i am reporting that garbage pickup has been missed repeatedly the complaint has been logged in the app kripya madad kijiye,solid_waste,solid_waste
PGR202500362,whatsapp,2025-03-06 12:18:16,"Namaste, for two days. I am reporting that a license check is required for these stalls. krupaya sahayya kara.",mr,2025-03-06 12:19:06,"Namaste, for two days. I am reporting that a license check is required for these stalls. krupaya sahayya kara.",namaste for two days i am reporting that a license check is required for these stalls krupaya sahayya kara,markets,markets
PGR202500363,portal,2025-06-15 00:24:27,"Hi, since last night. there is illegal construction on the terrace. the complaint has been logged in the app. krupaya sahayya kara.",mr,2025-06-15 00:24:41,"Hi, since last night. there is illegal construction on the terrace. the complaint has been logged in the app. krupaya sahayya kara.",hi since last night there is illegal construction on the terrace the complaint has been logged in the app krupaya sahayya kara,building_safety,building_safety
PGR202500364,mobile,2025-02-18 09:31:52,"Good morning, for two days. We are experiencing a license check is required for these stalls. the complaint has been logged in the app. krupaya sahayya kara.",mr,2025-02-18 09:33:31,"Good morning, for two days. We are experiencing a license check is required for these stalls. the complaint has been logged in the app. krupaya sahayya kara.",good morning for two days we are experiencing a license check is required for these stalls the complaint has been logged in the app krupaya sahayya kara,markets,markets
PGR202500365,ivr,2025-04-19 19:53:23,"Good morning, since Monday. We are experiencing the bin is overflowing and animals gather there. kripya madad kijiye.",hi,2025-04-19 19:53:46,"Good morning, since Monday. We are experiencing the bin is overflowing and animals gather there. kripya madad kijiye.",good morning since monday we are experiencing the bin is overflowing and animals gather there kripya madad kijiye,drainage,drainage
PGR202500366,ivr,2025-04-12 10:21:46,"Ji, for 48 hours. We are experiencing waterlogging is happening after even light rain. krupaya sahayya kara.",mr,2025-04-12 10:22:31,"Ji, for 48 hours. We are experiencing waterlogging is happening after even light rain. krupaya sahayya kara.",ji for 48 hours we are experiencing waterlogging is happening after even light rain krupaya sahayya kara,water_supply,water_supply
PGR202500367,portal,2025-03-20 09:20:40,"Good evening, since Monday. We are experiencing a service request has no update. the complaint has been logged in the app. krupaya sahayya kara.",mr,2025-03-20 09:22:18,"Good evening, since Monday. We are experiencing a service request has no update. the complaint has been logged in the app. krupaya sahayya kara.",good evening since monday we are experiencing a service request has no update the complaint has been logged in the app krupaya sahayya kara,grievance_general,grievance_general
PGR202500368,portal,2025-02-04 07:36:39,"Hello, since yesterday. Residents are reporting garbage pickup has been missed repeatedly. the complaint has been logged in the app. please jaldi se kijiye. please help.",en,2025-02-04 07:37:11,"Hello, since yesterday. Residents are reporting garbage pickup has been missed repeatedly. the complaint has been logged in the app. please jaldi se kijiye. please help.",hello since yesterday residents are reporting garbage pickup has been missed repeatedly the complaint has been logged in the app please jaldi se kijiye please help,solid_waste,solid_waste
PGR202500369,mobile,2025-05-27 19:14:40,"Good morning, for almost a week. I am reporting that the bin is overflowing and animals gather there. the complaint has been logged in the app. we also tried the IVR earlier. kripya madad kijiye.",hi,2025-05-27 19:15:10,"Good morning, for almost a week. I am reporting that the bin is overflowing and animals gather there. the complaint has been logged in the app. we also tried the IVR earlier. kripya madad kijiye.",good morning for almost a week i am reporting that the bin is overflowing and animals gather there the complaint has been logged in the app we also tried the ivr earlier kripya madad kijiye,drainage,drainage
PGR202500370,mobile,2025-03-23 08:06:03,"Hi, for two days. we suspect a pipeline leak nearby. groundwater is very low this season. krupaya sahayya kara.",mr,2025-03-23 08:07:21,"Hi, for two days. we suspect a pipeline leak nearby. groundwater is very low this season. krupaya sahayya kara.",hi for two days we suspect a pipeline leak nearby groundwater is very low this season krupaya sahayya kara,water_supply,water_supply
PGR202500371,portal,2025-05-11 05:58:49,"Hi, in Nashik near Ward 19, since last night. a license check is required for these stalls. the complaint has been logged in the app. krupaya sahayya kara.",mr,2025-05-11 05:59:25,"Hi, in Nashik near Ward 19, since last night. a license check is required for these stalls. the complaint has been logged in the app. krupaya sahayya kara.",hi in nashik near ward 19 since last night a license check is required for these stalls the complaint has been logged in the app krupaya sahayya kara,markets,markets
PGR202500372,mobile,2025-04-03 12:47:29,"Good evening, since Monday. We are experiencing there is illegal construction on the terrace. krupaya sahayya kara.",mr,2025-04-03 12:48:13,"Good evening, since Monday. We are experiencing there is illegal construction on the terrace. krupaya sahayya kara.",good evening since monday we are experiencing there is illegal construction on the terrace krupaya sahayya kara,building_safety,building_safety
PGR202500373,portal,2025-03-29 01:10:03,"Hello, for two days. I am reporting that the drain is blocked and water is stagnant. kripya madad kijiye.",hi,2025-03-29 01:10:25,"Hello, for two days. I am reporting that the drain is blocked and water is stagnant. kripya madad kijiye.",hello for two days i am reporting that the drain is blocked and water is stagnant kripya madad kijiye,water_supply,water_supply
PGR202500374,csc,2025-06-13 22:39:54,"Good evening, since Monday. We are experiencing the wash area is broken and unclean. the complaint has been logged in the app. krupaya sahayya kara.",mr,2025-06-13 22:41:35,"Good evening, since Monday. We are experiencing the wash area is broken and unclean. the complaint has been logged in the app. krupaya sahayya kara.",good evening since monday we are experiencing the wash area is broken and unclean the complaint has been logged in the app krupaya sahayya kara,unknown,unknown
PGR202500375,mobile,2025-02-15 04:04:47,"Hi, for almost a week. Residents are reporting the drain is blocked and water is stagnant. we also tried the IVR earlier. please help.",en,2025-02-15 04:06:39,"Hi, for almost a week. Residents are reporting the drain is blocked and water is stagnant. we also tried the IVR earlier. please help.",hi for almost a week residents are reporting the drain is blocked and water is stagnant we also tried the ivr earlier please help,water_supply,water_supply
PGR202500376,portal,2025-05-22 11:49:20,"Good morning, for the past three days. We are experiencing the grass is drying up because irrigation is off. the complaint has been logged in the app. krupaya sahayya kara.",mr,2025-05-22 11:50:37,"Good morning, for the past three days. We are experiencing the grass is drying up because irrigation is off. the complaint has been logged in the app. krupaya sahayya kara.",good morning for the past three days we are experiencing the grass is drying up because irrigation is off the complaint has been logged in the app krupaya sahayya kara,unknown,unknown
PGR202500377,mobile,2025-05-24 00:26:32,"Hello, for two days. mosquito breeding is visible due to stagnant water. we also tried the IVR earlier. krupaya sahayya kara.",mr,2025-05-24 00:27:00,"Hello, for two days. mosquito breeding is visible due to stagnant water. we also tried the IVR earlier. krupaya sahayya kara.",hello for two days mosquito breeding is visible due to stagnant water we also tried the ivr earlier krupaya sahayya kara,water_supply,water_supply
PGR202500378,ivr,2025-03-29 23:58:08,"Hi, since Monday. we need information on the process. groundwater is very low this season. kripya madad kijiye.",hi,2025-03-29 23:59:59,"Hi, since Monday. we need information on the process. groundwater is very low this season. kripya madad kijiye.",hi since monday we need information on the process groundwater is very low this season kripya madad kijiye,water_supply,water_supply
PGR202500379,mobile,2025-03-12 08:51:28,"Hello, in Nashik near Ward 14, since yesterday. We are experiencing garbage pickup has been missed repeatedly. please help.",en,2025-03-12 08:52:39,"Hello, in Nashik near Ward 14, since yesterday. We are experiencing garbage pickup has been missed repeatedly. please help.",hello in nashik near ward 14 since yesterday we are experiencing garbage pickup has been missed repeatedly please help,solid_waste,solid_waste
PGR202500380,portal,2025-02-01 19:06:19,"Good evening, for two days. We are experiencing the bin is overflowing and animals gather there. dayavittu sahaya maadi.",kn,2025-02-01 19:07:07,"Good evening, for two days. We are experiencing the bin is overflowing and animals gather there. dayavittu sahaya maadi.",good evening for two days we are experiencing the bin is overflowing and animals gather there dayavittu sahaya maadi,drainage,drainage
PGR202500381,portal,2025-06-21 12:31:37,"Hi, for almost a week. there is no water in the tap. kirpa karke madad karo.",pa,2025-06-21 12:32:47,"Hi, for almost a week. there is no water in the tap. kirpa karke madad karo.",hi for almost a week there is no water in the tap kirpa karke madad karo,water_supply,no_supply
PGR202500382,mobile,2025-06-23 03:49:58,"Ji, since yesterday. Residents are reporting the drain is blocked and water is stagnant. we also tried the IVR earlier. krupaya sahayya kara.",mr,2025-06-23 03:50:20,"Ji, since yesterday. Residents are reporting the drain is blocked and water is stagnant. we also tried the IVR earlier. krupaya sahayya kara.",ji since yesterday residents are reporting the drain is blocked and water is stagnant we also tried the ivr earlier krupaya sahayya kara,water_supply,water_supply
PGR202500383,portal,2025-03-09 03:29:38,"Hello, for the past three days. Residents are reporting we suspect a pipeline leak nearby. tankers kab aayenge. kripya madad kijiye.",hi,2025-03-09 03:31:04,"Hello, for the past three days. Residents are reporting we suspect a pipeline leak nearby. tankers kab aayenge. kripya madad kijiye.",hello for the past three days residents are reporting we suspect a pipeline leak nearby tankers kab aayenge kripya madad kijiye,water_supply,tanker_delay
PGR202500384,portal,2025-02-05 18:52:47,"Namaste, since last night. Residents are reporting waterlogging is happening after even light rain. kripya madad kijiye.",hi,2025-02-05 18:53:00,"Namaste, since last night. Residents are reporting waterlogging is happening after even light rain. kripya madad kijiye.",namaste since last night residents are reporting waterlogging is happening after even light rain kripya madad kijiye,water_supply,water_supply
PGR202500385,portal,2025-02-19 09:55:42,"Ji, since last night. We are experiencing the signal is not working at the junction. summer water crisis is likely so please plan supply. please help.",en,2025-02-19 09:56:29,"Ji, since last night. We are experiencing the signal is not working at the junction. summer water crisis is likely so please plan supply. please help.",ji since last night we are experiencing the signal is not working at the junction summer water crisis is likely so please plan supply please help,water_supply,water_supply
PGR202500386,csc,2025-02-11 03:30:51,"Hello, in Chandrapur near Ward 17, for 48 hours. Residents are reporting the whole stretch is dark after evening. the complaint has been logged in the app. krupaya sahayya kara.",mr,2025-02-11 03:31:10,"Hello, in Chandrapur near Ward 17, for 48 hours. Residents are reporting the whole stretch is dark after evening. the complaint has been logged in the app. krupaya sahayya kara.",hello in chandrapur near ward 17 for 48 hours residents are reporting the whole stretch is dark after evening the complaint has been logged in the app krupaya sahayya kara,streetlights,streetlights
PGR202500387,whatsapp,2025-06-05 16:00:19,"Good morning, for almost a week. Residents are reporting staff behaviour was unhelpful at the office. the complaint has been logged in the app. kripya madad kijiye.",hi,2025-06-05 16:01:14,"Good morning, for almost a week. Residents are reporting staff behaviour was unhelpful at the office. the complaint has been logged in the app. kripya madad kijiye.",good morning for almost a week residents are reporting staff behaviour was unhelpful at the office the complaint has been logged in the app kripya madad kijiye,grievance_general,grievance_general
PGR202500388,portal,2025-06-14 18:52:51,"Good evening, since Monday. stray dogs are aggressive near the market. the complaint has been logged in the app. kripya madad kijiye.",hi,2025-06-14 18:53:57,"Good evening, since Monday. stray dogs are aggressive near the market. the complaint has been logged in the app. kripya madad kijiye.",good evening since monday stray dogs are aggressive near the market the complaint has been logged in the app kripya madad kijiye,public_health,public_health
PGR202500389,portal,2025-02-23 23:49:24,"Hello, for the past three days. We are experiencing a service request has no update. the complaint has been logged in the app. barah e karam madad karein.",ur,2025-02-23 23:50:36,"Hello, for the past three days. We are experiencing a service request has no update. the complaint has been logged in the app. barah e karam madad karein.",hello for the past three days we are experiencing a service request has no update the complaint has been logged in the app barah e karam madad karein,grievance_general,grievance_general
PGR202500390,mobile,2025-05-24 00:15:42,"Ji, for 48 hours. there are big potholes on the road. the complaint has been logged in the app. pressure bahut kam hai. please help.",en,2025-05-24 00:17:12,"Ji, for 48 hours. there are big potholes on the road. the complaint has been logged in the app. pressure bahut kam hai. please help.",ji for 48 hours there are big potholes on the road the complaint has been logged in the app pressure bahut kam hai please help,roads,roads
PGR202500391,csc,2025-02-27 21:21:57,"Hi, in Aurangabad near Ward 14, since last night. there are big potholes on the road. kirpa karke madad karo.",pa,2025-02-27 21:22:17,"Hi, in Aurangabad near Ward 14, since last night. there are big potholes on the road. kirpa karke madad karo.",hi in aurangabad near ward 14 since last night there are big potholes on the road kirpa karke madad karo,roads,roads
PGR202500392,portal,2025-03-28 01:57:08,"Good morning, for the past three days. the septic tank has overflowed onto the street. kripya madad kijiye.",hi,2025-03-28 01:57:40,"Good morning, for the past three days. the septic tank has overflowed onto the street. kripya madad kijiye.",good morning for the past three days the septic tank has overflowed onto the street kripya madad kijiye,drainage,drainage
PGR202500393,portal,2025-05-01 21:46:40,"Namaste, for two days. We are experiencing the public toilet is not functioning. the complaint has been logged in the app. please help.",en,2025-05-01 21:47:59,"Namaste, for two days. We are experiencing the public toilet is not functioning. the complaint has been logged in the app. please help.",namaste for two days we are experiencing the public toilet is not functioning the complaint has been logged in the app please help,sanitation,sanitation
PGR202500394,mobile,2025-05-19 23:44:10,"Good evening, for almost a week. Residents are reporting there are big potholes on the road. summer water crisis is likely so please plan supply. please help.",en,2025-05-19 23:44:55,"Good evening, for almost a week. Residents are reporting there are big potholes on the road. summer water crisis is likely so please plan supply. please help.",good evening for almost a week residents are reporting there are big potholes on the road summer water crisis is likely so please plan supply please help,water_supply,water_supply
PGR202500395,ivr,2025-06-12 04:25:23,"Good morning, since last night. Residents are reporting a service request has no update. krupaya sahayya kara.",mr,2025-06-12 04:26:27,"Good morning, since last night. Residents are reporting a service request has no update. krupaya sahayya kara.",good morning since last night residents are reporting a service request has no update krupaya sahayya kara,grievance_general,grievance_general
PGR202500396,mobile,2025-02-07 17:13:31,"Hello, since last night. We are experiencing garbage pickup has been missed repeatedly. the complaint has been logged in the app. we also tried the IVR earlier. kripya madad kijiye.",hi,2025-02-07 17:14:05,"Hello, since last night. We are experiencing garbage pickup has been missed repeatedly. the complaint has been logged in the app. we also tried the IVR earlier. kripya madad kijiye.",hello since last night we are experiencing garbage pickup has been missed repeatedly the complaint has been logged in the app we also tried the ivr earlier kripya madad kijiye,solid_waste,solid_waste
PGR202500397,portal,2025-03-02 11:09:53,"Hello, for 48 hours. We are experiencing an electrical cabinet is open near the path. kripya madad kijiye.",hi,2025-03-02 11:11:06,"Hello, for 48 hours. We are experiencing an electrical cabinet is open near the path. kripya madad kijiye.",hello for 48 hours we are experiencing an electrical cabinet is open near the path kripya madad kijiye,solid_waste,solid_waste
PGR202500398,mobile,2025-03-15 01:49:51,"Good morning, since Monday. I am reporting that play equipment is broken in the park. pani ki kami ho rahi hai please arrange tankers. the complaint has been logged in the app. we also tried the IVR earlier. paani nahi aa raha hai. please help.",en,2025-03-15 01:50:22,"Good morning, since Monday. I am reporting that play equipment is broken in the park. pani ki kami ho rahi hai please arrange tankers. the complaint has been logged in the app. we also tried the IVR earlier. paani nahi aa raha hai. please help.",good morning since monday i am reporting that play equipment is broken in the park pani ki kami ho rahi hai please arrange tankers the complaint has been logged in the app we also tried the ivr earlier paani nahi aa raha hai please help,parks,parks
PGR202500399,whatsapp,2025-03-19 13:09:54,"Good morning, since last night. Residents are reporting stray dogs are aggressive near the market. pani ki kami ho rahi hai please arrange tankers. the complaint has been logged in the app. kripya madad kijiye.",hi,2025-03-19 13:11:41,"Good morning, since last night. Residents are reporting stray dogs are aggressive near the market. pani ki kami ho rahi hai please arrange tankers. the complaint has been logged in the app. kripya madad kijiye.",good morning since last night residents are reporting stray dogs are aggressive near the market pani ki kami ho rahi hai please arrange tankers the complaint has been logged in the app kripya madad kijiye,water_supply,tanker_delay
PGR202500400,mobile,2025-06-30 16:54:00,"Hello, for the past three days. the manhole is overflowing on the street. the complaint has been logged in the app. please help.",en,2025-06-30 16:54:33,"Hello, for the past three days. the manhole is overflowing on the street. the complaint has been logged in the app. please help.",hello for the past three days the manhole is overflowing on the street the complaint has been logged in the app please help,drainage,drainage
PGR202500401,mobile,2025-05-28 14:39:25,"Good evening, since Monday. Residents are reporting there is illegal construction on the terrace. the complaint has been logged in the app. krupaya sahayya kara.",mr,2025-05-28 14:39:44,"Good evening, since Monday. Residents are reporting there is illegal construction on the terrace. the complaint has been logged in the app. krupaya sahayya kara.",good evening since monday residents are reporting there is illegal construction on the terrace the complaint has been logged in the app krupaya sahayya kara,building_safety,building_safety
PGR202500402,ivr,2025-03-21 01:30:06,"Good evening, since Monday. We are experiencing there is no water in the tap. please help.",en,2025-03-21 01:30:21,"Good evening, since Monday. We are experiencing there is no water in the tap. please help.",good evening since monday we are experiencing there is no water in the tap please help,water_supply,no_supply
PGR202500403,ivr,2025-06-26 18:34:29,"Good evening, in Chandrapur near Ward 05, since last night. We are experiencing the drain is blocked and water is stagnant. kripya madad kijiye.",hi,2025-06-26 18:34:43,"Good evening, in Chandrapur near Ward 05, since last night. We are experiencing the drain is blocked and water is stagnant. kripya madad kijiye.",good evening in chandrapur near ward 05 since last night we are experiencing the drain is blocked and water is stagnant kripya madad kijiye,water_supply,water_supply
PGR202500404,mobile,2025-04-16 21:30:18,"Good morning, in Aurangabad near Ward 02, for almost a week. the road surface is broken at the crossing. kripya madad kijiye.",hi,2025-04-16 21:30:50,"Good morning, in Aurangabad near Ward 02, for almost a week. the road surface is broken at the crossing. kripya madad kijiye.",good morning in aurangabad near ward 02 for almost a week the road surface is broken at the crossing kripya madad kijiye,roads,roads
PGR202500405,portal,2025-04-17 02:40:05,"Namaste, for 48 hours. We are experiencing the community tap is dry in the morning. it feels like a drought and the borewell is almost dry. the complaint has been logged in the app. kripya madad kijiye.",hi,2025-04-17 02:40:26,"Namaste, for 48 hours. We are experiencing the community tap is dry in the morning. it feels like a drought and the borewell is almost dry. the complaint has been logged in the app. kripya madad kijiye.",namaste for 48 hours we are experiencing the community tap is dry in the morning it feels like a drought and the borewell is almost dry the complaint has been logged in the app kripya madad kijiye,water_supply,water_supply
PGR202500406,portal,2025-04-07 01:18:56,"Hello, since yesterday. We are experiencing mosquito breeding is visible due to stagnant water. summer water crisis is likely so please plan supply. the complaint has been logged in the app. krupaya sahayya kara.",mr,2025-04-07 01:20:30,"Hello, since yesterday. We are experiencing mosquito breeding is visible due to stagnant water. summer water crisis is likely so please plan supply. the complaint has been logged in the app. krupaya sahayya kara.",hello since yesterday we are experiencing mosquito breeding is visible due to stagnant water summer water crisis is likely so please plan supply the complaint has been logged in the app krupaya sahayya kara,water_supply,water_supply
PGR202500407,ivr,2025-02-22 14:01:51,"Good morning, since yesterday. Residents are reporting the grass is drying up because irrigation is off. we also tried the IVR earlier. krupaya sahayya kara.",mr,2025-02-22 14:02:21,"Good morning, since yesterday. Residents are reporting the grass is drying up because irrigation is off. we also tried the IVR earlier. krupaya sahayya kara.",good morning since yesterday residents are reporting the grass is drying up because irrigation is off we also tried the ivr earlier krupaya sahayya kara,unknown,unknown
PGR202500408,mobile,2025-06-21 03:44:26,"Namaste, for the past three days. I am reporting that there is no water in the tap. it feels like a drought and the borewell is almost dry. kripya madad kijiye.",hi,2025-06-21 03:45:05,"Namaste, for the past three days. I am reporting that there is no water in the tap. it feels like a drought and the borewell is almost dry. kripya madad kijiye.",namaste for the past three days i am reporting that there is no water in the tap it feels like a drought and the borewell is almost dry kripya madad kijiye,water_supply,no_supply
PGR202500409,portal,2025-02-03 02:10:14,"Namaste, for almost a week. Residents are reporting play equipment is broken in the park. the complaint has been logged in the app. kirpa karke madad karo.",pa,2025-02-03 02:10:34,"Namaste, for almost a week. Residents are reporting play equipment is broken in the park. the complaint has been logged in the app. kirpa karke madad karo.",namaste for almost a week residents are reporting play equipment is broken in the park the complaint has been logged in the app kirpa karke madad karo,parks,parks
PGR202500410,portal,2025-02-27 03:24:09,"Namaste, for almost a week. Residents are reporting the pole looks damaged and wires are exposed. please jaldi se kijiye. please help.",en,2025-02-27 03:24:55,"Namaste, for almost a week. Residents are reporting the pole looks damaged and wires are exposed. please jaldi se kijiye. please help.",namaste for almost a week residents are reporting the pole looks damaged and wires are exposed please jaldi se kijiye please help,streetlights,streetlights
PGR202500411,portal,2025-03-07 10:45:41,"Good morning, for two days. Residents are reporting illegal parking is blocking the lane. the complaint has been logged in the app. we also tried the IVR earlier. krupaya sahayya kara.",mr,2025-03-07 10:47:25,"Good morning, for two days. Residents are reporting illegal parking is blocking the lane. the complaint has been logged in the app. we also tried the IVR earlier. krupaya sahayya kara.",good morning for two days residents are reporting illegal parking is blocking the lane the complaint has been logged in the app we also tried the ivr earlier krupaya sahayya kara,parks,parks
PGR202500412,csc,2025-03-14 21:28:15,"Hi, since yesterday. We are experiencing the manhole is overflowing on the street. the complaint has been logged in the app. krupaya sahayya kara.",mr,2025-03-14 21:28:56,"Hi, since yesterday. We are experiencing the manhole is overflowing on the street. the complaint has been logged in the app. krupaya sahayya kara.",hi since yesterday we are experiencing the manhole is overflowing on the street the complaint has been logged in the app krupaya sahayya kara,drainage,drainage
PGR202500413,portal,2025-02-20 18:33:35,"Hi, for almost a week. Residents are reporting the manhole is overflowing on the street. we also tried the IVR earlier. kripya madad kijiye.",hi,2025-02-20 18:34:26,"Hi, for almost a week. Residents are reporting the manhole is overflowing on the street. we also tried the IVR earlier. kripya madad kijiye.",hi for almost a week residents are reporting the manhole is overflowing on the street we also tried the ivr earlier kripya madad kijiye,drainage,drainage
PGR202500414,mobile,2025-02-03 16:39:39,"Good morning, since last night. We are experiencing we suspect a pipeline leak nearby. please help.",en,2025-02-03 16:40:02,"Good morning, since last night. We are experiencing we suspect a pipeline leak nearby. please help.",good morning since last night we are experiencing we suspect a pipeline leak nearby please help,water_supply,water_supply
PGR202500415,ivr,2025-05-13 15:34:15,"Hi, for 48 hours. Residents are reporting we need information on the process. groundwater is very low this season. the complaint has been logged in the app. tankers kab aayenge. please help.",en,2025-05-13 15:35:16,"Hi, for 48 hours. Residents are reporting we need information on the process. groundwater is very low this season. the complaint has been logged in the app. tankers kab aayenge. please help.",hi for 48 hours residents are reporting we need information on the process groundwater is very low this season the complaint has been logged in the app tankers kab aayenge please help,water_supply,tanker_delay
PGR202500416,ivr,2025-06-26 09:30:55,"Namaste, for 48 hours. We are experiencing there is no water in the tap. krupaya sahayya kara.",mr,2025-06-26 09:32:00,"Namaste, for 48 hours. We are experiencing there is no water in the tap. krupaya sahayya kara.",namaste for 48 hours we are experiencing there is no water in the tap krupaya sahayya kara,water_supply,no_supply
PGR202500417,csc,2025-02-19 06:35:49,"Hello, for two days. We are experiencing the septic tank has overflowed onto the street. the complaint has been logged in the app. kripya madad kijiye.",hi,2025-02-19 06:36:04,"Hello, for two days. We are experiencing the septic tank has overflowed onto the street. the complaint has been logged in the app. kripya madad kijiye.",hello for two days we are experiencing the septic tank has overflowed onto the street the complaint has been logged in the app kripya madad kijiye,drainage,drainage
PGR202500418,mobile,2025-03-17 11:31:35,"Good morning, for the past three days. tap pressure is very low. the complaint has been logged in the app. krupaya sahayya kara.",mr,2025-03-17 11:31:46,"Good morning, for the past three days. tap pressure is very low. the complaint has been logged in the app. krupaya sahayya kara.",good morning for the past three days tap pressure is very low the complaint has been logged in the app krupaya sahayya kara,water_supply,water_supply
PGR202500419,mobile,2025-04-17 22:47:15,"Hi, since Monday. Residents are reporting the public toilet is not functioning. we also tried the IVR earlier. dayavittu sahaya maadi.",kn,2025-04-17 22:47:24,"Hi, since Monday. Residents are reporting the public toilet is not functioning. we also tried the IVR earlier. dayavittu sahaya maadi.",hi since monday residents are reporting the public toilet is not functioning we also tried the ivr earlier dayavittu sahaya maadi,sanitation,sanitation
PGR202500420,portal,2025-06-20 03:00:29,"Ji, since yesterday. tap pressure is very low. the complaint has been logged in the app. krupaya sahayya kara.",mr,2025-06-20 03:01:00,"Ji, since yesterday. tap pressure is very low. the complaint has been logged in the app. krupaya sahayya kara.",ji since yesterday tap pressure is very low the complaint has been logged in the app krupaya sahayya kara,water_supply,water_supply
PGR202500421,mobile,2025-05-16 03:20:40,"Hi, for two days. I am reporting that we need information on the process. it feels like a drought and the borewell is almost dry. kripya madad kijiye.",hi,2025-05-16 03:22:01,"Hi, for two days. I am reporting that we need information on the process. it feels like a drought and the borewell is almost dry. kripya madad kijiye.",hi for two days i am reporting that we need information on the process it feels like a drought and the borewell is almost dry kripya madad kijiye,grievance_general,grievance_general
PGR202500422,whatsapp,2025-05-26 22:16:37,"Hello, for two days. Residents are reporting the bin is overflowing and animals gather there. dayavittu sahaya maadi.",kn,2025-05-26 22:17:43,"Hello, for two days. Residents are reporting the bin is overflowing and animals gather there. dayavittu sahaya maadi.",hello for two days residents are reporting the bin is overflowing and animals gather there dayavittu sahaya maadi,drainage,drainage
PGR202500423,mobile,2025-04-29 04:01:10,"Hello, for almost a week. I am reporting that an old building has a dangerous cracked wall. the complaint has been logged in the app. kripya madad kijiye.",hi,2025-04-29 04:03:00,"Hello, for almost a week. I am reporting that an old building has a dangerous cracked wall. the complaint has been logged in the app. kripya madad kijiye.",hello for almost a week i am reporting that an old building has a dangerous cracked wall the complaint has been logged in the app kripya madad kijiye,building_safety,building_safety
PGR202500424,portal,2025-04-04 13:19:43,"Namaste, since last night. illegal parking is blocking the lane. krupaya sahayya kara.",mr,2025-04-04 13:19:52,"Namaste, since last night. illegal parking is blocking the lane. krupaya sahayya kara.",namaste since last night illegal parking is blocking the lane krupaya sahayya kara,parks,parks
PGR202500425,ivr,2025-03-02 23:11:32,"Hello, for almost a week. We are experiencing an electrical cabinet is open near the path. the complaint has been logged in the app. kripya madad kijiye.",hi,2025-03-02 23:11:59,"Hello, for almost a week. We are experiencing an electrical cabinet is open near the path. the complaint has been logged in the app. kripya madad kijiye.",hello for almost a week we are experiencing an electrical cabinet is open near the path the complaint has been logged in the app kripya madad kijiye,solid_waste,solid_waste
PGR202500426,mobile,2025-06-10 15:31:53,"Ji, for two days. Residents are reporting there are big potholes on the road. dayavittu sahaya maadi.",kn,2025-06-10 15:32:23,"Ji, for two days. Residents are reporting there are big potholes on the road. dayavittu sahaya maadi.",ji for two days residents are reporting there are big potholes on the road dayavittu sahaya maadi,roads,roads
PGR202500427,mobile,2025-06-01 14:50:53,"Hi, since Monday. Residents are reporting resurfacing has been pending for many weeks. the complaint has been logged in the app. krupaya sahayya kara.",mr,2025-06-01 14:51:41,"Hi, since Monday. Residents are reporting resurfacing has been pending for many weeks. the complaint has been logged in the app. krupaya sahayya kara.",hi since monday residents are reporting resurfacing has been pending for many weeks the complaint has been logged in the app krupaya sahayya kara,roads,roads
PGR202500428,portal,2025-02-04 18:21:53,"Hi, for the past three days. the community tap is dry in the morning. the complaint has been logged in the app. please help.",en,2025-02-04 18:23:33,"Hi, for the past three days. the community tap is dry in the morning. the complaint has been logged in the app. please help.",hi for the past three days the community tap is dry in the morning the complaint has been logged in the app please help,water_supply,water_supply
PGR202500429,portal,2025-05-19 07:27:55,"Hi, since last night. the community tap is dry in the morning. pani ki kami ho rahi hai please arrange tankers. the complaint has been logged in the app. kripya madad kijiye.",hi,2025-05-19 07:28:11,"Hi, since last night. the community tap is dry in the morning. pani ki kami ho rahi hai please arrange tankers. the complaint has been logged in the app. kripya madad kijiye.",hi since last night the community tap is dry in the morning pani ki kami ho rahi hai please arrange tankers the complaint has been logged in the app kripya madad kijiye,water_supply,tanker_delay
PGR202500430,portal,2025-02-13 15:47:49,"Good evening, for the past three days. We are experiencing the streetlight near our lane is not working. krupaya tatkal karyavahi kara. krupaya sahayya kara.",mr,2025-02-13 15:49:28,"Good evening, for the past three days. We are experiencing the streetlight near our lane is not working. krupaya tatkal karyavahi kara. krupaya sahayya kara.",good evening for the past three days we are experiencing the streetlight near our lane is not working krupaya tatkal karyavahi kara krupaya sahayya kara,unknown,unknown
PGR202500431,portal,2025-05-22 20:20:31,"Hi, since yesterday. Residents are reporting a service request has no update. it feels like a drought and the borewell is almost dry. we also tried the IVR earlier. please jaldi se kijiye. kripya madad kijiye.",hi,2025-05-22 20:22:02,"Hi, since yesterday. Residents are reporting a service request has no update. it feels like a drought and the borewell is almost dry. we also tried the IVR earlier. please jaldi se kijiye. kripya madad kijiye.",hi since yesterday residents are reporting a service request has no update it feels like a drought and the borewell is almost dry we also tried the ivr earlier please jaldi se kijiye kripya madad kijiye,grievance_general,grievance_general
PGR202500432,whatsapp,2025-06-04 21:26:01,"Good morning, for 48 hours. stray dogs are aggressive near the market. the complaint has been logged in the app. kripya madad kijiye.",hi,2025-06-04 21:27:52,"Good morning, for 48 hours. stray dogs are aggressive near the market. the complaint has been logged in the app. kripya madad kijiye.",good morning for 48 hours stray dogs are aggressive near the market the complaint has been logged in the app kripya madad kijiye,public_health,public_health
PGR202500433,portal,2025-02-20 15:48:28,"Hi, for 48 hours. Residents are reporting the pole looks damaged and wires are exposed. summer mein dikkat ho rahi hai. please help.",en,2025-02-20 15:49:33,"Hi, for 48 hours. Residents are reporting the pole looks damaged and wires are exposed. summer mein dikkat ho rahi hai. please help.",hi for 48 hours residents are reporting the pole looks damaged and wires are exposed summer mein dikkat ho rahi hai please help,streetlights,streetlights
PGR202500434,mobile,2025-04-07 01:48:32,"Namaste, for almost a week. We are experiencing stray dogs are aggressive near the market. kripya madad kijiye.",hi,2025-04-07 01:48:43,"Namaste, for almost a week. We are experiencing stray dogs are aggressive near the market. kripya madad kijiye.",namaste for almost a week we are experiencing stray dogs are aggressive near the market kripya madad kijiye,public_health,public_health
PGR202500435,mobile,2025-02-19 13:30:49,"Hello, for two days. We are experiencing we suspect a pipeline leak nearby. groundwater is very low this season. kripya madad kijiye.",hi,2025-02-19 13:32:34,"Hello, for two days. We are experiencing we suspect a pipeline leak nearby. groundwater is very low this season. kripya madad kijiye.",hello for two days we are experiencing we suspect a pipeline leak nearby groundwater is very low this season kripya madad kijiye,water_supply,water_supply
PGR202500436,mobile,2025-04-27 02:12:56,"Ji, in Nashik, since Monday. we need information on the process. the complaint has been logged in the app. kripya madad kijiye.",hi,2025-04-27 02:14:07,"Ji, in Nashik, since Monday. we need information on the process. the complaint has been logged in the app. kripya madad kijiye.",ji in nashik since monday we need information on the process the complaint has been logged in the app kripya madad kijiye,grievance_general,grievance_general
PGR202500437,mobile,2025-06-20 03:13:29,"Ji, for 48 hours. I am reporting that the drain is blocked and water is stagnant. the complaint has been logged in the app. krupaya sahayya kara.",mr,2025-06-20 03:13:40,"Ji, for 48 hours. I am reporting that the drain is blocked and water is stagnant. the complaint has been logged in the app. krupaya sahayya kara.",ji for 48 hours i am reporting that the drain is blocked and water is stagnant the complaint has been logged in the app krupaya sahayya kara,water_supply,water_supply
PGR202500438,mobile,2025-02-13 03:07:49,"Good morning, for the past three days. I am reporting that waterlogging is happening after even light rain. kripya madad kijiye.",hi,2025-02-13 03:08:20,"Good morning, for the past three days. I am reporting that waterlogging is happening after even light rain. kripya madad kijiye.",good morning for the past three days i am reporting that waterlogging is happening after even light rain kripya madad kijiye,water_supply,water_supply
PGR202500439,portal,2025-04-01 15:16:52,"Namaste, since last night. I am reporting that a loose cable is creating a hazard. the complaint has been logged in the app. kripya madad kijiye.",hi,2025-04-01 15:18:18,"Namaste, since last night. I am reporting that a loose cable is creating a hazard. the complaint has been logged in the app. kripya madad kijiye.",namaste since last night i am reporting that a loose cable is creating a hazard the complaint has been logged in the app kripya madad kijiye,utilities_other,utilities_other
PGR202500440,mobile,2025-06-26 23:14:00,"Good morning, for almost a week. I am reporting that the community tap is dry in the morning. it feels like a drought and the borewell is almost dry. please help.",en,2025-06-26 23:15:13,"Good morning, for almost a week. I am reporting that the community tap is dry in the morning. it feels like a drought and the borewell is almost dry. please help.",good morning for almost a week i am reporting that the community tap is dry in the morning it feels like a drought and the borewell is almost dry please help,water_supply,water_supply
PGR202500441,whatsapp,2025-03-18 03:24:54,"Good evening, since last night. hawkers have encroached on the footpath. please help.",en,2025-03-18 03:26:36,"Good evening, since last night. hawkers have encroached on the footpath. please help.",good evening since last night hawkers have encroached on the footpath please help,unknown,unknown
PGR202500442,mobile,2025-02-20 19:58:48,"Namaste, for the past three days. We are experiencing tap pressure is very low. krupaya sahayya kara.",mr,2025-02-20 19:59:19,"Namaste, for the past three days. We are experiencing tap pressure is very low. krupaya sahayya kara.",namaste for the past three days we are experiencing tap pressure is very low krupaya sahayya kara,water_supply,water_supply
PGR202500443,mobile,2025-04-15 06:54:08,"Ji, for 48 hours. Residents are reporting there are big potholes on the road. krupaya sahayya kara.",mr,2025-04-15 06:54:20,"Ji, for 48 hours. Residents are reporting there are big potholes on the road. krupaya sahayya kara.",ji for 48 hours residents are reporting there are big potholes on the road krupaya sahayya kara,roads,roads
PGR202500444,csc,2025-04-18 06:08:28,"Hi, since yesterday. I am reporting that staff behaviour was unhelpful at the office. the complaint has been logged in the app. krupaya sahayya kara.",mr,2025-04-18 06:08:56,"Hi, since yesterday. I am reporting that staff behaviour was unhelpful at the office. the complaint has been logged in the app. krupaya sahayya kara.",hi since yesterday i am reporting that staff behaviour was unhelpful at the office the complaint has been logged in the app krupaya sahayya kara,grievance_general,grievance_general
PGR202500445,ivr,2025-05-11 10:18:39,"Hi, for 48 hours. mosquito breeding is visible due to stagnant water. summer water crisis is likely so please plan supply. the complaint has been logged in the app. please help.",en,2025-05-11 10:18:53,"Hi, for 48 hours. mosquito breeding is visible due to stagnant water. summer water crisis is likely so please plan supply. the complaint has been logged in the app. please help.",hi for 48 hours mosquito breeding is visible due to stagnant water summer water crisis is likely so please plan supply the complaint has been logged in the app please help,water_supply,water_supply
PGR202500446,mobile,2025-03-20 01:27:18,"Namaste, since yesterday. I am reporting that waterlogging is happening after even light rain. kripya madad kijiye.",hi,2025-03-20 01:28:40,"Namaste, since yesterday. I am reporting that waterlogging is happening after even light rain. kripya madad kijiye.",namaste since yesterday i am reporting that waterlogging is happening after even light rain kripya madad kijiye,water_supply,water_supply
PGR202500447,mobile,2025-06-24 08:14:36,"Hello, for almost a week. Residents are reporting an old building has a dangerous cracked wall. the complaint has been logged in the app. tankers kab aayenge. dayavittu sahaya maadi.",kn,2025-06-24 08:15:46,"Hello, for almost a week. Residents are reporting an old building has a dangerous cracked wall. the complaint has been logged in the app. tankers kab aayenge. dayavittu sahaya maadi.",hello for almost a week residents are reporting an old building has a dangerous cracked wall the complaint has been logged in the app tankers kab aayenge dayavittu sahaya maadi,water_supply,tanker_delay
PGR202500448,mobile,2025-04-20 03:40:54,"Good morning, for almost a week. Residents are reporting the septic tank has overflowed onto the street. the complaint has been logged in the app. kirpa karke madad karo.",pa,2025-04-20 03:42:45,"Good morning, for almost a week. Residents are reporting the septic tank has overflowed onto the street. the complaint has been logged in the app. kirpa karke madad karo.",good morning for almost a week residents are reporting the septic tank has overflowed onto the street the complaint has been logged in the app kirpa karke madad karo,drainage,drainage
PGR202500449,portal,2025-03-15 23:12:22,"Ji, since last night. Residents are reporting there is illegal construction on the terrace. kripya madad kijiye.",hi,2025-03-15 23:14:14,"Ji, since last night. Residents are reporting there is illegal construction on the terrace. kripya madad kijiye.",ji since last night residents are reporting there is illegal construction on the terrace kripya madad kijiye,building_safety,building_safety
PGR202500450,portal,2025-06-25 01:01:25,"Good morning, for the past three days. waterlogging is happening after even light rain. please help.",en,2025-06-25 01:02:31,"Good morning, for the past three days. waterlogging is happening after even light rain. please help.",good morning for the past three days waterlogging is happening after even light rain please help,water_supply,water_supply
PGR202500451,mobile,2025-06-19 17:18:36,"Namaste, for two days. the bin is overflowing and animals gather there. please help.",en,2025-06-19 17:18:47,"Namaste, for two days. the bin is overflowing and animals gather there. please help.",namaste for two days the bin is overflowing and animals gather there please help,drainage,drainage
PGR202500452,mobile,2025-04-16 20:59:34,"Good morning, for two days. I am reporting that the road surface is broken at the crossing. the complaint has been logged in the app. we also tried the IVR earlier. barah e karam madad karein.",ur,2025-04-16 21:00:14,"Good morning, for two days. I am reporting that the road surface is broken at the crossing. the complaint has been logged in the app. we also tried the IVR earlier. barah e karam madad karein.",good morning for two days i am reporting that the road surface is broken at the crossing the complaint has been logged in the app we also tried the ivr earlier barah e karam madad karein,roads,roads
PGR202500453,portal,2025-02-04 17:29:38,"Hi, since Monday. I am reporting that the septic tank has overflowed onto the street. kripya madad kijiye.",hi,2025-02-04 17:31:03,"Hi, since Monday. I am reporting that the septic tank has overflowed onto the street. kripya madad kijiye.",hi since monday i am reporting that the septic tank has overflowed onto the street kripya madad kijiye,drainage,drainage
PGR202500454,whatsapp,2025-05-01 12:58:11,"Hi, since last night. Residents are reporting mosquito breeding is visible due to stagnant water. the complaint has been logged in the app. krupaya sahayya kara.",mr,2025-05-01 12:59:32,"Hi, since last night. Residents are reporting mosquito breeding is visible due to stagnant water. the complaint has been logged in the app. krupaya sahayya kara.",hi since last night residents are reporting mosquito breeding is visible due to stagnant water the complaint has been logged in the app krupaya sahayya kara,water_supply,water_supply
PGR202500455,portal,2025-04-25 06:42:46,"Hi, since yesterday. I am reporting that there are big potholes on the road. the complaint has been logged in the app. we also tried the IVR earlier. dayavittu sahaya maadi.",kn,2025-04-25 06:43:06,"Hi, since yesterday. I am reporting that there are big potholes on the road. the complaint has been logged in the app. we also tried the IVR earlier. dayavittu sahaya maadi.",hi since yesterday i am reporting that there are big potholes on the road the complaint has been logged in the app we also tried the ivr earlier dayavittu sahaya maadi,roads,roads
PGR202500456,portal,2025-02-23 05:33:01,"Namaste, since last night. I am reporting that there is no water in the tap. the complaint has been logged in the app. kripya madad kijiye.",hi,2025-02-23 05:34:49,"Namaste, since last night. I am reporting that there is no water in the tap. the complaint has been logged in the app. kripya madad kijiye.",namaste since last night i am reporting that there is no water in the tap the complaint has been logged in the app kripya madad kijiye,water_supply,no_supply
PGR202500457,mobile,2025-05-07 02:18:36,"Hello, since last night. I am reporting that resurfacing has been pending for many weeks. krupaya sahayya kara.",mr,2025-05-07 02:18:47,"Hello, since last night. I am reporting that resurfacing has been pending for many weeks. krupaya sahayya kara.",hello since last night i am reporting that resurfacing has been pending for many weeks krupaya sahayya kara,roads,roads
PGR202500458,mobile,2025-06-07 02:51:23,"Namaste, for two days. We are experiencing the septic tank has overflowed onto the street. please help.",en,2025-06-07 02:51:28,"Namaste, for two days. We are experiencing the septic tank has overflowed onto the street. please help.",namaste for two days we are experiencing the septic tank has overflowed onto the street please help,drainage,drainage
PGR202500459,mobile,2025-02-16 21:13:50,"Hi, since yesterday. I am reporting that waterlogging is happening after even light rain. groundwater is very low this season. kripya madad kijiye.",hi,2025-02-16 21:15:27,"Hi, since yesterday. I am reporting that waterlogging is happening after even light rain. groundwater is very low this season. kripya madad kijiye.",hi since yesterday i am reporting that waterlogging is happening after even light rain groundwater is very low this season kripya madad kijiye,water_supply,water_supply
PGR202500460,csc,2025-05-20 11:57:40,"Good morning, for 48 hours. Residents are reporting the wash area is broken and unclean. the complaint has been logged in the app. kirpa karke madad karo.",pa,2025-05-20 11:57:53,"Good morning, for 48 hours. Residents are reporting the wash area is broken and unclean. the complaint has been logged in the app. kirpa karke madad karo.",good morning for 48 hours residents are reporting the wash area is broken and unclean the complaint has been logged in the app kirpa karke madad karo,unknown,unknown
PGR202500461,ivr,2025-02-22 01:13:21,"Namaste, since Monday. We are experiencing hawkers have encroached on the footpath. we also tried the IVR earlier. kripya madad kijiye.",hi,2025-02-22 01:13:35,"Namaste, since Monday. We are experiencing hawkers have encroached on the footpath. we also tried the IVR earlier. kripya madad kijiye.",namaste since monday we are experiencing hawkers have encroached on the footpath we also tried the ivr earlier kripya madad kijiye,unknown,unknown
PGR202500462,ivr,2025-05-24 07:46:27,"Hi, since last night. We are experiencing stray dogs are aggressive near the market. we also tried the IVR earlier. krupaya sahayya kara.",mr,2025-05-24 07:48:13,"Hi, since last night. We are experiencing stray dogs are aggressive near the market. we also tried the IVR earlier. krupaya sahayya kara.",hi since last night we are experiencing stray dogs are aggressive near the market we also tried the ivr earlier krupaya sahayya kara,public_health,public_health
PGR202500463,whatsapp,2025-04-04 20:48:41,"Hi, since last night. We are experiencing a service request has no update. krupaya sahayya kara.",mr,2025-04-04 20:50:28,"Hi, since last night. We are experiencing a service request has no update. krupaya sahayya kara.",hi since last night we are experiencing a service request has no update krupaya sahayya kara,grievance_general,grievance_general
PGR202500464,whatsapp,2025-02-01 23:26:22,"Ji, since last night. Residents are reporting the community tap is dry in the morning. please help.",en,2025-02-01 23:26:44,"Ji, since last night. Residents are reporting the community tap is dry in the morning. please help.",ji since last night residents are reporting the community tap is dry in the morning please help,water_supply,water_supply
PGR202500465,whatsapp,2025-06-25 22:26:04,"Hi, since yesterday. Residents are reporting a license check is required for these stalls. please help.",en,2025-06-25 22:26:31,"Hi, since yesterday. Residents are reporting a license check is required for these stalls. please help.",hi since yesterday residents are reporting a license check is required for these stalls please help,markets,markets
PGR202500466,mobile,2025-02-25 21:29:35,"Hi, since last night. We are experiencing garbage pickup has been missed repeatedly. the complaint has been logged in the app. krupaya sahayya kara.",mr,2025-02-25 21:30:32,"Hi, since last night. We are experiencing garbage pickup has been missed repeatedly. the complaint has been logged in the app. krupaya sahayya kara.",hi since last night we are experiencing garbage pickup has been missed repeatedly the complaint has been logged in the app krupaya sahayya kara,solid_waste,solid_waste
PGR202500467,mobile,2025-05-01 09:45:10,"Hi, for two days. We are experiencing the tanker did not arrive today. kripya madad kijiye.",hi,2025-05-01 09:45:17,"Hi, for two days. We are experiencing the tanker did not arrive today. kripya madad kijiye.",hi for two days we are experiencing the tanker did not arrive today kripya madad kijiye,water_supply,tanker_delay
PGR202500468,mobile,2025-02-28 05:17:08,"Namaste, in Nashik near Ward 06, for two days. I am reporting that the community tap is dry in the morning. the complaint has been logged in the app. please help.",en,2025-02-28 05:18:08,"Namaste, in Nashik near Ward 06, for two days. I am reporting that the community tap is dry in the morning. the complaint has been logged in the app. please help.",namaste in nashik near ward 06 for two days i am reporting that the community tap is dry in the morning the complaint has been logged in the app please help,water_supply,water_supply
PGR202500469,portal,2025-06-20 22:53:00,"Namaste, since Monday. I am reporting that the signal is not working at the junction. please help.",en,2025-06-20 22:53:24,"Namaste, since Monday. I am reporting that the signal is not working at the junction. please help.",namaste since monday i am reporting that the signal is not working at the junction please help,traffic,traffic
PGR202500470,mobile,2025-05-22 17:58:18,"Good evening, for 48 hours. Residents are reporting the dispensary was closed during working hours. pani ki kami ho rahi hai please arrange tankers. please help.",en,2025-05-22 17:58:45,"Good evening, for 48 hours. Residents are reporting the dispensary was closed during working hours. pani ki kami ho rahi hai please arrange tankers. please help.",good evening for 48 hours residents are reporting the dispensary was closed during working hours pani ki kami ho rahi hai please arrange tankers please help,water_supply,tanker_delay
PGR202500471,csc,2025-06-01 15:41:56,"Ji, for almost a week. I am reporting that staff behaviour was unhelpful at the office. krupaya sahayya kara.",mr,2025-06-01 15:42:51,"Ji, for almost a week. I am reporting that staff behaviour was unhelpful at the office. krupaya sahayya kara.",ji for almost a week i am reporting that staff behaviour was unhelpful at the office krupaya sahayya kara,grievance_general,grievance_general
PGR202500472,portal,2025-04-06 19:29:15,"Good morning, for two days. the whole stretch is dark after evening. the complaint has been logged in the app. krupaya sahayya kara.",mr,2025-04-06 19:30:20,"Good morning, for two days. the whole stretch is dark after evening. the complaint has been logged in the app. krupaya sahayya kara.",good morning for two days the whole stretch is dark after evening the complaint has been logged in the app krupaya sahayya kara,streetlights,streetlights
PGR202500473,portal,2025-04-12 02:34:25,"Hi, since Monday. I am reporting that the bin is overflowing and animals gather there. please help.",en,2025-04-12 02:35:18,"Hi, since Monday. I am reporting that the bin is overflowing and animals gather there. please help.",hi since monday i am reporting that the bin is overflowing and animals gather there please help,drainage,drainage
PGR202500474,mobile,2025-05-07 03:29:02,"Good evening, for 48 hours. the road surface is broken at the crossing. kripya madad kijiye.",hi,2025-05-07 03:30:18,"Good evening, for 48 hours. the road surface is broken at the crossing. kripya madad kijiye.",good evening for 48 hours the road surface is broken at the crossing kripya madad kijiye,roads,roads
PGR202500475,mobile,2025-05-29 17:08:53,"Hi, for 48 hours. I am reporting that garbage pickup has been missed repeatedly. the complaint has been logged in the app. kripya madad kijiye.",hi,2025-05-29 17:09:20,"Hi, for 48 hours. I am reporting that garbage pickup has been missed repeatedly. the complaint has been logged in the app. kripya madad kijiye.",hi for 48 hours i am reporting that garbage pickup has been missed repeatedly the complaint has been logged in the app kripya madad kijiye,solid_waste,solid_waste
PGR202500476,mobile,2025-06-08 01:07:34,"Good morning, since last night. the tanker did not arrive today. summer water crisis is likely so please plan supply. the complaint has been logged in the app. krupaya sahayya kara.",mr,2025-06-08 01:08:30,"Good morning, since last night. the tanker did not arrive today. summer water crisis is likely so please plan supply. the complaint has been logged in the app. krupaya sahayya kara.",good morning since last night the tanker did not arrive today summer water crisis is likely so please plan supply the complaint has been logged in the app krupaya sahayya kara,water_supply,tanker_delay
PGR202500477,ivr,2025-02-03 16:12:44,"Ji, since Monday. I am reporting that an electrical cabinet is open near the path. kripya madad kijiye.",hi,2025-02-03 16:13:55,"Ji, since Monday. I am reporting that an electrical cabinet is open near the path. kripya madad kijiye.",ji since monday i am reporting that an electrical cabinet is open near the path kripya madad kijiye,solid_waste,solid_waste
PGR202500478,portal,2025-05-11 12:49:14,"Good morning, since yesterday. I am reporting that there are big potholes on the road. barah e karam madad karein.",ur,2025-05-11 12:49:21,"Good morning, since yesterday. I am reporting that there are big potholes on the road. barah e karam madad karein.",good morning since yesterday i am reporting that there are big potholes on the road barah e karam madad karein,roads,roads
PGR202500479,portal,2025-02-17 08:55:06,"Hi, for 48 hours. mosquito breeding is visible due to stagnant water. please help.",en,2025-02-17 08:55:24,"Hi, for 48 hours. mosquito breeding is visible due to stagnant water. please help.",hi for 48 hours mosquito breeding is visible due to stagnant water please help,water_supply,water_supply
PGR202500480,mobile,2025-03-16 04:33:15,"Namaste, for 48 hours. Residents are reporting the dispensary was closed during working hours. dayavittu sahaya maadi.",kn,2025-03-16 04:34:48,"Namaste, for 48 hours. Residents are reporting the dispensary was closed during working hours. dayavittu sahaya maadi.",namaste for 48 hours residents are reporting the dispensary was closed during working hours dayavittu sahaya maadi,unknown,unknown
PGR202500481,mobile,2025-06-05 09:56:34,"Ji, since last night. Residents are reporting play equipment is broken in the park. the complaint has been logged in the app. krupaya tatkal karyavahi kara. krupaya sahayya kara.",mr,2025-06-05 09:58:08,"Ji, since last night. Residents are reporting play equipment is broken in the park. the complaint has been logged in the app. krupaya tatkal karyavahi kara. krupaya sahayya kara.",ji since last night residents are reporting play equipment is broken in the park the complaint has been logged in the app krupaya tatkal karyavahi kara krupaya sahayya kara,parks,parks
PGR202500482,portal,2025-03-10 13:50:50,"Good morning, since last night. an illegal dumpsite is growing near the corner. the complaint has been logged in the app. kripya madad kijiye.",hi,2025-03-10 13:52:12,"Good morning, since last night. an illegal dumpsite is growing near the corner. the complaint has been logged in the app. kripya madad kijiye.",good morning since last night an illegal dumpsite is growing near the corner the complaint has been logged in the app kripya madad kijiye,solid_waste,solid_waste
PGR202500483,csc,2025-05-31 12:32:28,"Hello, for the past three days. I am reporting that the road surface is broken at the crossing. the complaint has been logged in the app. we also tried the IVR earlier. krupaya sahayya kara.",mr,2025-05-31 12:34:20,"Hello, for the past three days. I am reporting that the road surface is broken at the crossing. the complaint has been logged in the app. we also tried the IVR earlier. krupaya sahayya kara.",hello for the past three days i am reporting that the road surface is broken at the crossing the complaint has been logged in the app we also tried the ivr earlier krupaya sahayya kara,roads,roads
PGR202500484,csc,2025-04-11 10:49:40,"Namaste, since last night. I am reporting that the road surface is broken at the crossing. the complaint has been logged in the app. please help.",en,2025-04-11 10:50:55,"Namaste, since last night. I am reporting that the road surface is broken at the crossing. the complaint has been logged in the app. please help.",namaste since last night i am reporting that the road surface is broken at the crossing the complaint has been logged in the app please help,roads,roads
PGR202500485,mobile,2025-03-07 21:30:23,"Good evening, for two days. Residents are reporting an old building has a dangerous cracked wall. the complaint has been logged in the app. kripya madad kijiye.",hi,2025-03-07 21:32:13,"Good evening, for two days. Residents are reporting an old building has a dangerous cracked wall. the complaint has been logged in the app. kripya madad kijiye.",good evening for two days residents are reporting an old building has a dangerous cracked wall the complaint has been logged in the app kripya madad kijiye,building_safety,building_safety
PGR202500486,whatsapp,2025-03-23 03:16:44,"Good morning, for the past three days. Residents are reporting there is a strong smell from the open drain. the complaint has been logged in the app. we also tried the IVR earlier. please help.",en,2025-03-23 03:17:21,"Good morning, for the past three days. Residents are reporting there is a strong smell from the open drain. the complaint has been logged in the app. we also tried the IVR earlier. please help.",good morning for the past three days residents are reporting there is a strong smell from the open drain the complaint has been logged in the app we also tried the ivr earlier please help,drainage,drainage
PGR202500487,mobile,2025-04-21 14:46:13,"Namaste, for the past three days. We are experiencing the bin is overflowing and animals gather there. the complaint has been logged in the app. paani nahi aa raha hai. kripya madad kijiye.",hi,2025-04-21 14:47:59,"Namaste, for the past three days. We are experiencing the bin is overflowing and animals gather there. the complaint has been logged in the app. paani nahi aa raha hai. kripya madad kijiye.",namaste for the past three days we are experiencing the bin is overflowing and animals gather there the complaint has been logged in the app paani nahi aa raha hai kripya madad kijiye,drainage,drainage
PGR202500488,ivr,2025-05-26 18:31:46,"Good evening, for almost a week. I am reporting that an illegal dumpsite is growing near the corner. please help.",en,2025-05-26 18:33:22,"Good evening, for almost a week. I am reporting that an illegal dumpsite is growing near the corner. please help.",good evening for almost a week i am reporting that an illegal dumpsite is growing near the corner please help,solid_waste,solid_waste
PGR202500489,mobile,2025-05-02 21:39:24,"Ji, since Monday. Residents are reporting the bin is overflowing and animals gather there. kripya madad kijiye.",hi,2025-05-02 21:39:56,"Ji, since Monday. Residents are reporting the bin is overflowing and animals gather there. kripya madad kijiye.",ji since monday residents are reporting the bin is overflowing and animals gather there kripya madad kijiye,drainage,drainage
PGR202500490,mobile,2025-06-20 23:36:20,"Ji, since last night. I am reporting that the grass is drying up because irrigation is off. the complaint has been logged in the app. we also tried the IVR earlier. kripya madad kijiye.",hi,2025-06-20 23:36:47,"Ji, since last night. I am reporting that the grass is drying up because irrigation is off. the complaint has been logged in the app. we also tried the IVR earlier. kripya madad kijiye.",ji since last night i am reporting that the grass is drying up because irrigation is off the complaint has been logged in the app we also tried the ivr earlier kripya madad kijiye,unknown,unknown
PGR202500491,csc,2025-06-11 03:51:35,"Good evening, since yesterday. I am reporting that the grass is drying up because irrigation is off. summer water crisis is likely so please plan supply. we also tried the IVR earlier. kripya madad kijiye.",hi,2025-06-11 03:51:45,"Good evening, since yesterday. I am reporting that the grass is drying up because irrigation is off. summer water crisis is likely so please plan supply. we also tried the IVR earlier. kripya madad kijiye.",good evening since yesterday i am reporting that the grass is drying up because irrigation is off summer water crisis is likely so please plan supply we also tried the ivr earlier kripya madad kijiye,water_supply,water_supply
PGR202500492,mobile,2025-05-25 00:04:21,"Ji, for two days. Residents are reporting the drain is blocked and water is stagnant. kripya madad kijiye.",hi,2025-05-25 00:05:33,"Ji, for two days. Residents are reporting the drain is blocked and water is stagnant. kripya madad kijiye.",ji for two days residents are reporting the drain is blocked and water is stagnant kripya madad kijiye,water_supply,water_supply
PGR202500493,portal,2025-05-02 11:11:08,"Hi, since yesterday. We are experiencing tap pressure is very low. tanker kadi yetil. krupaya sahayya kara.",mr,2025-05-02 11:12:15,"Hi, since yesterday. We are experiencing tap pressure is very low. tanker kadi yetil. krupaya sahayya kara.",hi since yesterday we are experiencing tap pressure is very low tanker kadi yetil krupaya sahayya kara,water_supply,tanker_delay
PGR202500494,portal,2025-03-16 11:28:51,"Good morning, for almost a week. we suspect a pipeline leak nearby. pani ki kami ho rahi hai please arrange tankers. the complaint has been logged in the app. loker madat kara. krupaya sahayya kara.",mr,2025-03-16 11:30:26,"Good morning, for almost a week. we suspect a pipeline leak nearby. pani ki kami ho rahi hai please arrange tankers. the complaint has been logged in the app. loker madat kara. krupaya sahayya kara.",good morning for almost a week we suspect a pipeline leak nearby pani ki kami ho rahi hai please arrange tankers the complaint has been logged in the app loker madat kara krupaya sahayya kara,water_supply,tanker_delay
PGR202500495,mobile,2025-04-03 21:15:27,"Hello, in Chandrapur near Ward 15, since Monday. garbage pickup has been missed repeatedly. the complaint has been logged in the app. roz subah tap dry milta hai. kripya madad kijiye.",hi,2025-04-03 21:16:14,"Hello, in Chandrapur near Ward 15, since Monday. garbage pickup has been missed repeatedly. the complaint has been logged in the app. roz subah tap dry milta hai. kripya madad kijiye.",hello in chandrapur near ward 15 since monday garbage pickup has been missed repeatedly the complaint has been logged in the app roz subah tap dry milta hai kripya madad kijiye,solid_waste,solid_waste
PGR202500496,portal,2025-02-18 20:01:09,"Namaste, since yesterday. Residents are reporting the manhole is overflowing on the street. kripya madad kijiye.",hi,2025-02-18 20:02:32,"Namaste, since yesterday. Residents are reporting the manhole is overflowing on the street. kripya madad kijiye.",namaste since yesterday residents are reporting the manhole is overflowing on the street kripya madad kijiye,drainage,drainage
PGR202500497,ivr,2025-03-29 03:03:44,"Ji, for almost a week. I am reporting that tap pressure is very low. please help.",en,2025-03-29 03:04:02,"Ji, for almost a week. I am reporting that tap pressure is very low. please help.",ji for almost a week i am reporting that tap pressure is very low please help,water_supply,water_supply
PGR202500498,ivr,2025-06-19 23:17:59,"Namaste, for 48 hours. I am reporting that the pole looks damaged and wires are exposed. it feels like a drought and the borewell is almost dry. the complaint has been logged in the app. krupaya sahayya kara.",mr,2025-06-19 23:18:21,"Namaste, for 48 hours. I am reporting that the pole looks damaged and wires are exposed. it feels like a drought and the borewell is almost dry. the complaint has been logged in the app. krupaya sahayya kara.",namaste for 48 hours i am reporting that the pole looks damaged and wires are exposed it feels like a drought and the borewell is almost dry the complaint has been logged in the app krupaya sahayya kara,streetlights,streetlights
PGR202500499,mobile,2025-04-05 21:10:31,"Good evening, in Nashik near Ward 06, for the past three days. Residents are reporting garbage pickup has been missed repeatedly. we also tried the IVR earlier. krupaya sahayya kara.",mr,2025-04-05 21:11:36,"Good evening, in Nashik near Ward 06, for the past three days. Residents are reporting garbage pickup has been missed repeatedly. we also tried the IVR earlier. krupaya sahayya kara.",good evening in nashik near ward 06 for the past three days residents are reporting garbage pickup has been missed repeatedly we also tried the ivr earlier krupaya sahayya kara,solid_waste,solid_waste
PGR202500500,portal,2025-02-18 01:25:25,"Good evening, for two days. Residents are reporting the bin is overflowing and animals gather there. the complaint has been logged in the app. we also tried the IVR earlier. kripya madad kijiye.",hi,2025-02-18 01:27:02,"Good evening, for two days. Residents are reporting the bin is overflowing and animals gather there. the complaint has been logged in the app. we also tried the IVR earlier. kripya madad kijiye.",good evening for two days residents are reporting the bin is overflowing and animals gather there the complaint has been logged in the app we also tried the ivr earlier kripya madad kijiye,drainage,drainage
PGR202500501,mobile,2025-05-09 18:57:05,"Hello, for almost a week. I am reporting that an illegal dumpsite is growing near the corner. krupaya sahayya kara.",mr,2025-05-09 18:58:28,"Hello, for almost a week. I am reporting that an illegal dumpsite is growing near the corner. krupaya sahayya kara.",hello for almost a week i am reporting that an illegal dumpsite is growing near the corner krupaya sahayya kara,solid_waste,solid_waste
PGR202500502,mobile,2025-06-25 09:24:47,"Hello, for two days. Residents are reporting a service request has no update. we also tried the IVR earlier. krupaya sahayya kara.",mr,2025-06-25 09:25:55,"Hello, for two days. Residents are reporting a service request has no update. we also tried the IVR earlier. krupaya sahayya kara.",hello for two days residents are reporting a service request has no update we also tried the ivr earlier krupaya sahayya kara,grievance_general,grievance_general
PGR202500503,mobile,2025-06-11 02:57:57,"Good evening, since yesterday. there is illegal construction on the terrace. we also tried the IVR earlier. kripya madad kijiye.",hi,2025-06-11 02:58:40,"Good evening, since yesterday. there is illegal construction on the terrace. we also tried the IVR earlier. kripya madad kijiye.",good evening since yesterday there is illegal construction on the terrace we also tried the ivr earlier kripya madad kijiye,building_safety,building_safety
PGR202500504,whatsapp,2025-03-14 02:40:30,"Ji, for the past three days. Residents are reporting stray dogs are aggressive near the market. summer water crisis is likely so please plan supply. we also tried the IVR earlier. please help.",en,2025-03-14 02:41:33,"Ji, for the past three days. Residents are reporting stray dogs are aggressive near the market. summer water crisis is likely so please plan supply. we also tried the IVR earlier. please help.",ji for the past three days residents are reporting stray dogs are aggressive near the market summer water crisis is likely so please plan supply we also tried the ivr earlier please help,water_supply,water_supply
PGR202500505,ivr,2025-04-10 02:01:43,"Hello, since yesterday. We are experiencing resurfacing has been pending for many weeks. the complaint has been logged in the app. krupaya sahayya kara.",mr,2025-04-10 02:03:31,"Hello, since yesterday. We are experiencing resurfacing has been pending for many weeks. the complaint has been logged in the app. krupaya sahayya kara.",hello since yesterday we are experiencing resurfacing has been pending for many weeks the complaint has been logged in the app krupaya sahayya kara,roads,roads
PGR202500506,csc,2025-04-21 15:39:33,"Hi, since Monday. an illegal dumpsite is growing near the corner. we also tried the IVR earlier. kripya madad kijiye.",hi,2025-04-21 15:40:54,"Hi, since Monday. an illegal dumpsite is growing near the corner. we also tried the IVR earlier. kripya madad kijiye.",hi since monday an illegal dumpsite is growing near the corner we also tried the ivr earlier kripya madad kijiye,solid_waste,solid_waste
PGR202500507,portal,2025-03-10 04:13:20,"Namaste, for the past three days. I am reporting that the bin is overflowing and animals gather there. please help.",en,2025-03-10 04:14:11,"Namaste, for the past three days. I am reporting that the bin is overflowing and animals gather there. please help.",namaste for the past three days i am reporting that the bin is overflowing and animals gather there please help,drainage,drainage
PGR202500508,portal,2025-03-13 07:17:27,"Hello, since Monday. We are experiencing resurfacing has been pending for many weeks. the complaint has been logged in the app. please help.",en,2025-03-13 07:19:15,"Hello, since Monday. We are experiencing resurfacing has been pending for many weeks. the complaint has been logged in the app. please help.",hello since monday we are experiencing resurfacing has been pending for many weeks the complaint has been logged in the app please help,roads,roads
PGR202500509,portal,2025-03-08 11:59:03,"Good evening, since last night. We are experiencing there is illegal construction on the terrace. the complaint has been logged in the app. tanker kadi yetil. krupaya sahayya kara.",mr,2025-03-08 12:01:02,"Good evening, since last night. We are experiencing there is illegal construction on the terrace. the complaint has been logged in the app. tanker kadi yetil. krupaya sahayya kara.",good evening since last night we are experiencing there is illegal construction on the terrace the complaint has been logged in the app tanker kadi yetil krupaya sahayya kara,water_supply,tanker_delay
PGR202500510,portal,2025-06-30 04:29:32,"Good morning, for two days. Residents are reporting the whole stretch is dark after evening. pressure bahut kam hai. please help.",en,2025-06-30 04:30:17,"Good morning, for two days. Residents are reporting the whole stretch is dark after evening. pressure bahut kam hai. please help.",good morning for two days residents are reporting the whole stretch is dark after evening pressure bahut kam hai please help,water_supply,water_supply
PGR202500511,portal,2025-05-23 21:39:04,"Ji, since Monday. the pole looks damaged and wires are exposed. the complaint has been logged in the app. tankers kab aayenge. kripya madad kijiye.",hi,2025-05-23 21:40:45,"Ji, since Monday. the pole looks damaged and wires are exposed. the complaint has been logged in the app. tankers kab aayenge. kripya madad kijiye.",ji since monday the pole looks damaged and wires are exposed the complaint has been logged in the app tankers kab aayenge kripya madad kijiye,water_supply,tanker_delay
PGR202500512,mobile,2025-06-07 03:04:57,"Namaste, since last night. there are big potholes on the road. krupaya sahayya kara.",mr,2025-06-07 03:05:12,"Namaste, since last night. there are big potholes on the road. krupaya sahayya kara.",namaste since last night there are big potholes on the road krupaya sahayya kara,roads,roads
PGR202500513,mobile,2025-06-03 11:38:50,"Good evening, since Monday. Residents are reporting an electrical cabinet is open near the path. krupaya tatkal karyavahi kara. krupaya sahayya kara.",mr,2025-06-03 11:39:09,"Good evening, since Monday. Residents are reporting an electrical cabinet is open near the path. krupaya tatkal karyavahi kara. krupaya sahayya kara.",good evening since monday residents are reporting an electrical cabinet is open near the path krupaya tatkal karyavahi kara krupaya sahayya kara,solid_waste,solid_waste
PGR202500514,whatsapp,2025-06-24 20:54:58,"Good morning, for almost a week. We are experiencing there is illegal construction on the terrace. the complaint has been logged in the app. kripya madad kijiye.",hi,2025-06-24 20:56:09,"Good morning, for almost a week. We are experiencing there is illegal construction on the terrace. the complaint has been logged in the app. kripya madad kijiye.",good morning for almost a week we are experiencing there is illegal construction on the terrace the complaint has been logged in the app kripya madad kijiye,building_safety,building_safety
PGR202500515,portal,2025-02-16 19:00:03,"Hello, for almost a week. I am reporting that the whole stretch is dark after evening. pani nahiye. krupaya sahayya kara.",mr,2025-02-16 19:01:34,"Hello, for almost a week. I am reporting that the whole stretch is dark after evening. pani nahiye. krupaya sahayya kara.",hello for almost a week i am reporting that the whole stretch is dark after evening pani nahiye krupaya sahayya kara,streetlights,streetlights
PGR202500516,whatsapp,2025-06-13 05:52:35,"Hello, since last night. I am reporting that the septic tank has overflowed onto the street. roz subah tap dry milta hai. kripya madad kijiye.",hi,2025-06-13 05:54:29,"Hello, since last night. I am reporting that the septic tank has overflowed onto the street. roz subah tap dry milta hai. kripya madad kijiye.",hello since last night i am reporting that the septic tank has overflowed onto the street roz subah tap dry milta hai kripya madad kijiye,water_supply,water_supply
PGR202500517,mobile,2025-02-10 23:36:42,"Ji, since Monday. I am reporting that the streetlight near our lane is not working. kripya madad kijiye.",hi,2025-02-10 23:36:56,"Ji, since Monday. I am reporting that the streetlight near our lane is not working. kripya madad kijiye.",ji since monday i am reporting that the streetlight near our lane is not working kripya madad kijiye,unknown,unknown
PGR202500518,portal,2025-04-13 07:30:55,"Good morning, for 48 hours. We are experiencing garbage pickup has been missed repeatedly. pani ki kami ho rahi hai please arrange tankers. the complaint has been logged in the app. krupaya sahayya kara.",mr,2025-04-13 07:32:20,"Good morning, for 48 hours. We are experiencing garbage pickup has been missed repeatedly. pani ki kami ho rahi hai please arrange tankers. the complaint has been logged in the app. krupaya sahayya kara.",good morning for 48 hours we are experiencing garbage pickup has been missed repeatedly pani ki kami ho rahi hai please arrange tankers the complaint has been logged in the app krupaya sahayya kara,solid_waste,solid_waste
PGR202500519,mobile,2025-05-01 03:57:39,"Ji, for two days. I am reporting that illegal parking is blocking the lane. the complaint has been logged in the app. tankers kab aayenge. kripya madad kijiye.",hi,2025-05-01 03:59:36,"Ji, for two days. I am reporting that illegal parking is blocking the lane. the complaint has been logged in the app. tankers kab aayenge. kripya madad kijiye.",ji for two days i am reporting that illegal parking is blocking the lane the complaint has been logged in the app tankers kab aayenge kripya madad kijiye,water_supply,tanker_delay
PGR202500520,mobile,2025-03-26 16:17:59,"Good evening, for 48 hours. Residents are reporting an electrical cabinet is open near the path. the complaint has been logged in the app. please help.",en,2025-03-26 16:18:08,"Good evening, for 48 hours. Residents are reporting an electrical cabinet is open near the path. the complaint has been logged in the app. please help.",good evening for 48 hours residents are reporting an electrical cabinet is open near the path the complaint has been logged in the app please help,solid_waste,solid_waste
PGR202500521,mobile,2025-02-22 22:13:25,"Good evening, for two days. We are experiencing the tanker did not arrive today. we also tried the IVR earlier. kripya madad kijiye.",hi,2025-02-22 22:13:38,"Good evening, for two days. We are experiencing the tanker did not arrive today. we also tried the IVR earlier. kripya madad kijiye.",good evening for two days we are experiencing the tanker did not arrive today we also tried the ivr earlier kripya madad kijiye,water_supply,tanker_delay
PGR202500522,mobile,2025-03-01 20:17:05,"Ji, for two days. Residents are reporting the streetlight near our lane is not working. the complaint has been logged in the app. krupaya sahayya kara.",mr,2025-03-01 20:18:05,"Ji, for two days. Residents are reporting the streetlight near our lane is not working. the complaint has been logged in the app. krupaya sahayya kara.",ji for two days residents are reporting the streetlight near our lane is not working the complaint has been logged in the app krupaya sahayya kara,unknown,unknown
PGR202500523,ivr,2025-06-04 16:47:27,"Hello, since last night. Residents are reporting hawkers have encroached on the footpath. we also tried the IVR earlier. kripya madad kijiye.",hi,2025-06-04 16:47:44,"Hello, since last night. Residents are reporting hawkers have encroached on the footpath. we also tried the IVR earlier. kripya madad kijiye.",hello since last night residents are reporting hawkers have encroached on the footpath we also tried the ivr earlier kripya madad kijiye,unknown,unknown
PGR202500524,mobile,2025-03-20 19:24:21,"Hi, since last night. Residents are reporting there are big potholes on the road. krupaya sahayya kara.",mr,2025-03-20 19:25:41,"Hi, since last night. Residents are reporting there are big potholes on the road. krupaya sahayya kara.",hi since last night residents are reporting there are big potholes on the road krupaya sahayya kara,roads,roads
PGR202500525,portal,2025-03-19 13:12:17,"Good evening, since last night. We are experiencing the pole looks damaged and wires are exposed. the complaint has been logged in the app. we also tried the IVR earlier. kripya madad kijiye.",hi,2025-03-19 13:13:30,"Good evening, since last night. We are experiencing the pole looks damaged and wires are exposed. the complaint has been logged in the app. we also tried the IVR earlier. kripya madad kijiye.",good evening since last night we are experiencing the pole looks damaged and wires are exposed the complaint has been logged in the app we also tried the ivr earlier kripya madad kijiye,streetlights,streetlights
PGR202500526,portal,2025-06-19 12:06:08,"Good morning, for almost a week. the manhole is overflowing on the street. the complaint has been logged in the app. pressure bahut kam hai. kripya madad kijiye.",hi,2025-06-19 12:07:59,"Good morning, for almost a week. the manhole is overflowing on the street. the complaint has been logged in the app. pressure bahut kam hai. kripya madad kijiye.",good morning for almost a week the manhole is overflowing on the street the complaint has been logged in the app pressure bahut kam hai kripya madad kijiye,drainage,drainage
PGR202500527,portal,2025-02-22 13:56:20,"Ji, for almost a week. we need information on the process. krupaya sahayya kara.",mr,2025-02-22 13:57:27,"Ji, for almost a week. we need information on the process. krupaya sahayya kara.",ji for almost a week we need information on the process krupaya sahayya kara,grievance_general,grievance_general
PGR202500528,portal,2025-06-18 06:57:38,"Ji, since yesterday. We are experiencing the bin is overflowing and animals gather there. the complaint has been logged in the app. krupaya sahayya kara.",mr,2025-06-18 06:57:52,"Ji, since yesterday. We are experiencing the bin is overflowing and animals gather there. the complaint has been logged in the app. krupaya sahayya kara.",ji since yesterday we are experiencing the bin is overflowing and animals gather there the complaint has been logged in the app krupaya sahayya kara,drainage,drainage
PGR202500529,mobile,2025-06-19 03:29:36,"Hello, since Monday. We are experiencing we need information on the process. krupaya sahayya kara.",mr,2025-06-19 03:31:13,"Hello, since Monday. We are experiencing we need information on the process. krupaya sahayya kara.",hello since monday we are experiencing we need information on the process krupaya sahayya kara,grievance_general,grievance_general
PGR202500530,whatsapp,2025-05-01 18:48:52,"Good evening, since last night. I am reporting that staff behaviour was unhelpful at the office. the complaint has been logged in the app. we also tried the IVR earlier. please help.",en,2025-05-01 18:50:38,"Good evening, since last night. I am reporting that staff behaviour was unhelpful at the office. the complaint has been logged in the app. we also tried the IVR earlier. please help.",good evening since last night i am reporting that staff behaviour was unhelpful at the office the complaint has been logged in the app we also tried the ivr earlier please help,grievance_general,grievance_general
PGR202500531,csc,2025-02-25 19:54:50,"Good evening, for almost a week. waterlogging is happening after even light rain. we also tried the IVR earlier. please help.",en,2025-02-25 19:56:29,"Good evening, for almost a week. waterlogging is happening after even light rain. we also tried the IVR earlier. please help.",good evening for almost a week waterlogging is happening after even light rain we also tried the ivr earlier please help,water_supply,water_supply
PGR202500532,portal,2025-02-24 09:05:56,"Hello, for 48 hours. Residents are reporting stray dogs are aggressive near the market. we also tried the IVR earlier. krupaya sahayya kara.",mr,2025-02-24 09:06:08,"Hello, for 48 hours. Residents are reporting stray dogs are aggressive near the market. we also tried the IVR earlier. krupaya sahayya kara.",hello for 48 hours residents are reporting stray dogs are aggressive near the market we also tried the ivr earlier krupaya sahayya kara,public_health,public_health
PGR202500533,portal,2025-03-15 16:59:31,"Hello, for the past three days. We are experiencing the septic tank has overflowed onto the street. krupaya sahayya kara.",mr,2025-03-15 17:00:31,"Hello, for the past three days. We are experiencing the septic tank has overflowed onto the street. krupaya sahayya kara.",hello for the past three days we are experiencing the septic tank has overflowed onto the street krupaya sahayya kara,drainage,drainage
PGR202500534,mobile,2025-04-28 14:41:46,"Good evening, for two days. I am reporting that there are big potholes on the road. it feels like a drought and the borewell is almost dry. barah e karam madad karein.",ur,2025-04-28 14:42:16,"Good evening, for two days. I am reporting that there are big potholes on the road. it feels like a drought and the borewell is almost dry. barah e karam madad karein.",good evening for two days i am reporting that there are big potholes on the road it feels like a drought and the borewell is almost dry barah e karam madad karein,roads,roads
PGR202500535,ivr,2025-02-24 01:00:29,"Good morning, for the past three days. Residents are reporting garbage pickup has been missed repeatedly. krupaya sahayya kara.",mr,2025-02-24 01:02:26,"Good morning, for the past three days. Residents are reporting garbage pickup has been missed repeatedly. krupaya sahayya kara.",good morning for the past three days residents are reporting garbage pickup has been missed repeatedly krupaya sahayya kara,solid_waste,solid_waste
PGR202500536,mobile,2025-04-10 08:22:06,"Hi, since Monday. I am reporting that the septic tank has overflowed onto the street. kripya madad kijiye.",hi,2025-04-10 08:23:23,"Hi, since Monday. I am reporting that the septic tank has overflowed onto the street. kripya madad kijiye.",hi since monday i am reporting that the septic tank has overflowed onto the street kripya madad kijiye,drainage,drainage
PGR202500537,mobile,2025-02-18 07:45:51,"Hello, since yesterday. We are experiencing hawkers have encroached on the footpath. the complaint has been logged in the app. we also tried the IVR earlier. krupaya sahayya kara.",mr,2025-02-18 07:47:41,"Hello, since yesterday. We are experiencing hawkers have encroached on the footpath. the complaint has been logged in the app. we also tried the IVR earlier. krupaya sahayya kara.",hello since yesterday we are experiencing hawkers have encroached on the footpath the complaint has been logged in the app we also tried the ivr earlier krupaya sahayya kara,unknown,unknown
PGR202500538,mobile,2025-04-23 01:01:21,"Hi, for 48 hours. I am reporting that we suspect a pipeline leak nearby. we also tried the IVR earlier. please help.",en,2025-04-23 01:01:26,"Hi, for 48 hours. I am reporting that we suspect a pipeline leak nearby. we also tried the IVR earlier. please help.",hi for 48 hours i am reporting that we suspect a pipeline leak nearby we also tried the ivr earlier please help,water_supply,water_supply
PGR202500539,csc,2025-02-04 04:07:58,"Good morning, since last night. I am reporting that resurfacing has been pending for many weeks. the complaint has been logged in the app. we also tried the IVR earlier. kripya madad kijiye.",hi,2025-02-04 04:08:30,"Good morning, since last night. I am reporting that resurfacing has been pending for many weeks. the complaint has been logged in the app. we also tried the IVR earlier. kripya madad kijiye.",good morning since last night i am reporting that resurfacing has been pending for many weeks the complaint has been logged in the app we also tried the ivr earlier kripya madad kijiye,roads,roads
PGR202500540,portal,2025-05-18 08:31:48,"Good morning, for almost a week. Residents are reporting staff behaviour was unhelpful at the office. the complaint has been logged in the app. dayavittu sahaya maadi.",kn,2025-05-18 08:32:52,"Good morning, for almost a week. Residents are reporting staff behaviour was unhelpful at the office. the complaint has been logged in the app. dayavittu sahaya maadi.",good morning for almost a week residents are reporting staff behaviour was unhelpful at the office the complaint has been logged in the app dayavittu sahaya maadi,grievance_general,grievance_general
PGR202500541,csc,2025-02-09 07:25:24,"Hello, for the past three days. I am reporting that the bin is overflowing and animals gather there. we also tried the IVR earlier. please help.",en,2025-02-09 07:26:32,"Hello, for the past three days. I am reporting that the bin is overflowing and animals gather there. we also tried the IVR earlier. please help.",hello for the past three days i am reporting that the bin is overflowing and animals gather there we also tried the ivr earlier please help,drainage,drainage
PGR202500542,csc,2025-03-02 05:21:30,"Good evening, for almost a week. play equipment is broken in the park. garami madhe jalsankat aahe. krupaya sahayya kara.",mr,2025-03-02 05:22:46,"Good evening, for almost a week. play equipment is broken in the park. garami madhe jalsankat aahe. krupaya sahayya kara.",good evening for almost a week play equipment is broken in the park garami madhe jalsankat aahe krupaya sahayya kara,parks,parks
PGR202500543,mobile,2025-02-27 04:42:33,"Hi, for the past three days. We are experiencing an illegal dumpsite is growing near the corner. garami madhe jalsankat aahe. krupaya sahayya kara.",mr,2025-02-27 04:43:54,"Hi, for the past three days. We are experiencing an illegal dumpsite is growing near the corner. garami madhe jalsankat aahe. krupaya sahayya kara.",hi for the past three days we are experiencing an illegal dumpsite is growing near the corner garami madhe jalsankat aahe krupaya sahayya kara,solid_waste,solid_waste
PGR202500544,ivr,2025-06-05 15:34:42,"Good evening, for two days. Residents are reporting the grass is drying up because irrigation is off. groundwater is very low this season. the complaint has been logged in the app. kripya madad kijiye.",hi,2025-06-05 15:35:05,"Good evening, for two days. Residents are reporting the grass is drying up because irrigation is off. groundwater is very low this season. the complaint has been logged in the app. kripya madad kijiye.",good evening for two days residents are reporting the grass is drying up because irrigation is off groundwater is very low this season the complaint has been logged in the app kripya madad kijiye,water_supply,water_supply
PGR202500545,portal,2025-02-09 00:10:29,"Good evening, for almost a week. stray dogs are aggressive near the market. krupaya sahayya kara.",mr,2025-02-09 00:12:20,"Good evening, for almost a week. stray dogs are aggressive near the market. krupaya sahayya kara.",good evening for almost a week stray dogs are aggressive near the market krupaya sahayya kara,public_health,public_health
PGR202500546,portal,2025-04-06 09:20:04,"Ji, since yesterday. Residents are reporting staff behaviour was unhelpful at the office. the complaint has been logged in the app. we also tried the IVR earlier. kripya madad kijiye.",hi,2025-04-06 09:20:48,"Ji, since yesterday. Residents are reporting staff behaviour was unhelpful at the office. the complaint has been logged in the app. we also tried the IVR earlier. kripya madad kijiye.",ji since yesterday residents are reporting staff behaviour was unhelpful at the office the complaint has been logged in the app we also tried the ivr earlier kripya madad kijiye,grievance_general,grievance_general
PGR202500547,mobile,2025-04-30 16:07:03,"Hi, since yesterday. tap pressure is very low. pani ki kami ho rahi hai please arrange tankers. krupaya sahayya kara.",mr,2025-04-30 16:07:48,"Hi, since yesterday. tap pressure is very low. pani ki kami ho rahi hai please arrange tankers. krupaya sahayya kara.",hi since yesterday tap pressure is very low pani ki kami ho rahi hai please arrange tankers krupaya sahayya kara,water_supply,tanker_delay
PGR202500548,whatsapp,2025-04-19 09:35:01,"Good evening, for the past three days. We are experiencing the wash area is broken and unclean. we also tried the IVR earlier. krupaya sahayya kara.",mr,2025-04-19 09:36:21,"Good evening, for the past three days. We are experiencing the wash area is broken and unclean. we also tried the IVR earlier. krupaya sahayya kara.",good evening for the past three days we are experiencing the wash area is broken and unclean we also tried the ivr earlier krupaya sahayya kara,unknown,unknown
PGR202500549,mobile,2025-05-14 02:34:19,"Good evening, for almost a week. Residents are reporting we suspect a pipeline leak nearby. the complaint has been logged in the app. kripya madad kijiye.",hi,2025-05-14 02:35:18,"Good evening, for almost a week. Residents are reporting we suspect a pipeline leak nearby. the complaint has been logged in the app. kripya madad kijiye.",good evening for almost a week residents are reporting we suspect a pipeline leak nearby the complaint has been logged in the app kripya madad kijiye,water_supply,water_supply
PGR202500550,mobile,2025-06-01 11:09:52,"Good evening, for almost a week. We are experiencing the community tap is dry in the morning. kripya madad kijiye.",hi,2025-06-01 11:11:43,"Good evening, for almost a week. We are experiencing the community tap is dry in the morning. kripya madad kijiye.",good evening for almost a week we are experiencing the community tap is dry in the morning kripya madad kijiye,water_supply,water_supply
PGR202500551,portal,2025-04-01 01:04:10,"Hi, for 48 hours. an illegal dumpsite is growing near the corner. krupaya sahayya kara.",mr,2025-04-01 01:05:27,"Hi, for 48 hours. an illegal dumpsite is growing near the corner. krupaya sahayya kara.",hi for 48 hours an illegal dumpsite is growing near the corner krupaya sahayya kara,solid_waste,solid_waste
PGR202500552,mobile,2025-06-05 05:35:02,"Hi, for the past three days. Residents are reporting the road surface is broken at the crossing. the complaint has been logged in the app. roz subah tap dry milta hai. kripya madad kijiye.",hi,2025-06-05 05:35:51,"Hi, for the past three days. Residents are reporting the road surface is broken at the crossing. the complaint has been logged in the app. roz subah tap dry milta hai. kripya madad kijiye.",hi for the past three days residents are reporting the road surface is broken at the crossing the complaint has been logged in the app roz subah tap dry milta hai kripya madad kijiye,water_supply,water_supply
PGR202500553,mobile,2025-03-20 16:46:04,"Hi, for 48 hours. the signal is not working at the junction. kripya madad kijiye.",hi,2025-03-20 16:47:37,"Hi, for 48 hours. the signal is not working at the junction. kripya madad kijiye.",hi for 48 hours the signal is not working at the junction kripya madad kijiye,traffic,traffic
PGR202500554,portal,2025-06-28 15:55:17,"Good morning, for almost a week. I am reporting that the streetlight near our lane is not working. we also tried the IVR earlier. please help.",en,2025-06-28 15:56:28,"Good morning, for almost a week. I am reporting that the streetlight near our lane is not working. we also tried the IVR earlier. please help.",good morning for almost a week i am reporting that the streetlight near our lane is not working we also tried the ivr earlier please help,unknown,unknown
PGR202500555,mobile,2025-04-17 16:17:39,"Ji, for two days. I am reporting that the whole stretch is dark after evening. krupaya sahayya kara.",mr,2025-04-17 16:19:19,"Ji, for two days. I am reporting that the whole stretch is dark after evening. krupaya sahayya kara.",ji for two days i am reporting that the whole stretch is dark after evening krupaya sahayya kara,streetlights,streetlights
PGR202500556,ivr,2025-05-22 09:38:52,"Ji, since Monday. Residents are reporting an electrical cabinet is open near the path. please help.",en,2025-05-22 09:40:47,"Ji, since Monday. Residents are reporting an electrical cabinet is open near the path. please help.",ji since monday residents are reporting an electrical cabinet is open near the path please help,solid_waste,solid_waste
PGR202500557,mobile,2025-06-12 06:01:03,"Namaste, for 48 hours. We are experiencing an illegal dumpsite is growing near the corner. we also tried the IVR earlier. kripya madad kijiye.",hi,2025-06-12 06:01:12,"Namaste, for 48 hours. We are experiencing an illegal dumpsite is growing near the corner. we also tried the IVR earlier. kripya madad kijiye.",namaste for 48 hours we are experiencing an illegal dumpsite is growing near the corner we also tried the ivr earlier kripya madad kijiye,solid_waste,solid_waste
PGR202500558,portal,2025-05-30 21:32:39,"Hi, for the past three days. We are experiencing the community tap is dry in the morning. we also tried the IVR earlier. please help.",en,2025-05-30 21:33:32,"Hi, for the past three days. We are experiencing the community tap is dry in the morning. we also tried the IVR earlier. please help.",hi for the past three days we are experiencing the community tap is dry in the morning we also tried the ivr earlier please help,water_supply,water_supply
PGR202500559,portal,2025-06-08 16:04:25,"Hello, since last night. We are experiencing there is illegal construction on the terrace. the complaint has been logged in the app. krupaya sahayya kara.",mr,2025-06-08 16:06:15,"Hello, since last night. We are experiencing there is illegal construction on the terrace. the complaint has been logged in the app. krupaya sahayya kara.",hello since last night we are experiencing there is illegal construction on the terrace the complaint has been logged in the app krupaya sahayya kara,building_safety,building_safety
PGR202500560,portal,2025-04-22 11:26:55,"Good morning, for almost a week. Residents are reporting the whole stretch is dark after evening. please help.",en,2025-04-22 11:27:29,"Good morning, for almost a week. Residents are reporting the whole stretch is dark after evening. please help.",good morning for almost a week residents are reporting the whole stretch is dark after evening please help,streetlights,streetlights
PGR202500561,portal,2025-02-07 12:30:36,"Good evening, for almost a week. I am reporting that the wash area is broken and unclean. it feels like a drought and the borewell is almost dry. dayavittu sahaya maadi.",kn,2025-02-07 12:31:51,"Good evening, for almost a week. I am reporting that the wash area is broken and unclean. it feels like a drought and the borewell is almost dry. dayavittu sahaya maadi.",good evening for almost a week i am reporting that the wash area is broken and unclean it feels like a drought and the borewell is almost dry dayavittu sahaya maadi,unknown,unknown
PGR202500562,portal,2025-04-15 23:06:02,"Good morning, for almost a week. I am reporting that resurfacing has been pending for many weeks. we also tried the IVR earlier. please help.",en,2025-04-15 23:07:16,"Good morning, for almost a week. I am reporting that resurfacing has been pending for many weeks. we also tried the IVR earlier. please help.",good morning for almost a week i am reporting that resurfacing has been pending for many weeks we also tried the ivr earlier please help,roads,roads
PGR202500563,whatsapp,2025-02-28 05:23:39,"Hi, for the past three days. the wash area is broken and unclean. pani ki kami ho rahi hai please arrange tankers. the complaint has been logged in the app. we also tried the IVR earlier. please jaldi se kijiye. kripya madad kijiye.",hi,2025-02-28 05:24:58,"Hi, for the past three days. the wash area is broken and unclean. pani ki kami ho rahi hai please arrange tankers. the complaint has been logged in the app. we also tried the IVR earlier. please jaldi se kijiye. kripya madad kijiye.",hi for the past three days the wash area is broken and unclean pani ki kami ho rahi hai please arrange tankers the complaint has been logged in the app we also tried the ivr earlier please jaldi se kijiye kripya madad kijiye,water_supply,tanker_delay
PGR202500564,mobile,2025-06-14 08:49:10,"Good evening, for the past three days. Residents are reporting an illegal dumpsite is growing near the corner. the complaint has been logged in the app. paani nahi aa raha hai. kripya madad kijiye.",hi,2025-06-14 08:50:38,"Good evening, for the past three days. Residents are reporting an illegal dumpsite is growing near the corner. the complaint has been logged in the app. paani nahi aa raha hai. kripya madad kijiye.",good evening for the past three days residents are reporting an illegal dumpsite is growing near the corner the complaint has been logged in the app paani nahi aa raha hai kripya madad kijiye,solid_waste,solid_waste
PGR202500565,mobile,2025-03-08 12:16:53,"Good morning, for 48 hours. I am reporting that illegal parking is blocking the lane. kripya madad kijiye.",hi,2025-03-08 12:18:01,"Good morning, for 48 hours. I am reporting that illegal parking is blocking the lane. kripya madad kijiye.",good morning for 48 hours i am reporting that illegal parking is blocking the lane kripya madad kijiye,parks,parks
PGR202500566,portal,2025-03-07 05:03:04,"Good morning, since Monday. Residents are reporting there are big potholes on the road. kripya madad kijiye.",hi,2025-03-07 05:04:00,"Good morning, since Monday. Residents are reporting there are big potholes on the road. kripya madad kijiye.",good morning since monday residents are reporting there are big potholes on the road kripya madad kijiye,roads,roads
PGR202500567,csc,2025-03-10 09:47:42,"Good morning, for the past three days. We are experiencing the manhole is overflowing on the street. the complaint has been logged in the app. kripya madad kijiye.",hi,2025-03-10 09:49:08,"Good morning, for the past three days. We are experiencing the manhole is overflowing on the street. the complaint has been logged in the app. kripya madad kijiye.",good morning for the past three days we are experiencing the manhole is overflowing on the street the complaint has been logged in the app kripya madad kijiye,drainage,drainage
PGR202500568,mobile,2025-05-08 09:14:18,"Namaste, since yesterday. Residents are reporting the pole looks damaged and wires are exposed. please help.",en,2025-05-08 09:15:25,"Namaste, since yesterday. Residents are reporting the pole looks damaged and wires are exposed. please help.",namaste since yesterday residents are reporting the pole looks damaged and wires are exposed please help,streetlights,streetlights
PGR202500569,portal,2025-04-27 16:26:14,"Good evening, since yesterday. I am reporting that there is a strong smell from the open drain. kripya madad kijiye.",hi,2025-04-27 16:26:53,"Good evening, since yesterday. I am reporting that there is a strong smell from the open drain. kripya madad kijiye.",good evening since yesterday i am reporting that there is a strong smell from the open drain kripya madad kijiye,drainage,drainage
PGR202500570,ivr,2025-06-23 07:49:36,"Namaste, since Monday. a service request has no update. the complaint has been logged in the app. krupaya sahayya kara.",mr,2025-06-23 07:50:29,"Namaste, since Monday. a service request has no update. the complaint has been logged in the app. krupaya sahayya kara.",namaste since monday a service request has no update the complaint has been logged in the app krupaya sahayya kara,grievance_general,grievance_general
PGR202500571,portal,2025-04-04 10:32:40,"Namaste, for 48 hours. Residents are reporting tap pressure is very low. we also tried the IVR earlier. tankers kab aayenge. please help.",en,2025-04-04 10:34:35,"Namaste, for 48 hours. Residents are reporting tap pressure is very low. we also tried the IVR earlier. tankers kab aayenge. please help.",namaste for 48 hours residents are reporting tap pressure is very low we also tried the ivr earlier tankers kab aayenge please help,water_supply,tanker_delay
PGR202500572,whatsapp,2025-03-15 08:12:04,"Good evening, for two days. I am reporting that there are big potholes on the road. the complaint has been logged in the app. we also tried the IVR earlier. kripya madad kijiye.",hi,2025-03-15 08:13:52,"Good evening, for two days. I am reporting that there are big potholes on the road. the complaint has been logged in the app. we also tried the IVR earlier. kripya madad kijiye.",good evening for two days i am reporting that there are big potholes on the road the complaint has been logged in the app we also tried the ivr earlier kripya madad kijiye,roads,roads
PGR202500573,portal,2025-02-08 09:18:53,"Namaste, since yesterday. I am reporting that an electrical cabinet is open near the path. krupaya sahayya kara.",mr,2025-02-08 09:19:42,"Namaste, since yesterday. I am reporting that an electrical cabinet is open near the path. krupaya sahayya kara.",namaste since yesterday i am reporting that an electrical cabinet is open near the path krupaya sahayya kara,solid_waste,solid_waste
PGR202500574,portal,2025-02-02 01:28:23,"Good morning, for almost a week. garbage pickup has been missed repeatedly. kripya madad kijiye.",hi,2025-02-02 01:29:25,"Good morning, for almost a week. garbage pickup has been missed repeatedly. kripya madad kijiye.",good morning for almost a week garbage pickup has been missed repeatedly kripya madad kijiye,solid_waste,solid_waste
PGR202500575,mobile,2025-03-29 01:00:38,"Hi, since yesterday. We are experiencing tap pressure is very low. krupaya sahayya kara.",mr,2025-03-29 01:02:36,"Hi, since yesterday. We are experiencing tap pressure is very low. krupaya sahayya kara.",hi since yesterday we are experiencing tap pressure is very low krupaya sahayya kara,water_supply,water_supply
PGR202500576,whatsapp,2025-06-19 20:56:32,"Namaste, for 48 hours. I am reporting that the whole stretch is dark after evening. summer mein dikkat ho rahi hai. kripya madad kijiye.",hi,2025-06-19 20:56:43,"Namaste, for 48 hours. I am reporting that the whole stretch is dark after evening. summer mein dikkat ho rahi hai. kripya madad kijiye.",namaste for 48 hours i am reporting that the whole stretch is dark after evening summer mein dikkat ho rahi hai kripya madad kijiye,streetlights,streetlights
PGR202500577,mobile,2025-04-20 13:30:37,"Hello, for 48 hours. the road surface is broken at the crossing. the complaint has been logged in the app. kripya madad kijiye.",hi,2025-04-20 13:31:43,"Hello, for 48 hours. the road surface is broken at the crossing. the complaint has been logged in the app. kripya madad kijiye.",hello for 48 hours the road surface is broken at the crossing the complaint has been logged in the app kripya madad kijiye,roads,roads
PGR202500578,portal,2025-06-15 00:46:16,"Hi, for the past three days. the streetlight near our lane is not working. we also tried the IVR earlier. krupaya sahayya kara.",mr,2025-06-15 00:47:11,"Hi, for the past three days. the streetlight near our lane is not working. we also tried the IVR earlier. krupaya sahayya kara.",hi for the past three days the streetlight near our lane is not working we also tried the ivr earlier krupaya sahayya kara,unknown,unknown
PGR202500579,portal,2025-02-16 06:01:07,"Namaste, for two days. the tanker did not arrive today. pani ki kami ho rahi hai please arrange tankers. kripya madad kijiye.",hi,2025-02-16 06:02:02,"Namaste, for two days. the tanker did not arrive today. pani ki kami ho rahi hai please arrange tankers. kripya madad kijiye.",namaste for two days the tanker did not arrive today pani ki kami ho rahi hai please arrange tankers kripya madad kijiye,water_supply,tanker_delay
PGR202500580,portal,2025-02-14 23:57:20,"Hello, for 48 hours. we suspect a pipeline leak nearby. krupaya sahayya kara.",mr,2025-02-14 23:58:46,"Hello, for 48 hours. we suspect a pipeline leak nearby. krupaya sahayya kara.",hello for 48 hours we suspect a pipeline leak nearby krupaya sahayya kara,water_supply,water_supply
PGR202500581,portal,2025-06-06 00:27:02,"Good evening, for two days. I am reporting that a service request has no update. the complaint has been logged in the app. barah e karam madad karein.",ur,2025-06-06 00:27:24,"Good evening, for two days. I am reporting that a service request has no update. the complaint has been logged in the app. barah e karam madad karein.",good evening for two days i am reporting that a service request has no update the complaint has been logged in the app barah e karam madad karein,grievance_general,grievance_general
PGR202500582,portal,2025-02-17 00:16:16,"Hi, for two days. We are experiencing the drain is blocked and water is stagnant. krupaya sahayya kara.",mr,2025-02-17 00:17:05,"Hi, for two days. We are experiencing the drain is blocked and water is stagnant. krupaya sahayya kara.",hi for two days we are experiencing the drain is blocked and water is stagnant krupaya sahayya kara,water_supply,water_supply
PGR202500583,ivr,2025-02-08 19:03:45,"Hi, in Chandrapur, since last night. I am reporting that we need information on the process. we also tried the IVR earlier. krupaya sahayya kara.",mr,2025-02-08 19:04:05,"Hi, in Chandrapur, since last night. I am reporting that we need information on the process. we also tried the IVR earlier. krupaya sahayya kara.",hi in chandrapur since last night i am reporting that we need information on the process we also tried the ivr earlier krupaya sahayya kara,grievance_general,grievance_general
PGR202500584,portal,2025-04-02 14:44:00,"Good morning, since yesterday. I am reporting that we need information on the process. the complaint has been logged in the app. kripya madad kijiye.",hi,2025-04-02 14:45:46,"Good morning, since yesterday. I am reporting that we need information on the process. the complaint has been logged in the app. kripya madad kijiye.",good morning since yesterday i am reporting that we need information on the process the complaint has been logged in the app kripya madad kijiye,grievance_general,grievance_general
PGR202500585,portal,2025-06-19 17:25:49,"Ji, for almost a week. We are experiencing the whole stretch is dark after evening. krupaya sahayya kara.",mr,2025-06-19 17:27:23,"Ji, for almost a week. We are experiencing the whole stretch is dark after evening. krupaya sahayya kara.",ji for almost a week we are experiencing the whole stretch is dark after evening krupaya sahayya kara,streetlights,streetlights
PGR202500586,mobile,2025-05-15 09:46:47,"Hello, since last night. We are experiencing there is illegal construction on the terrace. the complaint has been logged in the app. krupaya sahayya kara.",mr,2025-05-15 09:47:38,"Hello, since last night. We are experiencing there is illegal construction on the terrace. the complaint has been logged in the app. krupaya sahayya kara.",hello since last night we are experiencing there is illegal construction on the terrace the complaint has been logged in the app krupaya sahayya kara,building_safety,building_safety
PGR202500587,portal,2025-02-15 20:48:26,"Good morning, since yesterday. the road surface is broken at the crossing. please help.",en,2025-02-15 20:49:16,"Good morning, since yesterday. the road surface is broken at the crossing. please help.",good morning since yesterday the road surface is broken at the crossing please help,roads,roads
PGR202500588,portal,2025-06-06 13:40:17,"Good evening, for 48 hours. Residents are reporting illegal parking is blocking the lane. please help.",en,2025-06-06 13:41:18,"Good evening, for 48 hours. Residents are reporting illegal parking is blocking the lane. please help.",good evening for 48 hours residents are reporting illegal parking is blocking the lane please help,parks,parks
PGR202500589,mobile,2025-06-07 12:52:10,"Good morning, for two days. Residents are reporting the septic tank has overflowed onto the street. the complaint has been logged in the app. kripya madad kijiye.",hi,2025-06-07 12:52:49,"Good morning, for two days. Residents are reporting the septic tank has overflowed onto the street. the complaint has been logged in the app. kripya madad kijiye.",good morning for two days residents are reporting the septic tank has overflowed onto the street the complaint has been logged in the app kripya madad kijiye,drainage,drainage
PGR202500590,mobile,2025-06-01 02:30:26,"Good morning, since last night. Residents are reporting waterlogging is happening after even light rain. kripya madad kijiye.",hi,2025-06-01 02:31:53,"Good morning, since last night. Residents are reporting waterlogging is happening after even light rain. kripya madad kijiye.",good morning since last night residents are reporting waterlogging is happening after even light rain kripya madad kijiye,water_supply,water_supply
PGR202500591,portal,2025-06-16 09:33:03,"Namaste, for 48 hours. I am reporting that tap pressure is very low. summer water crisis is likely so please plan supply. pressure bahut kam hai. dayavittu sahaya maadi.",kn,2025-06-16 09:34:57,"Namaste, for 48 hours. I am reporting that tap pressure is very low. summer water crisis is likely so please plan supply. pressure bahut kam hai. dayavittu sahaya maadi.",namaste for 48 hours i am reporting that tap pressure is very low summer water crisis is likely so please plan supply pressure bahut kam hai dayavittu sahaya maadi,water_supply,water_supply
PGR202500592,portal,2025-03-08 23:33:38,"Good morning, since Monday. I am reporting that the grass is drying up because irrigation is off. krupaya sahayya kara.",mr,2025-03-08 23:34:13,"Good morning, since Monday. I am reporting that the grass is drying up because irrigation is off. krupaya sahayya kara.",good morning since monday i am reporting that the grass is drying up because irrigation is off krupaya sahayya kara,unknown,unknown
PGR202500593,portal,2025-06-27 22:27:15,"Good morning, for 48 hours. We are experiencing there is no water in the tap. groundwater is very low this season. the complaint has been logged in the app. kripya madad kijiye.",hi,2025-06-27 22:27:59,"Good morning, for 48 hours. We are experiencing there is no water in the tap. groundwater is very low this season. the complaint has been logged in the app. kripya madad kijiye.",good morning for 48 hours we are experiencing there is no water in the tap groundwater is very low this season the complaint has been logged in the app kripya madad kijiye,water_supply,no_supply
PGR202500594,mobile,2025-03-21 02:30:23,"Hi, for 48 hours. We are experiencing the drain is blocked and water is stagnant. loker madat kara. krupaya sahayya kara.",mr,2025-03-21 02:32:15,"Hi, for 48 hours. We are experiencing the drain is blocked and water is stagnant. loker madat kara. krupaya sahayya kara.",hi for 48 hours we are experiencing the drain is blocked and water is stagnant loker madat kara krupaya sahayya kara,water_supply,water_supply
PGR202500595,mobile,2025-06-01 07:17:34,"Good morning, since Monday. Residents are reporting a loose cable is creating a hazard. the complaint has been logged in the app. please jaldi se kijiye. kripya madad kijiye.",hi,2025-06-01 07:19:03,"Good morning, since Monday. Residents are reporting a loose cable is creating a hazard. the complaint has been logged in the app. please jaldi se kijiye. kripya madad kijiye.",good morning since monday residents are reporting a loose cable is creating a hazard the complaint has been logged in the app please jaldi se kijiye kripya madad kijiye,utilities_other,utilities_other
PGR202500596,mobile,2025-04-28 21:42:44,"Ji, for the past three days. I am reporting that staff behaviour was unhelpful at the office. paani nahi aa raha hai. kripya madad kijiye.",hi,2025-04-28 21:43:04,"Ji, for the past three days. I am reporting that staff behaviour was unhelpful at the office. paani nahi aa raha hai. kripya madad kijiye.",ji for the past three days i am reporting that staff behaviour was unhelpful at the office paani nahi aa raha hai kripya madad kijiye,grievance_general,grievance_general
PGR202500597,csc,2025-05-28 22:07:08,"Namaste, for the past three days. resurfacing has been pending for many weeks. the complaint has been logged in the app. we also tried the IVR earlier. kripya madad kijiye.",hi,2025-05-28 22:07:53,"Namaste, for the past three days. resurfacing has been pending for many weeks. the complaint has been logged in the app. we also tried the IVR earlier. kripya madad kijiye.",namaste for the past three days resurfacing has been pending for many weeks the complaint has been logged in the app we also tried the ivr earlier kripya madad kijiye,roads,roads
PGR202500598,ivr,2025-05-06 04:08:59,"Ji, for almost a week. I am reporting that the grass is drying up because irrigation is off. summer water crisis is likely so please plan supply. the complaint has been logged in the app. kripya madad kijiye.",hi,2025-05-06 04:10:29,"Ji, for almost a week. I am reporting that the grass is drying up because irrigation is off. summer water crisis is likely so please plan supply. the complaint has been logged in the app. kripya madad kijiye.",ji for almost a week i am reporting that the grass is drying up because irrigation is off summer water crisis is likely so please plan supply the complaint has been logged in the app kripya madad kijiye,water_supply,water_supply
PGR202500599,mobile,2025-05-08 08:56:22,"Ji, since yesterday. I am reporting that an electrical cabinet is open near the path. summer water crisis is likely so please plan supply. we also tried the IVR earlier. kripya madad kijiye.",hi,2025-05-08 08:57:35,"Ji, since yesterday. I am reporting that an electrical cabinet is open near the path. summer water crisis is likely so please plan supply. we also tried the IVR earlier. kripya madad kijiye.",ji since yesterday i am reporting that an electrical cabinet is open near the path summer water crisis is likely so please plan supply we also tried the ivr earlier kripya madad kijiye,water_supply,water_supply
PGR202500600,portal,2025-05-04 10:37:21,"Good morning, in Chandrapur near Ward 09, since yesterday. Residents are reporting staff behaviour was unhelpful at the office. summer water crisis is likely so please plan supply. paani nahi aa raha hai. kripya madad kijiye.",hi,2025-05-04 10:37:57,"Good morning, in Chandrapur near Ward 09, since yesterday. Residents are reporting staff behaviour was unhelpful at the office. summer water crisis is likely so please plan supply. paani nahi aa raha hai. kripya madad kijiye.",good morning in chandrapur near ward 09 since yesterday residents are reporting staff behaviour was unhelpful at the office summer water crisis is likely so please plan supply paani nahi aa raha hai kripya madad kijiye,water_supply,water_supply
PGR202500601,mobile,2025-05-28 20:23:11,"Ji, since Monday. Residents are reporting the septic tank has overflowed onto the street. please help.",en,2025-05-28 20:24:49,"Ji, since Monday. Residents are reporting the septic tank has overflowed onto the street. please help.",ji since monday residents are reporting the septic tank has overflowed onto the street please help,drainage,drainage
PGR202500602,mobile,2025-05-22 20:33:16,"Good evening, in Aurangabad near Ward 15, since yesterday. I am reporting that tap pressure is very low. pani ki kami ho rahi hai please arrange tankers. the complaint has been logged in the app. kripya madad kijiye.",hi,2025-05-22 20:35:12,"Good evening, in Aurangabad near Ward 15, since yesterday. I am reporting that tap pressure is very low. pani ki kami ho rahi hai please arrange tankers. the complaint has been logged in the app. kripya madad kijiye.",good evening in aurangabad near ward 15 since yesterday i am reporting that tap pressure is very low pani ki kami ho rahi hai please arrange tankers the complaint has been logged in the app kripya madad kijiye,water_supply,tanker_delay
PGR202500603,mobile,2025-02-21 04:23:16,"Ji, for 48 hours. I am reporting that an electrical cabinet is open near the path. kripya madad kijiye.",hi,2025-02-21 04:24:25,"Ji, for 48 hours. I am reporting that an electrical cabinet is open near the path. kripya madad kijiye.",ji for 48 hours i am reporting that an electrical cabinet is open near the path kripya madad kijiye,solid_waste,solid_waste
PGR202500604,mobile,2025-06-04 21:47:50,"Good evening, for almost a week. I am reporting that there is no water in the tap. pani ki kami ho rahi hai please arrange tankers. please help.",en,2025-06-04 21:49:33,"Good evening, for almost a week. I am reporting that there is no water in the tap. pani ki kami ho rahi hai please arrange tankers. please help.",good evening for almost a week i am reporting that there is no water in the tap pani ki kami ho rahi hai please arrange tankers please help,water_supply,no_supply
PGR202500605,portal,2025-04-22 09:50:41,"Hello, for the past three days. the community tap is dry in the morning. groundwater is very low this season. the complaint has been logged in the app. kripya madad kijiye.",hi,2025-04-22 09:52:12,"Hello, for the past three days. the community tap is dry in the morning. groundwater is very low this season. the complaint has been logged in the app. kripya madad kijiye.",hello for the past three days the community tap is dry in the morning groundwater is very low this season the complaint has been logged in the app kripya madad kijiye,water_supply,water_supply
PGR202500606,ivr,2025-03-21 11:06:00,"Namaste, since Monday. stray dogs are aggressive near the market. it feels like a drought and the borewell is almost dry. please help.",en,2025-03-21 11:06:13,"Namaste, since Monday. stray dogs are aggressive near the market. it feels like a drought and the borewell is almost dry. please help.",namaste since monday stray dogs are aggressive near the market it feels like a drought and the borewell is almost dry please help,public_health,public_health
PGR202500607,mobile,2025-04-19 03:12:07,"Hello, since last night. resurfacing has been pending for many weeks. dayavittu sahaya maadi.",kn,2025-04-19 03:13:16,"Hello, since last night. resurfacing has been pending for many weeks. dayavittu sahaya maadi.",hello since last night resurfacing has been pending for many weeks dayavittu sahaya maadi,roads,roads
PGR202500608,portal,2025-06-26 01:08:24,"Good morning, since yesterday. We are experiencing the road surface is broken at the crossing. krupaya sahayya kara.",mr,2025-06-26 01:09:20,"Good morning, since yesterday. We are experiencing the road surface is broken at the crossing. krupaya sahayya kara.",good morning since yesterday we are experiencing the road surface is broken at the crossing krupaya sahayya kara,roads,roads
PGR202500609,portal,2025-06-09 15:15:34,"Hello, since yesterday. there is a strong smell from the open drain. please help.",en,2025-06-09 15:15:57,"Hello, since yesterday. there is a strong smell from the open drain. please help.",hello since yesterday there is a strong smell from the open drain please help,drainage,drainage
PGR202500610,whatsapp,2025-06-06 01:18:51,"Good morning, since Monday. Residents are reporting the tanker did not arrive today. summer water crisis is likely so please plan supply. the complaint has been logged in the app. krupaya sahayya kara.",mr,2025-06-06 01:20:10,"Good morning, since Monday. Residents are reporting the tanker did not arrive today. summer water crisis is likely so please plan supply. the complaint has been logged in the app. krupaya sahayya kara.",good morning since monday residents are reporting the tanker did not arrive today summer water crisis is likely so please plan supply the complaint has been logged in the app krupaya sahayya kara,water_supply,tanker_delay
PGR202500611,portal,2025-04-11 10:04:39,"Hi, for 48 hours. Residents are reporting the road surface is broken at the crossing. please help.",en,2025-04-11 10:06:16,"Hi, for 48 hours. Residents are reporting the road surface is broken at the crossing. please help.",hi for 48 hours residents are reporting the road surface is broken at the crossing please help,roads,roads
PGR202500612,mobile,2025-05-29 14:53:45,"Hello, since Monday. We are experiencing an electrical cabinet is open near the path. we also tried the IVR earlier. krupaya sahayya kara.",mr,2025-05-29 14:55:03,"Hello, since Monday. We are experiencing an electrical cabinet is open near the path. we also tried the IVR earlier. krupaya sahayya kara.",hello since monday we are experiencing an electrical cabinet is open near the path we also tried the ivr earlier krupaya sahayya kara,solid_waste,solid_waste
PGR202500613,portal,2025-03-30 18:19:19,"Ji, for almost a week. I am reporting that the streetlight near our lane is not working. kripya madad kijiye.",hi,2025-03-30 18:19:36,"Ji, for almost a week. I am reporting that the streetlight near our lane is not working. kripya madad kijiye.",ji for almost a week i am reporting that the streetlight near our lane is not working kripya madad kijiye,unknown,unknown
PGR202500614,mobile,2025-05-14 22:11:43,"Hello, since Monday. Residents are reporting there is no water in the tap. garami madhe jalsankat aahe. krupaya sahayya kara.",mr,2025-05-14 22:11:53,"Hello, since Monday. Residents are reporting there is no water in the tap. garami madhe jalsankat aahe. krupaya sahayya kara.",hello since monday residents are reporting there is no water in the tap garami madhe jalsankat aahe krupaya sahayya kara,water_supply,no_supply
PGR202500615,whatsapp,2025-05-07 22:25:39,"Hello, for almost a week. I am reporting that waterlogging is happening after even light rain. kripya madad kijiye.",hi,2025-05-07 22:27:33,"Hello, for almost a week. I am reporting that waterlogging is happening after even light rain. kripya madad kijiye.",hello for almost a week i am reporting that waterlogging is happening after even light rain kripya madad kijiye,water_supply,water_supply
PGR202500616,mobile,2025-03-10 11:16:30,"Namaste, since yesterday. resurfacing has been pending for many weeks. krupaya sahayya kara.",mr,2025-03-10 11:18:27,"Namaste, since yesterday. resurfacing has been pending for many weeks. krupaya sahayya kara.",namaste since yesterday resurfacing has been pending for many weeks krupaya sahayya kara,roads,roads
PGR202500617,portal,2025-03-12 23:16:04,"Hello, for 48 hours. an old building has a dangerous cracked wall. krupaya sahayya kara.",mr,2025-03-12 23:17:20,"Hello, for 48 hours. an old building has a dangerous cracked wall. krupaya sahayya kara.",hello for 48 hours an old building has a dangerous cracked wall krupaya sahayya kara,building_safety,building_safety
PGR202500618,mobile,2025-02-10 04:04:45,"Namaste, since yesterday. Residents are reporting the dispensary was closed during working hours. krupaya sahayya kara.",mr,2025-02-10 04:06:31,"Namaste, since yesterday. Residents are reporting the dispensary was closed during working hours. krupaya sahayya kara.",namaste since yesterday residents are reporting the dispensary was closed during working hours krupaya sahayya kara,unknown,unknown
PGR202500619,portal,2025-02-21 23:09:58,"Good morning, for almost a week. Residents are reporting a service request has no update. the complaint has been logged in the app. paani nahi aa raha hai. dayavittu sahaya maadi.",kn,2025-02-21 23:10:32,"Good morning, for almost a week. Residents are reporting a service request has no update. the complaint has been logged in the app. paani nahi aa raha hai. dayavittu sahaya maadi.",good morning for almost a week residents are reporting a service request has no update the complaint has been logged in the app paani nahi aa raha hai dayavittu sahaya maadi,grievance_general,grievance_general
PGR202500620,ivr,2025-04-07 01:01:37,"Namaste, for 48 hours. a loose cable is creating a hazard. please help.",en,2025-04-07 01:03:11,"Namaste, for 48 hours. a loose cable is creating a hazard. please help.",namaste for 48 hours a loose cable is creating a hazard please help,utilities_other,utilities_other
PGR202500621,portal,2025-04-13 16:21:28,"Hello, since last night. we need information on the process. the complaint has been logged in the app. krupaya sahayya kara.",mr,2025-04-13 16:22:54,"Hello, since last night. we need information on the process. the complaint has been logged in the app. krupaya sahayya kara.",hello since last night we need information on the process the complaint has been logged in the app krupaya sahayya kara,grievance_general,grievance_general
PGR202500622,portal,2025-02-25 18:26:04,"Hi, for two days. illegal parking is blocking the lane. dayavittu sahaya maadi.",kn,2025-02-25 18:27:43,"Hi, for two days. illegal parking is blocking the lane. dayavittu sahaya maadi.",hi for two days illegal parking is blocking the lane dayavittu sahaya maadi,parks,parks
PGR202500623,whatsapp,2025-04-04 12:48:05,"Hi, since last night. Residents are reporting the streetlight near our lane is not working. the complaint has been logged in the app. we also tried the IVR earlier. krupaya sahayya kara.",mr,2025-04-04 12:49:25,"Hi, since last night. Residents are reporting the streetlight near our lane is not working. the complaint has been logged in the app. we also tried the IVR earlier. krupaya sahayya kara.",hi since last night residents are reporting the streetlight near our lane is not working the complaint has been logged in the app we also tried the ivr earlier krupaya sahayya kara,unknown,unknown
PGR202500624,ivr,2025-05-02 15:02:20,"Hi, for the past three days. Residents are reporting the bin is overflowing and animals gather there. the complaint has been logged in the app. please help.",en,2025-05-02 15:02:55,"Hi, for the past three days. Residents are reporting the bin is overflowing and animals gather there. the complaint has been logged in the app. please help.",hi for the past three days residents are reporting the bin is overflowing and animals gather there the complaint has been logged in the app please help,drainage,drainage
PGR202500625,mobile,2025-03-07 21:15:06,"Hello, for 48 hours. We are experiencing staff behaviour was unhelpful at the office. summer water crisis is likely so please plan supply. kripya madad kijiye.",hi,2025-03-07 21:16:09,"Hello, for 48 hours. We are experiencing staff behaviour was unhelpful at the office. summer water crisis is likely so please plan supply. kripya madad kijiye.",hello for 48 hours we are experiencing staff behaviour was unhelpful at the office summer water crisis is likely so please plan supply kripya madad kijiye,water_supply,water_supply
PGR202500626,portal,2025-03-23 17:39:09,"Namaste, for 48 hours. Residents are reporting there are big potholes on the road. please help.",en,2025-03-23 17:40:36,"Namaste, for 48 hours. Residents are reporting there are big potholes on the road. please help.",namaste for 48 hours residents are reporting there are big potholes on the road please help,roads,roads
PGR202500627,portal,2025-03-28 03:02:32,"Namaste, for the past three days. We are experiencing the community tap is dry in the morning. pani ki kami ho rahi hai please arrange tankers. krupaya sahayya kara.",mr,2025-03-28 03:04:17,"Namaste, for the past three days. We are experiencing the community tap is dry in the morning. pani ki kami ho rahi hai please arrange tankers. krupaya sahayya kara.",namaste for the past three days we are experiencing the community tap is dry in the morning pani ki kami ho rahi hai please arrange tankers krupaya sahayya kara,water_supply,tanker_delay
PGR202500628,portal,2025-04-17 18:11:37,"Namaste, since last night. I am reporting that the pole looks damaged and wires are exposed. the complaint has been logged in the app. please help.",en,2025-04-17 18:12:58,"Namaste, since last night. I am reporting that the pole looks damaged and wires are exposed. the complaint has been logged in the app. please help.",namaste since last night i am reporting that the pole looks damaged and wires are exposed the complaint has been logged in the app please help,streetlights,streetlights
PGR202500629,mobile,2025-03-27 23:00:45,"Hello, since yesterday. Residents are reporting the public toilet is not functioning. the complaint has been logged in the app. krupaya sahayya kara.",mr,2025-03-27 23:02:39,"Hello, since yesterday. Residents are reporting the public toilet is not functioning. the complaint has been logged in the app. krupaya sahayya kara.",hello since yesterday residents are reporting the public toilet is not functioning the complaint has been logged in the app krupaya sahayya kara,sanitation,sanitation
PGR202500630,mobile,2025-05-22 13:00:01,"Good evening, for the past three days. I am reporting that an illegal dumpsite is growing near the corner. the complaint has been logged in the app. we also tried the IVR earlier. kripya madad kijiye.",hi,2025-05-22 13:00:18,"Good evening, for the past three days. I am reporting that an illegal dumpsite is growing near the corner. the complaint has been logged in the app. we also tried the IVR earlier. kripya madad kijiye.",good evening for the past three days i am reporting that an illegal dumpsite is growing near the corner the complaint has been logged in the app we also tried the ivr earlier kripya madad kijiye,solid_waste,solid_waste
PGR202500631,ivr,2025-03-22 02:59:02,"Ji, since yesterday. the dispensary was closed during working hours. groundwater is very low this season. krupaya sahayya kara.",mr,2025-03-22 02:59:42,"Ji, since yesterday. the dispensary was closed during working hours. groundwater is very low this season. krupaya sahayya kara.",ji since yesterday the dispensary was closed during working hours groundwater is very low this season krupaya sahayya kara,water_supply,water_supply
PGR202500632,ivr,2025-04-07 02:01:41,"Good morning, for the past three days. We are experiencing resurfacing has been pending for many weeks. the complaint has been logged in the app. kripya madad kijiye.",hi,2025-04-07 02:02:29,"Good morning, for the past three days. We are experiencing resurfacing has been pending for many weeks. the complaint has been logged in the app. kripya madad kijiye.",good morning for the past three days we are experiencing resurfacing has been pending for many weeks the complaint has been logged in the app kripya madad kijiye,roads,roads
PGR202500633,csc,2025-03-29 22:04:14,"Ji, for 48 hours. illegal parking is blocking the lane. summer water crisis is likely so please plan supply. kripya madad kijiye.",hi,2025-03-29 22:04:19,"Ji, for 48 hours. illegal parking is blocking the lane. summer water crisis is likely so please plan supply. kripya madad kijiye.",ji for 48 hours illegal parking is blocking the lane summer water crisis is likely so please plan supply kripya madad kijiye,water_supply,water_supply
PGR202500634,whatsapp,2025-02-28 10:29:48,"Good morning, since last night. Residents are reporting there is no water in the tap. please help.",en,2025-02-28 10:31:33,"Good morning, since last night. Residents are reporting there is no water in the tap. please help.",good morning since last night residents are reporting there is no water in the tap please help,water_supply,no_supply
PGR202500635,portal,2025-05-14 20:40:33,"Good evening, for 48 hours. I am reporting that the road surface is broken at the crossing. please jaldi se kijiye. kripya madad kijiye.",hi,2025-05-14 20:40:57,"Good evening, for 48 hours. I am reporting that the road surface is broken at the crossing. please jaldi se kijiye. kripya madad kijiye.",good evening for 48 hours i am reporting that the road surface is broken at the crossing please jaldi se kijiye kripya madad kijiye,roads,roads
PGR202500636,csc,2025-03-08 07:36:22,"Hello, since last night. We are experiencing the septic tank has overflowed onto the street. the complaint has been logged in the app. krupaya tatkal karyavahi kara. krupaya sahayya kara.",mr,2025-03-08 07:37:19,"Hello, since last night. We are experiencing the septic tank has overflowed onto the street. the complaint has been logged in the app. krupaya tatkal karyavahi kara. krupaya sahayya kara.",hello since last night we are experiencing the septic tank has overflowed onto the street the complaint has been logged in the app krupaya tatkal karyavahi kara krupaya sahayya kara,drainage,drainage
PGR202500637,csc,2025-03-17 12:45:18,"Namaste, since yesterday. we need information on the process. the complaint has been logged in the app. we also tried the IVR earlier. kripya madad kijiye.",hi,2025-03-17 12:45:49,"Namaste, since yesterday. we need information on the process. the complaint has been logged in the app. we also tried the IVR earlier. kripya madad kijiye.",namaste since yesterday we need information on the process the complaint has been logged in the app we also tried the ivr earlier kripya madad kijiye,grievance_general,grievance_general
PGR202500638,portal,2025-05-30 21:54:24,"Good evening, for 48 hours. I am reporting that we need information on the process. kripya madad kijiye.",hi,2025-05-30 21:56:10,"Good evening, for 48 hours. I am reporting that we need information on the process. kripya madad kijiye.",good evening for 48 hours i am reporting that we need information on the process kripya madad kijiye,grievance_general,grievance_general
PGR202500639,portal,2025-06-23 07:53:17,"Hello, for almost a week. the bin is overflowing and animals gather there. krupaya sahayya kara.",mr,2025-06-23 07:53:29,"Hello, for almost a week. the bin is overflowing and animals gather there. krupaya sahayya kara.",hello for almost a week the bin is overflowing and animals gather there krupaya sahayya kara,drainage,drainage
PGR202500640,mobile,2025-05-12 15:02:06,"Ji, since last night. I am reporting that the tanker did not arrive today. pani ki kami ho rahi hai please arrange tankers. kripya madad kijiye.",hi,2025-05-12 15:02:29,"Ji, since last night. I am reporting that the tanker did not arrive today. pani ki kami ho rahi hai please arrange tankers. kripya madad kijiye.",ji since last night i am reporting that the tanker did not arrive today pani ki kami ho rahi hai please arrange tankers kripya madad kijiye,water_supply,tanker_delay
PGR202500641,portal,2025-06-18 10:51:09,"Good evening, for the past three days. the signal is not working at the junction. the complaint has been logged in the app. krupaya sahayya kara.",mr,2025-06-18 10:51:51,"Good evening, for the past three days. the signal is not working at the junction. the complaint has been logged in the app. krupaya sahayya kara.",good evening for the past three days the signal is not working at the junction the complaint has been logged in the app krupaya sahayya kara,traffic,traffic
PGR202500642,mobile,2025-06-09 03:05:09,"Namaste, for two days. an electrical cabinet is open near the path. krupaya sahayya kara.",mr,2025-06-09 03:06:50,"Namaste, for two days. an electrical cabinet is open near the path. krupaya sahayya kara.",namaste for two days an electrical cabinet is open near the path krupaya sahayya kara,solid_waste,solid_waste
PGR202500643,mobile,2025-04-14 03:16:38,"Hello, for 48 hours. We are experiencing the road surface is broken at the crossing. tankers kab aayenge. dayavittu sahaya maadi.",kn,2025-04-14 03:18:25,"Hello, for 48 hours. We are experiencing the road surface is broken at the crossing. tankers kab aayenge. dayavittu sahaya maadi.",hello for 48 hours we are experiencing the road surface is broken at the crossing tankers kab aayenge dayavittu sahaya maadi,water_supply,tanker_delay
PGR202500644,portal,2025-05-27 13:02:39,"Ji, since Monday. We are experiencing the road surface is broken at the crossing. groundwater is very low this season. kripya madad kijiye.",hi,2025-05-27 13:04:38,"Ji, since Monday. We are experiencing the road surface is broken at the crossing. groundwater is very low this season. kripya madad kijiye.",ji since monday we are experiencing the road surface is broken at the crossing groundwater is very low this season kripya madad kijiye,water_supply,water_supply
PGR202500645,portal,2025-03-22 06:06:00,"Good morning, for the past three days. I am reporting that the grass is drying up because irrigation is off. krupaya sahayya kara.",mr,2025-03-22 06:07:27,"Good morning, for the past three days. I am reporting that the grass is drying up because irrigation is off. krupaya sahayya kara.",good morning for the past three days i am reporting that the grass is drying up because irrigation is off krupaya sahayya kara,unknown,unknown
PGR202500646,mobile,2025-04-11 01:47:21,"Ji, for two days. there is a strong smell from the open drain. krupaya tatkal karyavahi kara. krupaya sahayya kara.",mr,2025-04-11 01:48:02,"Ji, for two days. there is a strong smell from the open drain. krupaya tatkal karyavahi kara. krupaya sahayya kara.",ji for two days there is a strong smell from the open drain krupaya tatkal karyavahi kara krupaya sahayya kara,drainage,drainage
PGR202500647,csc,2025-04-22 07:33:54,"Ji, since last night. I am reporting that an old building has a dangerous cracked wall. we also tried the IVR earlier. tanker kadi yetil. krupaya sahayya kara.",mr,2025-04-22 07:35:08,"Ji, since last night. I am reporting that an old building has a dangerous cracked wall. we also tried the IVR earlier. tanker kadi yetil. krupaya sahayya kara.",ji since last night i am reporting that an old building has a dangerous cracked wall we also tried the ivr earlier tanker kadi yetil krupaya sahayya kara,water_supply,tanker_delay
PGR202500648,ivr,2025-06-25 01:46:28,"Hi, for 48 hours. I am reporting that the bin is overflowing and animals gather there. it feels like a drought and the borewell is almost dry. kripya madad kijiye.",hi,2025-06-25 01:47:19,"Hi, for 48 hours. I am reporting that the bin is overflowing and animals gather there. it feels like a drought and the borewell is almost dry. kripya madad kijiye.",hi for 48 hours i am reporting that the bin is overflowing and animals gather there it feels like a drought and the borewell is almost dry kripya madad kijiye,drainage,drainage
PGR202500649,mobile,2025-06-08 06:49:03,"Hi, since yesterday. Residents are reporting an illegal dumpsite is growing near the corner. krupaya sahayya kara.",mr,2025-06-08 06:49:47,"Hi, since yesterday. Residents are reporting an illegal dumpsite is growing near the corner. krupaya sahayya kara.",hi since yesterday residents are reporting an illegal dumpsite is growing near the corner krupaya sahayya kara,solid_waste,solid_waste
PGR202500650,mobile,2025-04-15 09:18:37,"Good evening, for 48 hours. I am reporting that the road surface is broken at the crossing. kripya madad kijiye.",hi,2025-04-15 09:18:48,"Good evening, for 48 hours. I am reporting that the road surface is broken at the crossing. kripya madad kijiye.",good evening for 48 hours i am reporting that the road surface is broken at the crossing kripya madad kijiye,roads,roads
PGR202500651,mobile,2025-05-09 21:18:51,"Namaste, since last night. We are experiencing the dispensary was closed during working hours. pani ki kami ho rahi hai please arrange tankers. the complaint has been logged in the app. krupaya sahayya kara.",mr,2025-05-09 21:20:13,"Namaste, since last night. We are experiencing the dispensary was closed during working hours. pani ki kami ho rahi hai please arrange tankers. the complaint has been logged in the app. krupaya sahayya kara.",namaste since last night we are experiencing the dispensary was closed during working hours pani ki kami ho rahi hai please arrange tankers the complaint has been logged in the app krupaya sahayya kara,water_supply,tanker_delay
PGR202500652,csc,2025-03-03 08:29:00,"Namaste, for two days. We are experiencing there is a strong smell from the open drain. kripya madad kijiye.",hi,2025-03-03 08:29:38,"Namaste, for two days. We are experiencing there is a strong smell from the open drain. kripya madad kijiye.",namaste for two days we are experiencing there is a strong smell from the open drain kripya madad kijiye,drainage,drainage
PGR202500653,csc,2025-06-01 15:48:37,"Hello, for the past three days. there is illegal construction on the terrace. the complaint has been logged in the app. we also tried the IVR earlier. kripya madad kijiye.",hi,2025-06-01 15:49:53,"Hello, for the past three days. there is illegal construction on the terrace. the complaint has been logged in the app. we also tried the IVR earlier. kripya madad kijiye.",hello for the past three days there is illegal construction on the terrace the complaint has been logged in the app we also tried the ivr earlier kripya madad kijiye,building_safety,building_safety
PGR202500654,mobile,2025-04-24 22:56:11,"Good evening, since last night. the wash area is broken and unclean. krupaya sahayya kara.",mr,2025-04-24 22:56:50,"Good evening, since last night. the wash area is broken and unclean. krupaya sahayya kara.",good evening since last night the wash area is broken and unclean krupaya sahayya kara,unknown,unknown
PGR202500655,csc,2025-04-21 21:48:00,"Namaste, for almost a week. Residents are reporting the wash area is broken and unclean. we also tried the IVR earlier. krupaya sahayya kara.",mr,2025-04-21 21:48:14,"Namaste, for almost a week. Residents are reporting the wash area is broken and unclean. we also tried the IVR earlier. krupaya sahayya kara.",namaste for almost a week residents are reporting the wash area is broken and unclean we also tried the ivr earlier krupaya sahayya kara,unknown,unknown
PGR202500656,mobile,2025-05-26 22:37:13,"Good evening, for almost a week. I am reporting that garbage pickup has been missed repeatedly. the complaint has been logged in the app. krupaya sahayya kara.",mr,2025-05-26 22:38:52,"Good evening, for almost a week. I am reporting that garbage pickup has been missed repeatedly. the complaint has been logged in the app. krupaya sahayya kara.",good evening for almost a week i am reporting that garbage pickup has been missed repeatedly the complaint has been logged in the app krupaya sahayya kara,solid_waste,solid_waste
PGR202500657,mobile,2025-05-06 22:30:11,"Hello, for almost a week. I am reporting that the community tap is dry in the morning. we also tried the IVR earlier. krupaya sahayya kara.",mr,2025-05-06 22:32:04,"Hello, for almost a week. I am reporting that the community tap is dry in the morning. we also tried the IVR earlier. krupaya sahayya kara.",hello for almost a week i am reporting that the community tap is dry in the morning we also tried the ivr earlier krupaya sahayya kara,water_supply,water_supply
PGR202500658,whatsapp,2025-02-11 20:52:53,"Namaste, for 48 hours. I am reporting that the community tap is dry in the morning. krupaya sahayya kara.",mr,2025-02-11 20:53:00,"Namaste, for 48 hours. I am reporting that the community tap is dry in the morning. krupaya sahayya kara.",namaste for 48 hours i am reporting that the community tap is dry in the morning krupaya sahayya kara,water_supply,water_supply
PGR202500659,mobile,2025-03-16 05:21:36,"Namaste, for the past three days. the whole stretch is dark after evening. the complaint has been logged in the app. krupaya sahayya kara.",mr,2025-03-16 05:22:02,"Namaste, for the past three days. the whole stretch is dark after evening. the complaint has been logged in the app. krupaya sahayya kara.",namaste for the past three days the whole stretch is dark after evening the complaint has been logged in the app krupaya sahayya kara,streetlights,streetlights
PGR202500660,mobile,2025-02-27 12:11:17,"Namaste, since Monday. I am reporting that staff behaviour was unhelpful at the office. the complaint has been logged in the app. we also tried the IVR earlier. please help.",en,2025-02-27 12:12:39,"Namaste, since Monday. I am reporting that staff behaviour was unhelpful at the office. the complaint has been logged in the app. we also tried the IVR earlier. please help.",namaste since monday i am reporting that staff behaviour was unhelpful at the office the complaint has been logged in the app we also tried the ivr earlier please help,grievance_general,grievance_general
PGR202500661,portal,2025-05-22 05:36:54,"Good morning, since Monday. Residents are reporting tap pressure is very low. it feels like a drought and the borewell is almost dry. krupaya sahayya kara.",mr,2025-05-22 05:37:09,"Good morning, since Monday. Residents are reporting tap pressure is very low. it feels like a drought and the borewell is almost dry. krupaya sahayya kara.",good morning since monday residents are reporting tap pressure is very low it feels like a drought and the borewell is almost dry krupaya sahayya kara,water_supply,water_supply
PGR202500662,portal,2025-02-06 06:31:47,"Good evening, for almost a week. the drain is blocked and water is stagnant. the complaint has been logged in the app. summer mein dikkat ho rahi hai. kripya madad kijiye.",hi,2025-02-06 06:33:38,"Good evening, for almost a week. the drain is blocked and water is stagnant. the complaint has been logged in the app. summer mein dikkat ho rahi hai. kripya madad kijiye.",good evening for almost a week the drain is blocked and water is stagnant the complaint has been logged in the app summer mein dikkat ho rahi hai kripya madad kijiye,water_supply,water_supply
PGR202500663,whatsapp,2025-03-03 08:39:23,"Ji, for 48 hours. We are experiencing resurfacing has been pending for many weeks. krupaya sahayya kara.",mr,2025-03-03 08:39:35,"Ji, for 48 hours. We are experiencing resurfacing has been pending for many weeks. krupaya sahayya kara.",ji for 48 hours we are experiencing resurfacing has been pending for many weeks krupaya sahayya kara,roads,roads
PGR202500664,whatsapp,2025-05-01 14:48:07,"Ji, for almost a week. I am reporting that a loose cable is creating a hazard. the complaint has been logged in the app. we also tried the IVR earlier. dayavittu sahaya maadi.",kn,2025-05-01 14:49:16,"Ji, for almost a week. I am reporting that a loose cable is creating a hazard. the complaint has been logged in the app. we also tried the IVR earlier. dayavittu sahaya maadi.",ji for almost a week i am reporting that a loose cable is creating a hazard the complaint has been logged in the app we also tried the ivr earlier dayavittu sahaya maadi,utilities_other,utilities_other
PGR202500665,mobile,2025-05-16 05:16:23,"Hello, for two days. I am reporting that resurfacing has been pending for many weeks. groundwater is very low this season. kripya madad kijiye.",hi,2025-05-16 05:16:56,"Hello, for two days. I am reporting that resurfacing has been pending for many weeks. groundwater is very low this season. kripya madad kijiye.",hello for two days i am reporting that resurfacing has been pending for many weeks groundwater is very low this season kripya madad kijiye,water_supply,water_supply
PGR202500666,mobile,2025-04-17 11:53:50,"Hi, since last night. I am reporting that we need information on the process. krupaya sahayya kara.",mr,2025-04-17 11:54:30,"Hi, since last night. I am reporting that we need information on the process. krupaya sahayya kara.",hi since last night i am reporting that we need information on the process krupaya sahayya kara,grievance_general,grievance_general
PGR202500667,csc,2025-06-10 02:35:18,"Hi, for almost a week. I am reporting that tap pressure is very low. summer water crisis is likely so please plan supply. kripya madad kijiye.",hi,2025-06-10 02:36:38,"Hi, for almost a week. I am reporting that tap pressure is very low. summer water crisis is likely so please plan supply. kripya madad kijiye.",hi for almost a week i am reporting that tap pressure is very low summer water crisis is likely so please plan supply kripya madad kijiye,water_supply,water_supply
PGR202500668,mobile,2025-06-18 20:11:02,"Hello, for two days. I am reporting that illegal parking is blocking the lane. krupaya sahayya kara.",mr,2025-06-18 20:12:01,"Hello, for two days. I am reporting that illegal parking is blocking the lane. krupaya sahayya kara.",hello for two days i am reporting that illegal parking is blocking the lane krupaya sahayya kara,parks,parks
PGR202500669,ivr,2025-02-20 19:34:12,"Good morning, since Monday. I am reporting that a service request has no update. the complaint has been logged in the app. tankers kab aayenge. kripya madad kijiye.",hi,2025-02-20 19:35:57,"Good morning, since Monday. I am reporting that a service request has no update. the complaint has been logged in the app. tankers kab aayenge. kripya madad kijiye.",good morning since monday i am reporting that a service request has no update the complaint has been logged in the app tankers kab aayenge kripya madad kijiye,water_supply,tanker_delay
PGR202500670,portal,2025-06-23 21:02:22,"Ji, for 48 hours. Residents are reporting there is illegal construction on the terrace. please jaldi se kijiye. kripya madad kijiye.",hi,2025-06-23 21:02:45,"Ji, for 48 hours. Residents are reporting there is illegal construction on the terrace. please jaldi se kijiye. kripya madad kijiye.",ji for 48 hours residents are reporting there is illegal construction on the terrace please jaldi se kijiye kripya madad kijiye,building_safety,building_safety
PGR202500671,mobile,2025-05-04 03:46:00,"Good evening, since Monday. I am reporting that an old building has a dangerous cracked wall. it feels like a drought and the borewell is almost dry. the complaint has been logged in the app. kripya madad kijiye.",hi,2025-05-04 03:46:47,"Good evening, since Monday. I am reporting that an old building has a dangerous cracked wall. it feels like a drought and the borewell is almost dry. the complaint has been logged in the app. kripya madad kijiye.",good evening since monday i am reporting that an old building has a dangerous cracked wall it feels like a drought and the borewell is almost dry the complaint has been logged in the app kripya madad kijiye,building_safety,building_safety
PGR202500672,csc,2025-05-07 10:23:19,"Hi, for almost a week. I am reporting that the public toilet is not functioning. the complaint has been logged in the app. we also tried the IVR earlier. krupaya sahayya kara.",mr,2025-05-07 10:23:43,"Hi, for almost a week. I am reporting that the public toilet is not functioning. the complaint has been logged in the app. we also tried the IVR earlier. krupaya sahayya kara.",hi for almost a week i am reporting that the public toilet is not functioning the complaint has been logged in the app we also tried the ivr earlier krupaya sahayya kara,sanitation,sanitation
PGR202500673,mobile,2025-02-15 06:20:40,"Hello, for two days. We are experiencing the community tap is dry in the morning. krupaya sahayya kara.",mr,2025-02-15 06:21:51,"Hello, for two days. We are experiencing the community tap is dry in the morning. krupaya sahayya kara.",hello for two days we are experiencing the community tap is dry in the morning krupaya sahayya kara,water_supply,water_supply
PGR202500674,portal,2025-05-05 06:44:18,"Good evening, for the past three days. Residents are reporting the bin is overflowing and animals gather there. the complaint has been logged in the app. we also tried the IVR earlier. krupaya sahayya kara.",mr,2025-05-05 06:46:17,"Good evening, for the past three days. Residents are reporting the bin is overflowing and animals gather there. the complaint has been logged in the app. we also tried the IVR earlier. krupaya sahayya kara.",good evening for the past three days residents are reporting the bin is overflowing and animals gather there the complaint has been logged in the app we also tried the ivr earlier krupaya sahayya kara,drainage,drainage
PGR202500675,portal,2025-05-20 20:34:33,"Hello, for two days. the pole looks damaged and wires are exposed. krupaya sahayya kara.",mr,2025-05-20 20:34:57,"Hello, for two days. the pole looks damaged and wires are exposed. krupaya sahayya kara.",hello for two days the pole looks damaged and wires are exposed krupaya sahayya kara,streetlights,streetlights
PGR202500676,portal,2025-04-29 02:50:52,"Namaste, since Monday. illegal parking is blocking the lane. kripya madad kijiye.",hi,2025-04-29 02:51:48,"Namaste, since Monday. illegal parking is blocking the lane. kripya madad kijiye.",namaste since monday illegal parking is blocking the lane kripya madad kijiye,parks,parks
PGR202500677,portal,2025-02-13 16:10:32,"Ji, for almost a week. Residents are reporting staff behaviour was unhelpful at the office. please help.",en,2025-02-13 16:12:02,"Ji, for almost a week. Residents are reporting staff behaviour was unhelpful at the office. please help.",ji for almost a week residents are reporting staff behaviour was unhelpful at the office please help,grievance_general,grievance_general
PGR202500678,portal,2025-04-20 11:37:07,"Good evening, for almost a week. We are experiencing tap pressure is very low. krupaya sahayya kara.",mr,2025-04-20 11:38:03,"Good evening, for almost a week. We are experiencing tap pressure is very low. krupaya sahayya kara.",good evening for almost a week we are experiencing tap pressure is very low krupaya sahayya kara,water_supply,water_supply
PGR202500679,whatsapp,2025-06-21 09:22:59,"Good morning, for almost a week. I am reporting that resurfacing has been pending for many weeks. the complaint has been logged in the app. krupaya sahayya kara.",mr,2025-06-21 09:23:57,"Good morning, for almost a week. I am reporting that resurfacing has been pending for many weeks. the complaint has been logged in the app. krupaya sahayya kara.",good morning for almost a week i am reporting that resurfacing has been pending for many weeks the complaint has been logged in the app krupaya sahayya kara,roads,roads
PGR202500680,whatsapp,2025-05-20 12:17:57,"Hi, since yesterday. staff behaviour was unhelpful at the office. pani ki kami ho rahi hai please arrange tankers. kirpa karke madad karo.",pa,2025-05-20 12:18:57,"Hi, since yesterday. staff behaviour was unhelpful at the office. pani ki kami ho rahi hai please arrange tankers. kirpa karke madad karo.",hi since yesterday staff behaviour was unhelpful at the office pani ki kami ho rahi hai please arrange tankers kirpa karke madad karo,water_supply,tanker_delay
PGR202500681,portal,2025-02-21 14:40:06,"Hi, since yesterday. the whole stretch is dark after evening. the complaint has been logged in the app. krupaya sahayya kara.",mr,2025-02-21 14:41:47,"Hi, since yesterday. the whole stretch is dark after evening. the complaint has been logged in the app. krupaya sahayya kara.",hi since yesterday the whole stretch is dark after evening the complaint has been logged in the app krupaya sahayya kara,streetlights,streetlights
PGR202500682,mobile,2025-06-24 23:46:42,"Ji, for the past three days. I am reporting that an illegal dumpsite is growing near the corner. we also tried the IVR earlier. krupaya sahayya kara.",mr,2025-06-24 23:47:07,"Ji, for the past three days. I am reporting that an illegal dumpsite is growing near the corner. we also tried the IVR earlier. krupaya sahayya kara.",ji for the past three days i am reporting that an illegal dumpsite is growing near the corner we also tried the ivr earlier krupaya sahayya kara,solid_waste,solid_waste
PGR202500683,portal,2025-06-24 19:58:07,"Hi, since yesterday. I am reporting that staff behaviour was unhelpful at the office. the complaint has been logged in the app. please help.",en,2025-06-24 19:58:28,"Hi, since yesterday. I am reporting that staff behaviour was unhelpful at the office. the complaint has been logged in the app. please help.",hi since yesterday i am reporting that staff behaviour was unhelpful at the office the complaint has been logged in the app please help,grievance_general,grievance_general
PGR202500684,whatsapp,2025-02-26 09:49:25,"Good morning, since last night. I am reporting that the whole stretch is dark after evening. krupaya sahayya kara.",mr,2025-02-26 09:51:09,"Good morning, since last night. I am reporting that the whole stretch is dark after evening. krupaya sahayya kara.",good morning since last night i am reporting that the whole stretch is dark after evening krupaya sahayya kara,streetlights,streetlights
PGR202500685,mobile,2025-06-01 03:10:58,"Namaste, for 48 hours. the wash area is broken and unclean. please help.",en,2025-06-01 03:12:40,"Namaste, for 48 hours. the wash area is broken and unclean. please help.",namaste for 48 hours the wash area is broken and unclean please help,unknown,unknown
PGR202500686,portal,2025-04-03 00:10:53,"Good evening, since Monday. I am reporting that a loose cable is creating a hazard. kripya madad kijiye.",hi,2025-04-03 00:11:12,"Good evening, since Monday. I am reporting that a loose cable is creating a hazard. kripya madad kijiye.",good evening since monday i am reporting that a loose cable is creating a hazard kripya madad kijiye,utilities_other,utilities_other
PGR202500687,portal,2025-05-01 01:15:18,"Hello, since last night. We are experiencing the signal is not working at the junction. we also tried the IVR earlier. pressure bahut kam hai. dayavittu sahaya maadi.",kn,2025-05-01 01:15:24,"Hello, since last night. We are experiencing the signal is not working at the junction. we also tried the IVR earlier. pressure bahut kam hai. dayavittu sahaya maadi.",hello since last night we are experiencing the signal is not working at the junction we also tried the ivr earlier pressure bahut kam hai dayavittu sahaya maadi,water_supply,water_supply
PGR202500688,mobile,2025-04-08 18:40:14,"Ji, for 48 hours. We are experiencing a license check is required for these stalls. dayavittu sahaya maadi.",kn,2025-04-08 18:41:53,"Ji, for 48 hours. We are experiencing a license check is required for these stalls. dayavittu sahaya maadi.",ji for 48 hours we are experiencing a license check is required for these stalls dayavittu sahaya maadi,markets,markets
PGR202500689,portal,2025-05-29 09:26:47,"Namaste, since last night. I am reporting that a service request has no update. krupaya sahayya kara.",mr,2025-05-29 09:27:56,"Namaste, since last night. I am reporting that a service request has no update. krupaya sahayya kara.",namaste since last night i am reporting that a service request has no update krupaya sahayya kara,grievance_general,grievance_general
PGR202500690,mobile,2025-06-30 11:58:30,"Ji, since last night. Residents are reporting play equipment is broken in the park. krupaya sahayya kara.",mr,2025-06-30 11:59:06,"Ji, since last night. Residents are reporting play equipment is broken in the park. krupaya sahayya kara.",ji since last night residents are reporting play equipment is broken in the park krupaya sahayya kara,parks,parks
PGR202500691,csc,2025-05-31 06:24:47,"Good evening, for two days. Residents are reporting an electrical cabinet is open near the path. it feels like a drought and the borewell is almost dry. pani nahiye. krupaya sahayya kara.",mr,2025-05-31 06:26:36,"Good evening, for two days. Residents are reporting an electrical cabinet is open near the path. it feels like a drought and the borewell is almost dry. pani nahiye. krupaya sahayya kara.",good evening for two days residents are reporting an electrical cabinet is open near the path it feels like a drought and the borewell is almost dry pani nahiye krupaya sahayya kara,solid_waste,solid_waste
PGR202500692,csc,2025-06-20 16:56:12,"Good morning, in Chandrapur near Ward 07, for the past three days. I am reporting that the streetlight near our lane is not working. kripya madad kijiye.",hi,2025-06-20 16:57:26,"Good morning, in Chandrapur near Ward 07, for the past three days. I am reporting that the streetlight near our lane is not working. kripya madad kijiye.",good morning in chandrapur near ward 07 for the past three days i am reporting that the streetlight near our lane is not working kripya madad kijiye,unknown,unknown
PGR202500693,csc,2025-06-22 21:41:49,"Ji, for the past three days. We are experiencing we suspect a pipeline leak nearby. the complaint has been logged in the app. krupaya sahayya kara.",mr,2025-06-22 21:43:21,"Ji, for the past three days. We are experiencing we suspect a pipeline leak nearby. the complaint has been logged in the app. krupaya sahayya kara.",ji for the past three days we are experiencing we suspect a pipeline leak nearby the complaint has been logged in the app krupaya sahayya kara,water_supply,water_supply
PGR202500694,portal,2025-02-14 12:22:46,"Namaste, for 48 hours. I am reporting that there is no water in the tap. pani ki kami ho rahi hai please arrange tankers. the complaint has been logged in the app. krupaya sahayya kara.",mr,2025-02-14 12:23:07,"Namaste, for 48 hours. I am reporting that there is no water in the tap. pani ki kami ho rahi hai please arrange tankers. the complaint has been logged in the app. krupaya sahayya kara.",namaste for 48 hours i am reporting that there is no water in the tap pani ki kami ho rahi hai please arrange tankers the complaint has been logged in the app krupaya sahayya kara,water_supply,no_supply
PGR202500695,mobile,2025-03-11 00:10:48,"Namaste, since last night. I am reporting that we suspect a pipeline leak nearby. krupaya sahayya kara.",mr,2025-03-11 00:11:20,"Namaste, since last night. I am reporting that we suspect a pipeline leak nearby. krupaya sahayya kara.",namaste since last night i am reporting that we suspect a pipeline leak nearby krupaya sahayya kara,water_supply,water_supply
PGR202500696,portal,2025-05-20 06:41:00,"Namaste, for 48 hours. Residents are reporting a service request has no update. krupaya sahayya kara.",mr,2025-05-20 06:41:07,"Namaste, for 48 hours. Residents are reporting a service request has no update. krupaya sahayya kara.",namaste for 48 hours residents are reporting a service request has no update krupaya sahayya kara,grievance_general,grievance_general
PGR202500697,csc,2025-04-30 12:16:23,"Good morning, for almost a week. we suspect a pipeline leak nearby. krupaya sahayya kara.",mr,2025-04-30 12:18:20,"Good morning, for almost a week. we suspect a pipeline leak nearby. krupaya sahayya kara.",good morning for almost a week we suspect a pipeline leak nearby krupaya sahayya kara,water_supply,water_supply
PGR202500698,portal,2025-02-08 12:31:34,"Good evening, since last night. We are experiencing there are big potholes on the road. the complaint has been logged in the app. kripya madad kijiye.",hi,2025-02-08 12:31:47,"Good evening, since last night. We are experiencing there are big potholes on the road. the complaint has been logged in the app. kripya madad kijiye.",good evening since last night we are experiencing there are big potholes on the road the complaint has been logged in the app kripya madad kijiye,roads,roads
PGR202500699,ivr,2025-02-15 06:10:37,"Good morning, for two days. Residents are reporting the grass is drying up because irrigation is off. kripya madad kijiye.",hi,2025-02-15 06:11:35,"Good morning, for two days. Residents are reporting the grass is drying up because irrigation is off. kripya madad kijiye.",good morning for two days residents are reporting the grass is drying up because irrigation is off kripya madad kijiye,unknown,unknown
PGR202500700,mobile,2025-04-20 01:58:13,"Namaste, for 48 hours. I am reporting that illegal parking is blocking the lane. the complaint has been logged in the app. krupaya sahayya kara.",mr,2025-04-20 01:58:33,"Namaste, for 48 hours. I am reporting that illegal parking is blocking the lane. the complaint has been logged in the app. krupaya sahayya kara.",namaste for 48 hours i am reporting that illegal parking is blocking the lane the complaint has been logged in the app krupaya sahayya kara,parks,parks
PGR202500701,ivr,2025-05-04 10:11:46,"Good morning, for the past three days. We are experiencing the road surface is broken at the crossing. the complaint has been logged in the app. krupaya sahayya kara.",mr,2025-05-04 10:12:49,"Good morning, for the past three days. We are experiencing the road surface is broken at the crossing. the complaint has been logged in the app. krupaya sahayya kara.",good morning for the past three days we are experiencing the road surface is broken at the crossing the complaint has been logged in the app krupaya sahayya kara,roads,roads
PGR202500702,mobile,2025-02-26 03:47:22,"Namaste, for 48 hours. We are experiencing the grass is drying up because irrigation is off. pani ki kami ho rahi hai please arrange tankers. the complaint has been logged in the app. krupaya sahayya kara.",mr,2025-02-26 03:48:13,"Namaste, for 48 hours. We are experiencing the grass is drying up because irrigation is off. pani ki kami ho rahi hai please arrange tankers. the complaint has been logged in the app. krupaya sahayya kara.",namaste for 48 hours we are experiencing the grass is drying up because irrigation is off pani ki kami ho rahi hai please arrange tankers the complaint has been logged in the app krupaya sahayya kara,water_supply,tanker_delay
PGR202500703,mobile,2025-02-26 16:38:55,"Good evening, since yesterday. the septic tank has overflowed onto the street. krupaya tatkal karyavahi kara. krupaya sahayya kara.",mr,2025-02-26 16:40:41,"Good evening, since yesterday. the septic tank has overflowed onto the street. krupaya tatkal karyavahi kara. krupaya sahayya kara.",good evening since yesterday the septic tank has overflowed onto the street krupaya tatkal karyavahi kara krupaya sahayya kara,drainage,drainage
PGR202500704,portal,2025-02-20 09:37:29,"Hello, for 48 hours. We are experiencing the grass is drying up because irrigation is off. we also tried the IVR earlier. kripya madad kijiye.",hi,2025-02-20 09:38:47,"Hello, for 48 hours. We are experiencing the grass is drying up because irrigation is off. we also tried the IVR earlier. kripya madad kijiye.",hello for 48 hours we are experiencing the grass is drying up because irrigation is off we also tried the ivr earlier kripya madad kijiye,unknown,unknown
PGR202500705,mobile,2025-04-26 17:49:19,"Hi, since Monday. Residents are reporting an old building has a dangerous cracked wall. we also tried the IVR earlier. paani nahi aa raha hai. please help.",en,2025-04-26 17:49:33,"Hi, since Monday. Residents are reporting an old building has a dangerous cracked wall. we also tried the IVR earlier. paani nahi aa raha hai. please help.",hi since monday residents are reporting an old building has a dangerous cracked wall we also tried the ivr earlier paani nahi aa raha hai please help,building_safety,building_safety
PGR202500706,mobile,2025-02-02 04:16:23,"Good evening, since last night. staff behaviour was unhelpful at the office. we also tried the IVR earlier. krupaya sahayya kara.",mr,2025-02-02 04:16:45,"Good evening, since last night. staff behaviour was unhelpful at the office. we also tried the IVR earlier. krupaya sahayya kara.",good evening since last night staff behaviour was unhelpful at the office we also tried the ivr earlier krupaya sahayya kara,grievance_general,grievance_general
PGR202500707,mobile,2025-04-27 20:44:58,"Good evening, since yesterday. we suspect a pipeline leak nearby. summer water crisis is likely so please plan supply. the complaint has been logged in the app. krupaya sahayya kara.",mr,2025-04-27 20:46:34,"Good evening, since yesterday. we suspect a pipeline leak nearby. summer water crisis is likely so please plan supply. the complaint has been logged in the app. krupaya sahayya kara.",good evening since yesterday we suspect a pipeline leak nearby summer water crisis is likely so please plan supply the complaint has been logged in the app krupaya sahayya kara,water_supply,water_supply
PGR202500708,portal,2025-04-13 09:20:34,"Namaste, since last night. tap pressure is very low. it feels like a drought and the borewell is almost dry. the complaint has been logged in the app. kripya madad kijiye.",hi,2025-04-13 09:20:55,"Namaste, since last night. tap pressure is very low. it feels like a drought and the borewell is almost dry. the complaint has been logged in the app. kripya madad kijiye.",namaste since last night tap pressure is very low it feels like a drought and the borewell is almost dry the complaint has been logged in the app kripya madad kijiye,water_supply,water_supply
PGR202500709,csc,2025-04-11 21:32:47,"Hi, for almost a week. I am reporting that hawkers have encroached on the footpath. the complaint has been logged in the app. please help.",en,2025-04-11 21:33:00,"Hi, for almost a week. I am reporting that hawkers have encroached on the footpath. the complaint has been logged in the app. please help.",hi for almost a week i am reporting that hawkers have encroached on the footpath the complaint has been logged in the app please help,unknown,unknown
PGR202500710,mobile,2025-05-13 21:23:39,"Good morning, in Chandrapur near Ward 01, for the past three days. We are experiencing garbage pickup has been missed repeatedly. please help.",en,2025-05-13 21:24:57,"Good morning, in Chandrapur near Ward 01, for the past three days. We are experiencing garbage pickup has been missed repeatedly. please help.",good morning in chandrapur near ward 01 for the past three days we are experiencing garbage pickup has been missed repeatedly please help,solid_waste,solid_waste
PGR202500711,portal,2025-04-20 09:28:27,"Good morning, since yesterday. an old building has a dangerous cracked wall. kirpa karke madad karo.",pa,2025-04-20 09:28:58,"Good morning, since yesterday. an old building has a dangerous cracked wall. kirpa karke madad karo.",good morning since yesterday an old building has a dangerous cracked wall kirpa karke madad karo,building_safety,building_safety
PGR202500712,csc,2025-05-21 03:53:43,"Ji, for the past three days. I am reporting that the community tap is dry in the morning. pani ki kami ho rahi hai please arrange tankers. krupaya sahayya kara.",mr,2025-05-21 03:54:23,"Ji, for the past three days. I am reporting that the community tap is dry in the morning. pani ki kami ho rahi hai please arrange tankers. krupaya sahayya kara.",ji for the past three days i am reporting that the community tap is dry in the morning pani ki kami ho rahi hai please arrange tankers krupaya sahayya kara,water_supply,tanker_delay
PGR202500713,mobile,2025-05-26 14:07:26,"Good morning, for almost a week. I am reporting that play equipment is broken in the park. groundwater is very low this season. pressure bahut kam hai. kripya madad kijiye.",hi,2025-05-26 14:08:39,"Good morning, for almost a week. I am reporting that play equipment is broken in the park. groundwater is very low this season. pressure bahut kam hai. kripya madad kijiye.",good morning for almost a week i am reporting that play equipment is broken in the park groundwater is very low this season pressure bahut kam hai kripya madad kijiye,water_supply,water_supply
PGR202500714,mobile,2025-06-19 00:25:25,"Namaste, since last night. I am reporting that the signal is not working at the junction. the complaint has been logged in the app. kripya madad kijiye.",hi,2025-06-19 00:26:21,"Namaste, since last night. I am reporting that the signal is not working at the junction. the complaint has been logged in the app. kripya madad kijiye.",namaste since last night i am reporting that the signal is not working at the junction the complaint has been logged in the app kripya madad kijiye,traffic,traffic
PGR202500715,ivr,2025-05-31 21:16:50,"Hello, for two days. I am reporting that we suspect a pipeline leak nearby. kirpa karke madad karo.",pa,2025-05-31 21:16:57,"Hello, for two days. I am reporting that we suspect a pipeline leak nearby. kirpa karke madad karo.",hello for two days i am reporting that we suspect a pipeline leak nearby kirpa karke madad karo,water_supply,water_supply
PGR202500716,csc,2025-04-19 15:44:31,"Hi, for almost a week. the grass is drying up because irrigation is off. summer water crisis is likely so please plan supply. the complaint has been logged in the app. krupaya sahayya kara.",mr,2025-04-19 15:46:29,"Hi, for almost a week. the grass is drying up because irrigation is off. summer water crisis is likely so please plan supply. the complaint has been logged in the app. krupaya sahayya kara.",hi for almost a week the grass is drying up because irrigation is off summer water crisis is likely so please plan supply the complaint has been logged in the app krupaya sahayya kara,water_supply,water_supply
PGR202500717,portal,2025-04-15 19:45:05,"Good morning, for two days. the road surface is broken at the crossing. it feels like a drought and the borewell is almost dry. kripya madad kijiye.",hi,2025-04-15 19:45:17,"Good morning, for two days. the road surface is broken at the crossing. it feels like a drought and the borewell is almost dry. kripya madad kijiye.",good morning for two days the road surface is broken at the crossing it feels like a drought and the borewell is almost dry kripya madad kijiye,roads,roads
PGR202500718,csc,2025-03-08 08:33:03,"Hello, since yesterday. We are experiencing the public toilet is not functioning. the complaint has been logged in the app. kripya madad kijiye.",hi,2025-03-08 08:33:53,"Hello, since yesterday. We are experiencing the public toilet is not functioning. the complaint has been logged in the app. kripya madad kijiye.",hello since yesterday we are experiencing the public toilet is not functioning the complaint has been logged in the app kripya madad kijiye,sanitation,sanitation
PGR202500719,mobile,2025-05-01 22:32:10,"Hi, for almost a week. tap pressure is very low. groundwater is very low this season. the complaint has been logged in the app. krupaya sahayya kara.",mr,2025-05-01 22:33:36,"Hi, for almost a week. tap pressure is very low. groundwater is very low this season. the complaint has been logged in the app. krupaya sahayya kara.",hi for almost a week tap pressure is very low groundwater is very low this season the complaint has been logged in the app krupaya sahayya kara,water_supply,water_supply
PGR202500720,mobile,2025-02-21 20:53:15,"Ji, for 48 hours. We are experiencing the community tap is dry in the morning. the complaint has been logged in the app. paani nahi aa raha hai. kripya madad kijiye.",hi,2025-02-21 20:54:35,"Ji, for 48 hours. We are experiencing the community tap is dry in the morning. the complaint has been logged in the app. paani nahi aa raha hai. kripya madad kijiye.",ji for 48 hours we are experiencing the community tap is dry in the morning the complaint has been logged in the app paani nahi aa raha hai kripya madad kijiye,water_supply,water_supply
PGR202500721,portal,2025-06-20 16:27:00,"Ji, since Monday. illegal parking is blocking the lane. please help.",en,2025-06-20 16:28:28,"Ji, since Monday. illegal parking is blocking the lane. please help.",ji since monday illegal parking is blocking the lane please help,parks,parks
PGR202500722,mobile,2025-06-07 18:09:32,"Namaste, for two days. an electrical cabinet is open near the path. the complaint has been logged in the app. krupaya sahayya kara.",mr,2025-06-07 18:10:57,"Namaste, for two days. an electrical cabinet is open near the path. the complaint has been logged in the app. krupaya sahayya kara.",namaste for two days an electrical cabinet is open near the path the complaint has been logged in the app krupaya sahayya kara,solid_waste,solid_waste
PGR202500723,csc,2025-02-18 23:02:27,"Good morning, since yesterday. waterlogging is happening after even light rain. summer water crisis is likely so please plan supply. please help.",en,2025-02-18 23:02:53,"Good morning, since yesterday. waterlogging is happening after even light rain. summer water crisis is likely so please plan supply. please help.",good morning since yesterday waterlogging is happening after even light rain summer water crisis is likely so please plan supply please help,water_supply,water_supply
PGR202500724,portal,2025-05-29 21:26:27,"Good morning, for almost a week. Residents are reporting stray dogs are aggressive near the market. summer water crisis is likely so please plan supply. krupaya sahayya kara.",mr,2025-05-29 21:27:56,"Good morning, for almost a week. Residents are reporting stray dogs are aggressive near the market. summer water crisis is likely so please plan supply. krupaya sahayya kara.",good morning for almost a week residents are reporting stray dogs are aggressive near the market summer water crisis is likely so please plan supply krupaya sahayya kara,water_supply,water_supply
PGR202500725,csc,2025-02-18 13:34:22,"Good morning, for 48 hours. Residents are reporting the whole stretch is dark after evening. the complaint has been logged in the app. kripya madad kijiye.",hi,2025-02-18 13:36:11,"Good morning, for 48 hours. Residents are reporting the whole stretch is dark after evening. the complaint has been logged in the app. kripya madad kijiye.",good morning for 48 hours residents are reporting the whole stretch is dark after evening the complaint has been logged in the app kripya madad kijiye,streetlights,streetlights
PGR202500726,portal,2025-05-20 04:24:37,"Namaste, for two days. We are experiencing an old building has a dangerous cracked wall. the complaint has been logged in the app. kripya madad kijiye.",hi,2025-05-20 04:26:14,"Namaste, for two days. We are experiencing an old building has a dangerous cracked wall. the complaint has been logged in the app. kripya madad kijiye.",namaste for two days we are experiencing an old building has a dangerous cracked wall the complaint has been logged in the app kripya madad kijiye,building_safety,building_safety
PGR202500727,mobile,2025-02-14 03:45:08,"Good morning, for two days. I am reporting that hawkers have encroached on the footpath. it feels like a drought and the borewell is almost dry. the complaint has been logged in the app. please help.",en,2025-02-14 03:45:15,"Good morning, for two days. I am reporting that hawkers have encroached on the footpath. it feels like a drought and the borewell is almost dry. the complaint has been logged in the app. please help.",good morning for two days i am reporting that hawkers have encroached on the footpath it feels like a drought and the borewell is almost dry the complaint has been logged in the app please help,unknown,unknown
PGR202500728,mobile,2025-04-15 05:29:46,"Namaste, since last night. I am reporting that the tanker did not arrive today. groundwater is very low this season. kripya madad kijiye.",hi,2025-04-15 05:30:53,"Namaste, since last night. I am reporting that the tanker did not arrive today. groundwater is very low this season. kripya madad kijiye.",namaste since last night i am reporting that the tanker did not arrive today groundwater is very low this season kripya madad kijiye,water_supply,tanker_delay
PGR202500729,mobile,2025-05-10 16:18:27,"Hi, for 48 hours. Residents are reporting there is a strong smell from the open drain. the complaint has been logged in the app. please help.",en,2025-05-10 16:19:11,"Hi, for 48 hours. Residents are reporting there is a strong smell from the open drain. the complaint has been logged in the app. please help.",hi for 48 hours residents are reporting there is a strong smell from the open drain the complaint has been logged in the app please help,drainage,drainage
PGR202500730,csc,2025-05-21 07:43:07,"Good morning, since Monday. We are experiencing an illegal dumpsite is growing near the corner. please help.",en,2025-05-21 07:44:11,"Good morning, since Monday. We are experiencing an illegal dumpsite is growing near the corner. please help.",good morning since monday we are experiencing an illegal dumpsite is growing near the corner please help,solid_waste,solid_waste
PGR202500731,mobile,2025-04-04 18:59:23,"Hi, for almost a week. We are experiencing an illegal dumpsite is growing near the corner. kripya madad kijiye.",hi,2025-04-04 19:00:36,"Hi, for almost a week. We are experiencing an illegal dumpsite is growing near the corner. kripya madad kijiye.",hi for almost a week we are experiencing an illegal dumpsite is growing near the corner kripya madad kijiye,solid_waste,solid_waste
PGR202500732,mobile,2025-06-19 05:50:39,"Hello, for 48 hours. Residents are reporting the pole looks damaged and wires are exposed. krupaya sahayya kara.",mr,2025-06-19 05:51:58,"Hello, for 48 hours. Residents are reporting the pole looks damaged and wires are exposed. krupaya sahayya kara.",hello for 48 hours residents are reporting the pole looks damaged and wires are exposed krupaya sahayya kara,streetlights,streetlights
PGR202500733,mobile,2025-05-28 03:33:24,"Good evening, since yesterday. there are big potholes on the road. the complaint has been logged in the app. kripya madad kijiye.",hi,2025-05-28 03:34:51,"Good evening, since yesterday. there are big potholes on the road. the complaint has been logged in the app. kripya madad kijiye.",good evening since yesterday there are big potholes on the road the complaint has been logged in the app kripya madad kijiye,roads,roads
PGR202500734,mobile,2025-03-04 05:45:11,"Ji, since yesterday. I am reporting that the streetlight near our lane is not working. krupaya sahayya kara.",mr,2025-03-04 05:45:39,"Ji, since yesterday. I am reporting that the streetlight near our lane is not working. krupaya sahayya kara.",ji since yesterday i am reporting that the streetlight near our lane is not working krupaya sahayya kara,unknown,unknown
PGR202500735,csc,2025-05-12 16:25:58,"Hi, for the past three days. Residents are reporting there is illegal construction on the terrace. krupaya sahayya kara.",mr,2025-05-12 16:26:36,"Hi, for the past three days. Residents are reporting there is illegal construction on the terrace. krupaya sahayya kara.",hi for the past three days residents are reporting there is illegal construction on the terrace krupaya sahayya kara,building_safety,building_safety
PGR202500736,mobile,2025-05-21 13:55:27,"Hi, for 48 hours. I am reporting that the manhole is overflowing on the street. the complaint has been logged in the app. kripya madad kijiye.",hi,2025-05-21 13:56:30,"Hi, for 48 hours. I am reporting that the manhole is overflowing on the street. the complaint has been logged in the app. kripya madad kijiye.",hi for 48 hours i am reporting that the manhole is overflowing on the street the complaint has been logged in the app kripya madad kijiye,drainage,drainage
PGR202500737,whatsapp,2025-03-23 01:05:45,"Hello, in Nashik near Ward 09, for 48 hours. Residents are reporting resurfacing has been pending for many weeks. the complaint has been logged in the app. we also tried the IVR earlier. krupaya sahayya kara.",mr,2025-03-23 01:06:02,"Hello, in Nashik near Ward 09, for 48 hours. Residents are reporting resurfacing has been pending for many weeks. the complaint has been logged in the app. we also tried the IVR earlier. krupaya sahayya kara.",hello in nashik near ward 09 for 48 hours residents are reporting resurfacing has been pending for many weeks the complaint has been logged in the app we also tried the ivr earlier krupaya sahayya kara,roads,roads
PGR202500738,mobile,2025-05-22 17:37:57,"Namaste, for 48 hours. the dispensary was closed during working hours. pani ki kami ho rahi hai please arrange tankers. we also tried the IVR earlier. please help.",en,2025-05-22 17:38:10,"Namaste, for 48 hours. the dispensary was closed during working hours. pani ki kami ho rahi hai please arrange tankers. we also tried the IVR earlier. please help.",namaste for 48 hours the dispensary was closed during working hours pani ki kami ho rahi hai please arrange tankers we also tried the ivr earlier please help,water_supply,tanker_delay
PGR202500739,portal,2025-06-15 18:07:09,"Hello, since yesterday. the septic tank has overflowed onto the street. the complaint has been logged in the app. please help.",en,2025-06-15 18:07:22,"Hello, since yesterday. the septic tank has overflowed onto the street. the complaint has been logged in the app. please help.",hello since yesterday the septic tank has overflowed onto the street the complaint has been logged in the app please help,drainage,drainage
PGR202500740,portal,2025-06-03 13:36:40,"Good morning, since last night. the whole stretch is dark after evening. pani ki kami ho rahi hai please arrange tankers. the complaint has been logged in the app. kripya madad kijiye.",hi,2025-06-03 13:37:42,"Good morning, since last night. the whole stretch is dark after evening. pani ki kami ho rahi hai please arrange tankers. the complaint has been logged in the app. kripya madad kijiye.",good morning since last night the whole stretch is dark after evening pani ki kami ho rahi hai please arrange tankers the complaint has been logged in the app kripya madad kijiye,water_supply,tanker_delay
PGR202500741,mobile,2025-05-26 09:06:55,"Hello, since last night. Residents are reporting a loose cable is creating a hazard. the complaint has been logged in the app. krupaya sahayya kara.",mr,2025-05-26 09:08:09,"Hello, since last night. Residents are reporting a loose cable is creating a hazard. the complaint has been logged in the app. krupaya sahayya kara.",hello since last night residents are reporting a loose cable is creating a hazard the complaint has been logged in the app krupaya sahayya kara,utilities_other,utilities_other
PGR202500742,ivr,2025-05-07 04:11:26,"Ji, for 48 hours. We are experiencing play equipment is broken in the park. krupaya sahayya kara.",mr,2025-05-07 04:12:01,"Ji, for 48 hours. We are experiencing play equipment is broken in the park. krupaya sahayya kara.",ji for 48 hours we are experiencing play equipment is broken in the park krupaya sahayya kara,parks,parks
PGR202500743,whatsapp,2025-03-13 13:55:32,"Hi, for 48 hours. an illegal dumpsite is growing near the corner. the complaint has been logged in the app. krupaya sahayya kara.",mr,2025-03-13 13:55:40,"Hi, for 48 hours. an illegal dumpsite is growing near the corner. the complaint has been logged in the app. krupaya sahayya kara.",hi for 48 hours an illegal dumpsite is growing near the corner the complaint has been logged in the app krupaya sahayya kara,solid_waste,solid_waste
PGR202500744,ivr,2025-05-31 06:48:08,"Good evening, for 48 hours. We are experiencing tap pressure is very low. kirpa karke madad karo.",pa,2025-05-31 06:49:11,"Good evening, for 48 hours. We are experiencing tap pressure is very low. kirpa karke madad karo.",good evening for 48 hours we are experiencing tap pressure is very low kirpa karke madad karo,water_supply,water_supply
PGR202500745,mobile,2025-03-27 15:05:28,"Hi, since Monday. I am reporting that there is a strong smell from the open drain. krupaya sahayya kara.",mr,2025-03-27 15:05:38,"Hi, since Monday. I am reporting that there is a strong smell from the open drain. krupaya sahayya kara.",hi since monday i am reporting that there is a strong smell from the open drain krupaya sahayya kara,drainage,drainage
PGR202500746,mobile,2025-04-21 19:54:30,"Namaste, since yesterday. I am reporting that the whole stretch is dark after evening. pani ki kami ho rahi hai please arrange tankers. krupaya sahayya kara.",mr,2025-04-21 19:54:54,"Namaste, since yesterday. I am reporting that the whole stretch is dark after evening. pani ki kami ho rahi hai please arrange tankers. krupaya sahayya kara.",namaste since yesterday i am reporting that the whole stretch is dark after evening pani ki kami ho rahi hai please arrange tankers krupaya sahayya kara,water_supply,tanker_delay
PGR202500747,portal,2025-03-20 03:59:01,"Hi, for the past three days. I am reporting that the dispensary was closed during working hours. pani ki kami ho rahi hai please arrange tankers. kripya madad kijiye.",hi,2025-03-20 04:00:22,"Hi, for the past three days. I am reporting that the dispensary was closed during working hours. pani ki kami ho rahi hai please arrange tankers. kripya madad kijiye.",hi for the past three days i am reporting that the dispensary was closed during working hours pani ki kami ho rahi hai please arrange tankers kripya madad kijiye,water_supply,tanker_delay
PGR202500748,mobile,2025-03-19 22:51:40,"Namaste, for 48 hours. Residents are reporting the bin is overflowing and animals gather there. the complaint has been logged in the app. please help.",en,2025-03-19 22:53:12,"Namaste, for 48 hours. Residents are reporting the bin is overflowing and animals gather there. the complaint has been logged in the app. please help.",namaste for 48 hours residents are reporting the bin is overflowing and animals gather there the complaint has been logged in the app please help,drainage,drainage
PGR202500749,portal,2025-02-24 15:24:06,"Hi, since last night. there is no water in the tap. kripya madad kijiye.",hi,2025-02-24 15:25:11,"Hi, since last night. there is no water in the tap. kripya madad kijiye.",hi since last night there is no water in the tap kripya madad kijiye,water_supply,no_supply
PGR202500750,portal,2025-06-25 04:40:16,"Good evening, for almost a week. We are experiencing an old building has a dangerous cracked wall. krupaya sahayya kara.",mr,2025-06-25 04:41:36,"Good evening, for almost a week. We are experiencing an old building has a dangerous cracked wall. krupaya sahayya kara.",good evening for almost a week we are experiencing an old building has a dangerous cracked wall krupaya sahayya kara,building_safety,building_safety
PGR202500751,portal,2025-02-23 04:01:12,"Hello, for almost a week. I am reporting that an illegal dumpsite is growing near the corner. the complaint has been logged in the app. we also tried the IVR earlier. kripya madad kijiye.",hi,2025-02-23 04:02:55,"Hello, for almost a week. I am reporting that an illegal dumpsite is growing near the corner. the complaint has been logged in the app. we also tried the IVR earlier. kripya madad kijiye.",hello for almost a week i am reporting that an illegal dumpsite is growing near the corner the complaint has been logged in the app we also tried the ivr earlier kripya madad kijiye,solid_waste,solid_waste
PGR202500752,csc,2025-02-13 22:31:54,"Hi, for the past three days. there is illegal construction on the terrace. the complaint has been logged in the app. krupaya sahayya kara.",mr,2025-02-13 22:32:35,"Hi, for the past three days. there is illegal construction on the terrace. the complaint has been logged in the app. krupaya sahayya kara.",hi for the past three days there is illegal construction on the terrace the complaint has been logged in the app krupaya sahayya kara,building_safety,building_safety
PGR202500753,portal,2025-06-21 10:03:30,"Hi, since yesterday. Residents are reporting the tanker did not arrive today. the complaint has been logged in the app. kripya madad kijiye.",hi,2025-06-21 10:04:06,"Hi, since yesterday. Residents are reporting the tanker did not arrive today. the complaint has been logged in the app. kripya madad kijiye.",hi since yesterday residents are reporting the tanker did not arrive today the complaint has been logged in the app kripya madad kijiye,water_supply,tanker_delay
PGR202500754,mobile,2025-04-25 06:02:50,"Hi, since last night. Residents are reporting a loose cable is creating a hazard. kripya madad kijiye.",hi,2025-04-25 06:02:55,"Hi, since last night. Residents are reporting a loose cable is creating a hazard. kripya madad kijiye.",hi since last night residents are reporting a loose cable is creating a hazard kripya madad kijiye,utilities_other,utilities_other
PGR202500755,mobile,2025-04-07 16:27:15,"Namaste, for almost a week. there is illegal construction on the terrace. krupaya sahayya kara.",mr,2025-04-07 16:28:05,"Namaste, for almost a week. there is illegal construction on the terrace. krupaya sahayya kara.",namaste for almost a week there is illegal construction on the terrace krupaya sahayya kara,building_safety,building_safety
PGR202500756,portal,2025-05-22 14:58:07,"Hi, for almost a week. Residents are reporting the community tap is dry in the morning. kripya madad kijiye.",hi,2025-05-22 14:59:38,"Hi, for almost a week. Residents are reporting the community tap is dry in the morning. kripya madad kijiye.",hi for almost a week residents are reporting the community tap is dry in the morning kripya madad kijiye,water_supply,water_supply
PGR202500757,portal,2025-03-30 11:57:04,"Good morning, in Aurangabad near Ward 10, since Monday. Residents are reporting staff behaviour was unhelpful at the office. the complaint has been logged in the app. kripya madad kijiye.",hi,2025-03-30 11:58:34,"Good morning, in Aurangabad near Ward 10, since Monday. Residents are reporting staff behaviour was unhelpful at the office. the complaint has been logged in the app. kripya madad kijiye.",good morning in aurangabad near ward 10 since monday residents are reporting staff behaviour was unhelpful at the office the complaint has been logged in the app kripya madad kijiye,grievance_general,grievance_general
PGR202500758,mobile,2025-02-20 04:31:04,"Ji, for almost a week. mosquito breeding is visible due to stagnant water. the complaint has been logged in the app. krupaya sahayya kara.",mr,2025-02-20 04:32:28,"Ji, for almost a week. mosquito breeding is visible due to stagnant water. the complaint has been logged in the app. krupaya sahayya kara.",ji for almost a week mosquito breeding is visible due to stagnant water the complaint has been logged in the app krupaya sahayya kara,water_supply,water_supply
PGR202500759,portal,2025-05-21 10:52:06,"Good morning, for the past three days. resurfacing has been pending for many weeks. please help.",en,2025-05-21 10:53:53,"Good morning, for the past three days. resurfacing has been pending for many weeks. please help.",good morning for the past three days resurfacing has been pending for many weeks please help,roads,roads
PGR202500760,csc,2025-02-27 09:35:53,"Hello, for almost a week. We are experiencing staff behaviour was unhelpful at the office. the complaint has been logged in the app. krupaya sahayya kara.",mr,2025-02-27 09:36:59,"Hello, for almost a week. We are experiencing staff behaviour was unhelpful at the office. the complaint has been logged in the app. krupaya sahayya kara.",hello for almost a week we are experiencing staff behaviour was unhelpful at the office the complaint has been logged in the app krupaya sahayya kara,grievance_general,grievance_general
PGR202500761,csc,2025-04-24 22:46:29,"Ji, since Monday. I am reporting that there is illegal construction on the terrace. kripya madad kijiye.",hi,2025-04-24 22:47:03,"Ji, since Monday. I am reporting that there is illegal construction on the terrace. kripya madad kijiye.",ji since monday i am reporting that there is illegal construction on the terrace kripya madad kijiye,building_safety,building_safety
PGR202500762,portal,2025-06-23 08:38:16,"Hi, since yesterday. We are experiencing garbage pickup has been missed repeatedly. it feels like a drought and the borewell is almost dry. the complaint has been logged in the app. barah e karam madad karein.",ur,2025-06-23 08:39:09,"Hi, since yesterday. We are experiencing garbage pickup has been missed repeatedly. it feels like a drought and the borewell is almost dry. the complaint has been logged in the app. barah e karam madad karein.",hi since yesterday we are experiencing garbage pickup has been missed repeatedly it feels like a drought and the borewell is almost dry the complaint has been logged in the app barah e karam madad karein,solid_waste,solid_waste
PGR202500763,mobile,2025-06-21 10:06:13,"Hi, for the past three days. We are experiencing staff behaviour was unhelpful at the office. the complaint has been logged in the app. we also tried the IVR earlier. krupaya sahayya kara.",mr,2025-06-21 10:06:25,"Hi, for the past three days. We are experiencing staff behaviour was unhelpful at the office. the complaint has been logged in the app. we also tried the IVR earlier. krupaya sahayya kara.",hi for the past three days we are experiencing staff behaviour was unhelpful at the office the complaint has been logged in the app we also tried the ivr earlier krupaya sahayya kara,grievance_general,grievance_general
PGR202500764,mobile,2025-03-27 02:49:07,"Good morning, since last night. mosquito breeding is visible due to stagnant water. the complaint has been logged in the app. we also tried the IVR earlier. please jaldi se kijiye. please help.",en,2025-03-27 02:50:29,"Good morning, since last night. mosquito breeding is visible due to stagnant water. the complaint has been logged in the app. we also tried the IVR earlier. please jaldi se kijiye. please help.",good morning since last night mosquito breeding is visible due to stagnant water the complaint has been logged in the app we also tried the ivr earlier please jaldi se kijiye please help,water_supply,water_supply
PGR202500765,portal,2025-05-29 01:05:06,"Hello, for 48 hours. resurfacing has been pending for many weeks. kripya madad kijiye.",hi,2025-05-29 01:06:10,"Hello, for 48 hours. resurfacing has been pending for many weeks. kripya madad kijiye.",hello for 48 hours resurfacing has been pending for many weeks kripya madad kijiye,roads,roads
PGR202500766,mobile,2025-05-03 21:37:57,"Good evening, since yesterday. I am reporting that the whole stretch is dark after evening. the complaint has been logged in the app. we also tried the IVR earlier. barah e karam madad karein.",ur,2025-05-03 21:38:02,"Good evening, since yesterday. I am reporting that the whole stretch is dark after evening. the complaint has been logged in the app. we also tried the IVR earlier. barah e karam madad karein.",good evening since yesterday i am reporting that the whole stretch is dark after evening the complaint has been logged in the app we also tried the ivr earlier barah e karam madad karein,streetlights,streetlights
PGR202500767,portal,2025-04-13 21:43:49,"Hi, for almost a week. We are experiencing the community tap is dry in the morning. krupaya sahayya kara.",mr,2025-04-13 21:44:04,"Hi, for almost a week. We are experiencing the community tap is dry in the morning. krupaya sahayya kara.",hi for almost a week we are experiencing the community tap is dry in the morning krupaya sahayya kara,water_supply,water_supply
PGR202500768,portal,2025-02-21 23:44:28,"Good morning, since Monday. the whole stretch is dark after evening. the complaint has been logged in the app. kripya madad kijiye.",hi,2025-02-21 23:45:56,"Good morning, since Monday. the whole stretch is dark after evening. the complaint has been logged in the app. kripya madad kijiye.",good morning since monday the whole stretch is dark after evening the complaint has been logged in the app kripya madad kijiye,streetlights,streetlights
PGR202500769,mobile,2025-03-29 10:53:38,"Hi, for almost a week. an old building has a dangerous cracked wall. krupaya sahayya kara.",mr,2025-03-29 10:54:11,"Hi, for almost a week. an old building has a dangerous cracked wall. krupaya sahayya kara.",hi for almost a week an old building has a dangerous cracked wall krupaya sahayya kara,building_safety,building_safety
PGR202500770,mobile,2025-05-09 18:54:17,"Good morning, since yesterday. the whole stretch is dark after evening. the complaint has been logged in the app. we also tried the IVR earlier. tankers kab aayenge. please help.",en,2025-05-09 18:55:50,"Good morning, since yesterday. the whole stretch is dark after evening. the complaint has been logged in the app. we also tried the IVR earlier. tankers kab aayenge. please help.",good morning since yesterday the whole stretch is dark after evening the complaint has been logged in the app we also tried the ivr earlier tankers kab aayenge please help,water_supply,tanker_delay
PGR202500771,mobile,2025-06-28 23:52:23,"Hi, for two days. Residents are reporting illegal parking is blocking the lane. dayavittu sahaya maadi.",kn,2025-06-28 23:53:24,"Hi, for two days. Residents are reporting illegal parking is blocking the lane. dayavittu sahaya maadi.",hi for two days residents are reporting illegal parking is blocking the lane dayavittu sahaya maadi,parks,parks
PGR202500772,ivr,2025-02-01 17:36:21,"Good evening, for two days. I am reporting that hawkers have encroached on the footpath. kripya madad kijiye.",hi,2025-02-01 17:37:30,"Good evening, for two days. I am reporting that hawkers have encroached on the footpath. kripya madad kijiye.",good evening for two days i am reporting that hawkers have encroached on the footpath kripya madad kijiye,unknown,unknown
PGR202500773,portal,2025-05-19 15:56:11,"Namaste, for almost a week. I am reporting that there is no water in the tap. pani ki kami ho rahi hai please arrange tankers. the complaint has been logged in the app. please help.",en,2025-05-19 15:57:00,"Namaste, for almost a week. I am reporting that there is no water in the tap. pani ki kami ho rahi hai please arrange tankers. the complaint has been logged in the app. please help.",namaste for almost a week i am reporting that there is no water in the tap pani ki kami ho rahi hai please arrange tankers the complaint has been logged in the app please help,water_supply,no_supply
PGR202500774,mobile,2025-06-07 22:48:44,"Hi, since last night. I am reporting that there are big potholes on the road. the complaint has been logged in the app. we also tried the IVR earlier. krupaya sahayya kara.",mr,2025-06-07 22:49:44,"Hi, since last night. I am reporting that there are big potholes on the road. the complaint has been logged in the app. we also tried the IVR earlier. krupaya sahayya kara.",hi since last night i am reporting that there are big potholes on the road the complaint has been logged in the app we also tried the ivr earlier krupaya sahayya kara,roads,roads
PGR202500775,ivr,2025-06-23 16:18:01,"Good morning, for 48 hours. I am reporting that stray dogs are aggressive near the market. summer water crisis is likely so please plan supply. the complaint has been logged in the app. kripya madad kijiye.",hi,2025-06-23 16:19:00,"Good morning, for 48 hours. I am reporting that stray dogs are aggressive near the market. summer water crisis is likely so please plan supply. the complaint has been logged in the app. kripya madad kijiye.",good morning for 48 hours i am reporting that stray dogs are aggressive near the market summer water crisis is likely so please plan supply the complaint has been logged in the app kripya madad kijiye,water_supply,water_supply
PGR202500776,portal,2025-04-05 13:41:35,"Hello, for 48 hours. Residents are reporting there are big potholes on the road. the complaint has been logged in the app. krupaya sahayya kara.",mr,2025-04-05 13:43:20,"Hello, for 48 hours. Residents are reporting there are big potholes on the road. the complaint has been logged in the app. krupaya sahayya kara.",hello for 48 hours residents are reporting there are big potholes on the road the complaint has been logged in the app krupaya sahayya kara,roads,roads
PGR202500777,portal,2025-02-18 18:31:22,"Good evening, for the past three days. I am reporting that garbage pickup has been missed repeatedly. groundwater is very low this season. krupaya sahayya kara.",mr,2025-02-18 18:31:27,"Good evening, for the past three days. I am reporting that garbage pickup has been missed repeatedly. groundwater is very low this season. krupaya sahayya kara.",good evening for the past three days i am reporting that garbage pickup has been missed repeatedly groundwater is very low this season krupaya sahayya kara,solid_waste,solid_waste
PGR202500778,whatsapp,2025-03-13 15:28:54,"Good evening, since yesterday. stray dogs are aggressive near the market. summer water crisis is likely so please plan supply. the complaint has been logged in the app. kripya madad kijiye.",hi,2025-03-13 15:30:03,"Good evening, since yesterday. stray dogs are aggressive near the market. summer water crisis is likely so please plan supply. the complaint has been logged in the app. kripya madad kijiye.",good evening since yesterday stray dogs are aggressive near the market summer water crisis is likely so please plan supply the complaint has been logged in the app kripya madad kijiye,water_supply,water_supply
PGR202500779,mobile,2025-06-08 13:55:15,"Good morning, for almost a week. I am reporting that the community tap is dry in the morning. the complaint has been logged in the app. tanker kadi yetil. krupaya sahayya kara.",mr,2025-06-08 13:56:28,"Good morning, for almost a week. I am reporting that the community tap is dry in the morning. the complaint has been logged in the app. tanker kadi yetil. krupaya sahayya kara.",good morning for almost a week i am reporting that the community tap is dry in the morning the complaint has been logged in the app tanker kadi yetil krupaya sahayya kara,water_supply,tanker_delay
PGR202500780,mobile,2025-06-12 16:33:55,"Namaste, since yesterday. staff behaviour was unhelpful at the office. kripya madad kijiye.",hi,2025-06-12 16:34:03,"Namaste, since yesterday. staff behaviour was unhelpful at the office. kripya madad kijiye.",namaste since yesterday staff behaviour was unhelpful at the office kripya madad kijiye,grievance_general,grievance_general
PGR202500781,portal,2025-05-07 13:27:56,"Namaste, since last night. We are experiencing the manhole is overflowing on the street. the complaint has been logged in the app. we also tried the IVR earlier. kripya madad kijiye.",hi,2025-05-07 13:28:48,"Namaste, since last night. We are experiencing the manhole is overflowing on the street. the complaint has been logged in the app. we also tried the IVR earlier. kripya madad kijiye.",namaste since last night we are experiencing the manhole is overflowing on the street the complaint has been logged in the app we also tried the ivr earlier kripya madad kijiye,drainage,drainage
PGR202500782,mobile,2025-02-19 09:51:56,"Hi, for two days. Residents are reporting the wash area is broken and unclean. summer mein dikkat ho rahi hai. please help.",en,2025-02-19 09:52:31,"Hi, for two days. Residents are reporting the wash area is broken and unclean. summer mein dikkat ho rahi hai. please help.",hi for two days residents are reporting the wash area is broken and unclean summer mein dikkat ho rahi hai please help,unknown,unknown
PGR202500783,portal,2025-02-19 06:55:04,"Hi, for two days. Residents are reporting the streetlight near our lane is not working. krupaya sahayya kara.",mr,2025-02-19 06:55:13,"Hi, for two days. Residents are reporting the streetlight near our lane is not working. krupaya sahayya kara.",hi for two days residents are reporting the streetlight near our lane is not working krupaya sahayya kara,unknown,unknown
PGR202500784,mobile,2025-04-13 17:25:10,"Good morning, since Monday. the manhole is overflowing on the street. the complaint has been logged in the app. kripya madad kijiye.",hi,2025-04-13 17:27:09,"Good morning, since Monday. the manhole is overflowing on the street. the complaint has been logged in the app. kripya madad kijiye.",good morning since monday the manhole is overflowing on the street the complaint has been logged in the app kripya madad kijiye,drainage,drainage
PGR202500785,mobile,2025-04-30 05:43:43,"Hello, for almost a week. I am reporting that the bin is overflowing and animals gather there. please help.",en,2025-04-30 05:43:48,"Hello, for almost a week. I am reporting that the bin is overflowing and animals gather there. please help.",hello for almost a week i am reporting that the bin is overflowing and animals gather there please help,drainage,drainage
PGR202500786,mobile,2025-02-05 20:33:46,"Namaste, since Monday. an illegal dumpsite is growing near the corner. the complaint has been logged in the app. kripya madad kijiye.",hi,2025-02-05 20:35:21,"Namaste, since Monday. an illegal dumpsite is growing near the corner. the complaint has been logged in the app. kripya madad kijiye.",namaste since monday an illegal dumpsite is growing near the corner the complaint has been logged in the app kripya madad kijiye,solid_waste,solid_waste
PGR202500787,portal,2025-05-14 21:56:48,"Hello, since yesterday. I am reporting that the drain is blocked and water is stagnant. the complaint has been logged in the app. please help.",en,2025-05-14 21:57:29,"Hello, since yesterday. I am reporting that the drain is blocked and water is stagnant. the complaint has been logged in the app. please help.",hello since yesterday i am reporting that the drain is blocked and water is stagnant the complaint has been logged in the app please help,water_supply,water_supply
PGR202500788,mobile,2025-04-23 16:14:09,"Namaste, for 48 hours. the bin is overflowing and animals gather there. krupaya sahayya kara.",mr,2025-04-23 16:14:46,"Namaste, for 48 hours. the bin is overflowing and animals gather there. krupaya sahayya kara.",namaste for 48 hours the bin is overflowing and animals gather there krupaya sahayya kara,drainage,drainage
PGR202500789,mobile,2025-02-02 20:17:22,"Hi, for 48 hours. We are experiencing the wash area is broken and unclean. krupaya sahayya kara.",mr,2025-02-02 20:18:48,"Hi, for 48 hours. We are experiencing the wash area is broken and unclean. krupaya sahayya kara.",hi for 48 hours we are experiencing the wash area is broken and unclean krupaya sahayya kara,unknown,unknown
PGR202500790,ivr,2025-02-15 08:26:20,"Hi, since Monday. We are experiencing there is a strong smell from the open drain. krupaya sahayya kara.",mr,2025-02-15 08:28:10,"Hi, since Monday. We are experiencing there is a strong smell from the open drain. krupaya sahayya kara.",hi since monday we are experiencing there is a strong smell from the open drain krupaya sahayya kara,drainage,drainage
PGR202500791,mobile,2025-04-10 03:32:40,"Hi, for 48 hours. We are experiencing the streetlight near our lane is not working. please help.",en,2025-04-10 03:33:02,"Hi, for 48 hours. We are experiencing the streetlight near our lane is not working. please help.",hi for 48 hours we are experiencing the streetlight near our lane is not working please help,unknown,unknown
PGR202500792,mobile,2025-05-20 09:18:26,"Good morning, since yesterday. Residents are reporting an old building has a dangerous cracked wall. the complaint has been logged in the app. kripya madad kijiye.",hi,2025-05-20 09:19:48,"Good morning, since yesterday. Residents are reporting an old building has a dangerous cracked wall. the complaint has been logged in the app. kripya madad kijiye.",good morning since yesterday residents are reporting an old building has a dangerous cracked wall the complaint has been logged in the app kripya madad kijiye,building_safety,building_safety
PGR202500793,mobile,2025-06-04 19:26:16,"Good morning, for 48 hours. I am reporting that play equipment is broken in the park. dayavittu sahaya maadi.",kn,2025-06-04 19:28:15,"Good morning, for 48 hours. I am reporting that play equipment is broken in the park. dayavittu sahaya maadi.",good morning for 48 hours i am reporting that play equipment is broken in the park dayavittu sahaya maadi,parks,parks
PGR202500794,mobile,2025-04-06 16:41:08,"Namaste, since last night. the tanker did not arrive today. it feels like a drought and the borewell is almost dry. kripya madad kijiye.",hi,2025-04-06 16:42:25,"Namaste, since last night. the tanker did not arrive today. it feels like a drought and the borewell is almost dry. kripya madad kijiye.",namaste since last night the tanker did not arrive today it feels like a drought and the borewell is almost dry kripya madad kijiye,water_supply,tanker_delay
PGR202500795,mobile,2025-03-17 07:17:32,"Namaste, since Monday. Residents are reporting stray dogs are aggressive near the market. it feels like a drought and the borewell is almost dry. the complaint has been logged in the app. please help.",en,2025-03-17 07:18:46,"Namaste, since Monday. Residents are reporting stray dogs are aggressive near the market. it feels like a drought and the borewell is almost dry. the complaint has been logged in the app. please help.",namaste since monday residents are reporting stray dogs are aggressive near the market it feels like a drought and the borewell is almost dry the complaint has been logged in the app please help,public_health,public_health
PGR202500796,portal,2025-06-26 05:55:01,"Good morning, for 48 hours. We are experiencing an old building has a dangerous cracked wall. the complaint has been logged in the app. we also tried the IVR earlier. krupaya sahayya kara.",mr,2025-06-26 05:56:54,"Good morning, for 48 hours. We are experiencing an old building has a dangerous cracked wall. the complaint has been logged in the app. we also tried the IVR earlier. krupaya sahayya kara.",good morning for 48 hours we are experiencing an old building has a dangerous cracked wall the complaint has been logged in the app we also tried the ivr earlier krupaya sahayya kara,building_safety,building_safety
PGR202500797,mobile,2025-04-10 18:46:22,"Good morning, for two days. I am reporting that the whole stretch is dark after evening. kripya madad kijiye.",hi,2025-04-10 18:48:01,"Good morning, for two days. I am reporting that the whole stretch is dark after evening. kripya madad kijiye.",good morning for two days i am reporting that the whole stretch is dark after evening kripya madad kijiye,streetlights,streetlights
PGR202500798,ivr,2025-03-20 07:24:10,"Good morning, for the past three days. play equipment is broken in the park. kripya madad kijiye.",hi,2025-03-20 07:25:28,"Good morning, for the past three days. play equipment is broken in the park. kripya madad kijiye.",good morning for the past three days play equipment is broken in the park kripya madad kijiye,parks,parks
PGR202500799,ivr,2025-04-08 08:19:50,"Good morning, since last night. I am reporting that the tanker did not arrive today. krupaya sahayya kara.",mr,2025-04-08 08:21:40,"Good morning, since last night. I am reporting that the tanker did not arrive today. krupaya sahayya kara.",good morning since last night i am reporting that the tanker did not arrive today krupaya sahayya kara,water_supply,tanker_delay
PGR202500800,mobile,2025-02-02 19:31:47,"Good morning, for 48 hours. there is a strong smell from the open drain. barah e karam madad karein.",ur,2025-02-02 19:32:51,"Good morning, for 48 hours. there is a strong smell from the open drain. barah e karam madad karein.",good morning for 48 hours there is a strong smell from the open drain barah e karam madad karein,drainage,drainage
PGR202500801,mobile,2025-03-18 06:56:18,"Hello, for 48 hours. Residents are reporting an illegal dumpsite is growing near the corner. the complaint has been logged in the app. please help.",en,2025-03-18 06:57:20,"Hello, for 48 hours. Residents are reporting an illegal dumpsite is growing near the corner. the complaint has been logged in the app. please help.",hello for 48 hours residents are reporting an illegal dumpsite is growing near the corner the complaint has been logged in the app please help,solid_waste,solid_waste
PGR202500802,mobile,2025-04-19 07:59:45,"Hi, since yesterday. Residents are reporting the manhole is overflowing on the street. krupaya sahayya kara.",mr,2025-04-19 08:00:02,"Hi, since yesterday. Residents are reporting the manhole is overflowing on the street. krupaya sahayya kara.",hi since yesterday residents are reporting the manhole is overflowing on the street krupaya sahayya kara,drainage,drainage
PGR202500803,portal,2025-06-18 18:23:26,"Ji, for 48 hours. Residents are reporting waterlogging is happening after even light rain. the complaint has been logged in the app. kripya madad kijiye.",hi,2025-06-18 18:25:23,"Ji, for 48 hours. Residents are reporting waterlogging is happening after even light rain. the complaint has been logged in the app. kripya madad kijiye.",ji for 48 hours residents are reporting waterlogging is happening after even light rain the complaint has been logged in the app kripya madad kijiye,water_supply,water_supply
PGR202500804,mobile,2025-05-22 17:36:49,"Namaste, for almost a week. a loose cable is creating a hazard. summer mein dikkat ho rahi hai. kripya madad kijiye.",hi,2025-05-22 17:37:05,"Namaste, for almost a week. a loose cable is creating a hazard. summer mein dikkat ho rahi hai. kripya madad kijiye.",namaste for almost a week a loose cable is creating a hazard summer mein dikkat ho rahi hai kripya madad kijiye,utilities_other,utilities_other
PGR202500805,ivr,2025-05-29 04:39:29,"Good evening, since yesterday. I am reporting that there is illegal construction on the terrace. the complaint has been logged in the app. kripya madad kijiye.",hi,2025-05-29 04:40:30,"Good evening, since yesterday. I am reporting that there is illegal construction on the terrace. the complaint has been logged in the app. kripya madad kijiye.",good evening since yesterday i am reporting that there is illegal construction on the terrace the complaint has been logged in the app kripya madad kijiye,building_safety,building_safety
PGR202500806,csc,2025-04-23 17:38:45,"Good morning, since Monday. waterlogging is happening after even light rain. we also tried the IVR earlier. summer mein dikkat ho rahi hai. please help.",en,2025-04-23 17:38:53,"Good morning, since Monday. waterlogging is happening after even light rain. we also tried the IVR earlier. summer mein dikkat ho rahi hai. please help.",good morning since monday waterlogging is happening after even light rain we also tried the ivr earlier summer mein dikkat ho rahi hai please help,water_supply,water_supply
PGR202500807,csc,2025-02-17 14:07:05,"Ji, since Monday. We are experiencing we suspect a pipeline leak nearby. kripya madad kijiye.",hi,2025-02-17 14:08:09,"Ji, since Monday. We are experiencing we suspect a pipeline leak nearby. kripya madad kijiye.",ji since monday we are experiencing we suspect a pipeline leak nearby kripya madad kijiye,water_supply,water_supply
PGR202500808,portal,2025-03-31 15:20:06,"Good morning, for two days. the community tap is dry in the morning. the complaint has been logged in the app. please help.",en,2025-03-31 15:21:15,"Good morning, for two days. the community tap is dry in the morning. the complaint has been logged in the app. please help.",good morning for two days the community tap is dry in the morning the complaint has been logged in the app please help,water_supply,water_supply
PGR202500809,whatsapp,2025-06-30 13:19:28,"Hello, in Chandrapur near Ward 11, since yesterday. We are experiencing there are big potholes on the road. kripya madad kijiye.",hi,2025-06-30 13:20:11,"Hello, in Chandrapur near Ward 11, since yesterday. We are experiencing there are big potholes on the road. kripya madad kijiye.",hello in chandrapur near ward 11 since yesterday we are experiencing there are big potholes on the road kripya madad kijiye,roads,roads
PGR202500810,mobile,2025-02-07 15:00:56,"Good evening, for two days. there is no water in the tap. krupaya sahayya kara.",mr,2025-02-07 15:02:48,"Good evening, for two days. there is no water in the tap. krupaya sahayya kara.",good evening for two days there is no water in the tap krupaya sahayya kara,water_supply,no_supply
PGR202500811,portal,2025-06-12 21:07:11,"Hi, in Aurangabad near Ward 04, since yesterday. an illegal dumpsite is growing near the corner. the complaint has been logged in the app. we also tried the IVR earlier. kripya madad kijiye.",hi,2025-06-12 21:07:24,"Hi, in Aurangabad near Ward 04, since yesterday. an illegal dumpsite is growing near the corner. the complaint has been logged in the app. we also tried the IVR earlier. kripya madad kijiye.",hi in aurangabad near ward 04 since yesterday an illegal dumpsite is growing near the corner the complaint has been logged in the app we also tried the ivr earlier kripya madad kijiye,solid_waste,solid_waste
PGR202500812,mobile,2025-05-14 16:11:03,"Hi, for almost a week. I am reporting that garbage pickup has been missed repeatedly. the complaint has been logged in the app. please help.",en,2025-05-14 16:12:33,"Hi, for almost a week. I am reporting that garbage pickup has been missed repeatedly. the complaint has been logged in the app. please help.",hi for almost a week i am reporting that garbage pickup has been missed repeatedly the complaint has been logged in the app please help,solid_waste,solid_waste
PGR202500813,whatsapp,2025-03-15 14:04:13,"Hello, since Monday. I am reporting that staff behaviour was unhelpful at the office. groundwater is very low this season. kripya madad kijiye.",hi,2025-03-15 14:04:23,"Hello, since Monday. I am reporting that staff behaviour was unhelpful at the office. groundwater is very low this season. kripya madad kijiye.",hello since monday i am reporting that staff behaviour was unhelpful at the office groundwater is very low this season kripya madad kijiye,water_supply,water_supply
PGR202500814,portal,2025-05-28 16:45:32,"Good evening, for 48 hours. I am reporting that there are big potholes on the road. kripya madad kijiye.",hi,2025-05-28 16:46:35,"Good evening, for 48 hours. I am reporting that there are big potholes on the road. kripya madad kijiye.",good evening for 48 hours i am reporting that there are big potholes on the road kripya madad kijiye,roads,roads
PGR202500815,csc,2025-06-06 12:49:38,"Namaste, for two days. We are experiencing the bin is overflowing and animals gather there. kripya madad kijiye.",hi,2025-06-06 12:49:50,"Namaste, for two days. We are experiencing the bin is overflowing and animals gather there. kripya madad kijiye.",namaste for two days we are experiencing the bin is overflowing and animals gather there kripya madad kijiye,drainage,drainage
PGR202500816,mobile,2025-02-07 11:35:19,"Good evening, in Nashik near Ward 09, for the past three days. I am reporting that resurfacing has been pending for many weeks. the complaint has been logged in the app. krupaya sahayya kara.",mr,2025-02-07 11:36:07,"Good evening, in Nashik near Ward 09, for the past three days. I am reporting that resurfacing has been pending for many weeks. the complaint has been logged in the app. krupaya sahayya kara.",good evening in nashik near ward 09 for the past three days i am reporting that resurfacing has been pending for many weeks the complaint has been logged in the app krupaya sahayya kara,roads,roads
PGR202500817,whatsapp,2025-02-16 23:06:37,"Good evening, since last night. the manhole is overflowing on the street. the complaint has been logged in the app. we also tried the IVR earlier. krupaya sahayya kara.",mr,2025-02-16 23:08:29,"Good evening, since last night. the manhole is overflowing on the street. the complaint has been logged in the app. we also tried the IVR earlier. krupaya sahayya kara.",good evening since last night the manhole is overflowing on the street the complaint has been logged in the app we also tried the ivr earlier krupaya sahayya kara,drainage,drainage
PGR202500818,portal,2025-05-11 20:41:54,"Good evening, for two days. an illegal dumpsite is growing near the corner. the complaint has been logged in the app. kripya madad kijiye.",hi,2025-05-11 20:42:20,"Good evening, for two days. an illegal dumpsite is growing near the corner. the complaint has been logged in the app. kripya madad kijiye.",good evening for two days an illegal dumpsite is growing near the corner the complaint has been logged in the app kripya madad kijiye,solid_waste,solid_waste
PGR202500819,portal,2025-06-30 20:46:36,"Namaste, since yesterday. We are experiencing we suspect a pipeline leak nearby. please help.",en,2025-06-30 20:47:34,"Namaste, since yesterday. We are experiencing we suspect a pipeline leak nearby. please help.",namaste since yesterday we are experiencing we suspect a pipeline leak nearby please help,water_supply,water_supply
PGR202500820,whatsapp,2025-02-04 14:16:46,"Namaste, for 48 hours. We are experiencing there is illegal construction on the terrace. the complaint has been logged in the app. we also tried the IVR earlier. krupaya sahayya kara.",mr,2025-02-04 14:18:05,"Namaste, for 48 hours. We are experiencing there is illegal construction on the terrace. the complaint has been logged in the app. we also tried the IVR earlier. krupaya sahayya kara.",namaste for 48 hours we are experiencing there is illegal construction on the terrace the complaint has been logged in the app we also tried the ivr earlier krupaya sahayya kara,building_safety,building_safety
PGR202500821,mobile,2025-05-11 20:27:53,"Good morning, for two days. I am reporting that the streetlight near our lane is not working. we also tried the IVR earlier. dayavittu sahaya maadi.",kn,2025-05-11 20:29:12,"Good morning, for two days. I am reporting that the streetlight near our lane is not working. we also tried the IVR earlier. dayavittu sahaya maadi.",good morning for two days i am reporting that the streetlight near our lane is not working we also tried the ivr earlier dayavittu sahaya maadi,unknown,unknown
PGR202500822,mobile,2025-02-21 11:29:18,"Good morning, since last night. We are experiencing a service request has no update. barah e karam madad karein.",ur,2025-02-21 11:31:07,"Good morning, since last night. We are experiencing a service request has no update. barah e karam madad karein.",good morning since last night we are experiencing a service request has no update barah e karam madad karein,grievance_general,grievance_general
PGR202500823,portal,2025-05-09 12:26:59,"Ji, for two days. resurfacing has been pending for many weeks. the complaint has been logged in the app. krupaya sahayya kara.",mr,2025-05-09 12:27:06,"Ji, for two days. resurfacing has been pending for many weeks. the complaint has been logged in the app. krupaya sahayya kara.",ji for two days resurfacing has been pending for many weeks the complaint has been logged in the app krupaya sahayya kara,roads,roads
PGR202500824,mobile,2025-05-05 11:56:00,"Hi, for the past three days. Residents are reporting play equipment is broken in the park. groundwater is very low this season. pani nahiye. krupaya sahayya kara.",mr,2025-05-05 11:57:05,"Hi, for the past three days. Residents are reporting play equipment is broken in the park. groundwater is very low this season. pani nahiye. krupaya sahayya kara.",hi for the past three days residents are reporting play equipment is broken in the park groundwater is very low this season pani nahiye krupaya sahayya kara,parks,parks
PGR202500825,mobile,2025-02-14 13:35:11,"Namaste, in Aurangabad near Ward 19, for the past three days. I am reporting that there are big potholes on the road. kripya madad kijiye.",hi,2025-02-14 13:36:10,"Namaste, in Aurangabad near Ward 19, for the past three days. I am reporting that there are big potholes on the road. kripya madad kijiye.",namaste in aurangabad near ward 19 for the past three days i am reporting that there are big potholes on the road kripya madad kijiye,roads,roads
PGR202500826,mobile,2025-05-14 02:37:15,"Good morning, for almost a week. resurfacing has been pending for many weeks. kripya madad kijiye.",hi,2025-05-14 02:37:23,"Good morning, for almost a week. resurfacing has been pending for many weeks. kripya madad kijiye.",good morning for almost a week resurfacing has been pending for many weeks kripya madad kijiye,roads,roads
PGR202500827,mobile,2025-06-15 13:19:11,"Ji, since last night. a license check is required for these stalls. krupaya sahayya kara.",mr,2025-06-15 13:20:35,"Ji, since last night. a license check is required for these stalls. krupaya sahayya kara.",ji since last night a license check is required for these stalls krupaya sahayya kara,markets,markets
PGR202500828,ivr,2025-06-10 12:23:49,"Good evening, since yesterday. an electrical cabinet is open near the path. krupaya sahayya kara.",mr,2025-06-10 12:23:54,"Good evening, since yesterday. an electrical cabinet is open near the path. krupaya sahayya kara.",good evening since yesterday an electrical cabinet is open near the path krupaya sahayya kara,solid_waste,solid_waste
PGR202500829,portal,2025-02-05 08:23:53,"Good morning, since Monday. Residents are reporting an illegal dumpsite is growing near the corner. groundwater is very low this season. krupaya sahayya kara.",mr,2025-02-05 08:24:10,"Good morning, since Monday. Residents are reporting an illegal dumpsite is growing near the corner. groundwater is very low this season. krupaya sahayya kara.",good morning since monday residents are reporting an illegal dumpsite is growing near the corner groundwater is very low this season krupaya sahayya kara,water_supply,water_supply
PGR202500830,mobile,2025-03-09 21:17:58,"Good morning, since Monday. the tanker did not arrive today. summer water crisis is likely so please plan supply. krupaya sahayya kara.",mr,2025-03-09 21:18:41,"Good morning, since Monday. the tanker did not arrive today. summer water crisis is likely so please plan supply. krupaya sahayya kara.",good morning since monday the tanker did not arrive today summer water crisis is likely so please plan supply krupaya sahayya kara,water_supply,tanker_delay
PGR202500831,portal,2025-03-09 02:58:51,"Good evening, since Monday. I am reporting that tap pressure is very low. pani ki kami ho rahi hai please arrange tankers. please help.",en,2025-03-09 02:59:15,"Good evening, since Monday. I am reporting that tap pressure is very low. pani ki kami ho rahi hai please arrange tankers. please help.",good evening since monday i am reporting that tap pressure is very low pani ki kami ho rahi hai please arrange tankers please help,water_supply,tanker_delay
PGR202500832,portal,2025-04-09 23:51:08,"Ji, since last night. We are experiencing staff behaviour was unhelpful at the office. groundwater is very low this season. please jaldi se kijiye. kirpa karke madad karo.",pa,2025-04-09 23:51:28,"Ji, since last night. We are experiencing staff behaviour was unhelpful at the office. groundwater is very low this season. please jaldi se kijiye. kirpa karke madad karo.",ji since last night we are experiencing staff behaviour was unhelpful at the office groundwater is very low this season please jaldi se kijiye kirpa karke madad karo,water_supply,water_supply
PGR202500833,portal,2025-02-22 10:52:43,"Good evening, for the past three days. We are experiencing an electrical cabinet is open near the path. krupaya sahayya kara.",mr,2025-02-22 10:53:53,"Good evening, for the past three days. We are experiencing an electrical cabinet is open near the path. krupaya sahayya kara.",good evening for the past three days we are experiencing an electrical cabinet is open near the path krupaya sahayya kara,solid_waste,solid_waste
PGR202500834,ivr,2025-06-09 03:38:51,"Hello, for two days. I am reporting that a service request has no update. barah e karam madad karein.",ur,2025-06-09 03:40:17,"Hello, for two days. I am reporting that a service request has no update. barah e karam madad karein.",hello for two days i am reporting that a service request has no update barah e karam madad karein,grievance_general,grievance_general
PGR202500835,whatsapp,2025-05-28 12:21:51,"Good evening, since Monday. I am reporting that we need information on the process. the complaint has been logged in the app. krupaya sahayya kara.",mr,2025-05-28 12:22:23,"Good evening, since Monday. I am reporting that we need information on the process. the complaint has been logged in the app. krupaya sahayya kara.",good evening since monday i am reporting that we need information on the process the complaint has been logged in the app krupaya sahayya kara,grievance_general,grievance_general
PGR202500836,mobile,2025-06-02 06:03:31,"Ji, for two days. the septic tank has overflowed onto the street. krupaya sahayya kara.",mr,2025-06-02 06:04:50,"Ji, for two days. the septic tank has overflowed onto the street. krupaya sahayya kara.",ji for two days the septic tank has overflowed onto the street krupaya sahayya kara,drainage,drainage
PGR202500837,mobile,2025-03-02 17:32:06,"Ji, since yesterday. We are experiencing the community tap is dry in the morning. please help.",en,2025-03-02 17:32:22,"Ji, since yesterday. We are experiencing the community tap is dry in the morning. please help.",ji since yesterday we are experiencing the community tap is dry in the morning please help,water_supply,water_supply
PGR202500838,portal,2025-02-03 04:27:40,"Ji, since yesterday. Residents are reporting the manhole is overflowing on the street. pani ki kami ho rahi hai please arrange tankers. the complaint has been logged in the app. krupaya sahayya kara.",mr,2025-02-03 04:28:05,"Ji, since yesterday. Residents are reporting the manhole is overflowing on the street. pani ki kami ho rahi hai please arrange tankers. the complaint has been logged in the app. krupaya sahayya kara.",ji since yesterday residents are reporting the manhole is overflowing on the street pani ki kami ho rahi hai please arrange tankers the complaint has been logged in the app krupaya sahayya kara,drainage,drainage
PGR202500839,portal,2025-06-17 14:17:50,"Namaste, for the past three days. Residents are reporting the septic tank has overflowed onto the street. the complaint has been logged in the app. dayavittu sahaya maadi.",kn,2025-06-17 14:18:24,"Namaste, for the past three days. Residents are reporting the septic tank has overflowed onto the street. the complaint has been logged in the app. dayavittu sahaya maadi.",namaste for the past three days residents are reporting the septic tank has overflowed onto the street the complaint has been logged in the app dayavittu sahaya maadi,drainage,drainage
PGR202500840,portal,2025-03-16 08:04:12,"Namaste, for two days. I am reporting that an illegal dumpsite is growing near the corner. kripya madad kijiye.",hi,2025-03-16 08:05:58,"Namaste, for two days. I am reporting that an illegal dumpsite is growing near the corner. kripya madad kijiye.",namaste for two days i am reporting that an illegal dumpsite is growing near the corner kripya madad kijiye,solid_waste,solid_waste
PGR202500841,portal,2025-05-10 10:34:06,"Good morning, since yesterday. we need information on the process. kirpa karke madad karo.",pa,2025-05-10 10:35:14,"Good morning, since yesterday. we need information on the process. kirpa karke madad karo.",good morning since yesterday we need information on the process kirpa karke madad karo,grievance_general,grievance_general
PGR202500842,portal,2025-06-17 09:58:16,"Hello, for 48 hours. the public toilet is not functioning. kripya madad kijiye.",hi,2025-06-17 09:59:40,"Hello, for 48 hours. the public toilet is not functioning. kripya madad kijiye.",hello for 48 hours the public toilet is not functioning kripya madad kijiye,sanitation,sanitation
PGR202500843,mobile,2025-02-06 10:11:08,"Hello, for the past three days. the public toilet is not functioning. kripya madad kijiye.",hi,2025-02-06 10:13:05,"Hello, for the past three days. the public toilet is not functioning. kripya madad kijiye.",hello for the past three days the public toilet is not functioning kripya madad kijiye,sanitation,sanitation
PGR202500844,mobile,2025-02-01 19:42:14,"Hi, for 48 hours. We are experiencing the road surface is broken at the crossing. we also tried the IVR earlier. kripya madad kijiye.",hi,2025-02-01 19:42:45,"Hi, for 48 hours. We are experiencing the road surface is broken at the crossing. we also tried the IVR earlier. kripya madad kijiye.",hi for 48 hours we are experiencing the road surface is broken at the crossing we also tried the ivr earlier kripya madad kijiye,roads,roads
PGR202500845,mobile,2025-02-01 19:32:50,"Namaste, since Monday. We are experiencing waterlogging is happening after even light rain. krupaya sahayya kara.",mr,2025-02-01 19:33:46,"Namaste, since Monday. We are experiencing waterlogging is happening after even light rain. krupaya sahayya kara.",namaste since monday we are experiencing waterlogging is happening after even light rain krupaya sahayya kara,water_supply,water_supply
PGR202500846,mobile,2025-02-24 10:46:21,"Namaste, for almost a week. We are experiencing hawkers have encroached on the footpath. kripya madad kijiye.",hi,2025-02-24 10:47:30,"Namaste, for almost a week. We are experiencing hawkers have encroached on the footpath. kripya madad kijiye.",namaste for almost a week we are experiencing hawkers have encroached on the footpath kripya madad kijiye,unknown,unknown
PGR202500847,mobile,2025-02-08 17:58:06,"Hi, since Monday. Residents are reporting staff behaviour was unhelpful at the office. the complaint has been logged in the app. krupaya sahayya kara.",mr,2025-02-08 17:59:46,"Hi, since Monday. Residents are reporting staff behaviour was unhelpful at the office. the complaint has been logged in the app. krupaya sahayya kara.",hi since monday residents are reporting staff behaviour was unhelpful at the office the complaint has been logged in the app krupaya sahayya kara,grievance_general,grievance_general
PGR202500848,portal,2025-06-03 23:55:51,"Good morning, for 48 hours. We are experiencing we suspect a pipeline leak nearby. summer water crisis is likely so please plan supply. kripya madad kijiye.",hi,2025-06-03 23:56:39,"Good morning, for 48 hours. We are experiencing we suspect a pipeline leak nearby. summer water crisis is likely so please plan supply. kripya madad kijiye.",good morning for 48 hours we are experiencing we suspect a pipeline leak nearby summer water crisis is likely so please plan supply kripya madad kijiye,water_supply,water_supply
PGR202500849,mobile,2025-05-02 21:19:49,"Namaste, for almost a week. Residents are reporting we suspect a pipeline leak nearby. kripya madad kijiye.",hi,2025-05-02 21:20:59,"Namaste, for almost a week. Residents are reporting we suspect a pipeline leak nearby. kripya madad kijiye.",namaste for almost a week residents are reporting we suspect a pipeline leak nearby kripya madad kijiye,water_supply,water_supply
PGR202500850,mobile,2025-06-28 00:10:04,"Namaste, since Monday. there is no water in the tap. kripya madad kijiye.",hi,2025-06-28 00:11:46,"Namaste, since Monday. there is no water in the tap. kripya madad kijiye.",namaste since monday there is no water in the tap kripya madad kijiye,water_supply,no_supply
PGR202500851,portal,2025-06-01 05:20:03,"Namaste, for almost a week. a loose cable is creating a hazard. we also tried the IVR earlier. kirpa karke madad karo.",pa,2025-06-01 05:20:24,"Namaste, for almost a week. a loose cable is creating a hazard. we also tried the IVR earlier. kirpa karke madad karo.",namaste for almost a week a loose cable is creating a hazard we also tried the ivr earlier kirpa karke madad karo,utilities_other,utilities_other
PGR202500852,csc,2025-06-25 11:28:34,"Ji, since last night. the septic tank has overflowed onto the street. groundwater is very low this season. krupaya sahayya kara.",mr,2025-06-25 11:28:58,"Ji, since last night. the septic tank has overflowed onto the street. groundwater is very low this season. krupaya sahayya kara.",ji since last night the septic tank has overflowed onto the street groundwater is very low this season krupaya sahayya kara,water_supply,water_supply
PGR202500853,mobile,2025-03-08 18:47:24,"Namaste, since yesterday. We are experiencing the community tap is dry in the morning. it feels like a drought and the borewell is almost dry. the complaint has been logged in the app. krupaya sahayya kara.",mr,2025-03-08 18:47:36,"Namaste, since yesterday. We are experiencing the community tap is dry in the morning. it feels like a drought and the borewell is almost dry. the complaint has been logged in the app. krupaya sahayya kara.",namaste since yesterday we are experiencing the community tap is dry in the morning it feels like a drought and the borewell is almost dry the complaint has been logged in the app krupaya sahayya kara,water_supply,water_supply
PGR202500854,csc,2025-03-16 04:04:42,"Hi, since last night. the public toilet is not functioning. we also tried the IVR earlier. please help.",en,2025-03-16 04:05:32,"Hi, since last night. the public toilet is not functioning. we also tried the IVR earlier. please help.",hi since last night the public toilet is not functioning we also tried the ivr earlier please help,sanitation,sanitation
PGR202500855,ivr,2025-06-08 09:52:17,"Good evening, since yesterday. stray dogs are aggressive near the market. the complaint has been logged in the app. krupaya sahayya kara.",mr,2025-06-08 09:53:38,"Good evening, since yesterday. stray dogs are aggressive near the market. the complaint has been logged in the app. krupaya sahayya kara.",good evening since yesterday stray dogs are aggressive near the market the complaint has been logged in the app krupaya sahayya kara,public_health,public_health
PGR202500856,portal,2025-03-09 17:34:40,"Good evening, for the past three days. Residents are reporting a license check is required for these stalls. the complaint has been logged in the app. krupaya sahayya kara.",mr,2025-03-09 17:35:13,"Good evening, for the past three days. Residents are reporting a license check is required for these stalls. the complaint has been logged in the app. krupaya sahayya kara.",good evening for the past three days residents are reporting a license check is required for these stalls the complaint has been logged in the app krupaya sahayya kara,markets,markets
PGR202500857,portal,2025-02-09 14:02:05,"Hi, since last night. We are experiencing there is no water in the tap. the complaint has been logged in the app. kripya madad kijiye.",hi,2025-02-09 14:03:04,"Hi, since last night. We are experiencing there is no water in the tap. the complaint has been logged in the app. kripya madad kijiye.",hi since last night we are experiencing there is no water in the tap the complaint has been logged in the app kripya madad kijiye,water_supply,no_supply
PGR202500858,mobile,2025-05-12 08:52:05,"Ji, for two days. an electrical cabinet is open near the path. we also tried the IVR earlier. krupaya sahayya kara.",mr,2025-05-12 08:54:00,"Ji, for two days. an electrical cabinet is open near the path. we also tried the IVR earlier. krupaya sahayya kara.",ji for two days an electrical cabinet is open near the path we also tried the ivr earlier krupaya sahayya kara,solid_waste,solid_waste
PGR202500859,whatsapp,2025-06-01 03:28:10,"Hi, since yesterday. We are experiencing an illegal dumpsite is growing near the corner. kripya madad kijiye.",hi,2025-06-01 03:29:41,"Hi, since yesterday. We are experiencing an illegal dumpsite is growing near the corner. kripya madad kijiye.",hi since yesterday we are experiencing an illegal dumpsite is growing near the corner kripya madad kijiye,solid_waste,solid_waste
PGR202500860,mobile,2025-06-26 05:30:22,"Good evening, since yesterday. We are experiencing stray dogs are aggressive near the market. summer water crisis is likely so please plan supply. please help.",en,2025-06-26 05:31:54,"Good evening, since yesterday. We are experiencing stray dogs are aggressive near the market. summer water crisis is likely so please plan supply. please help.",good evening since yesterday we are experiencing stray dogs are aggressive near the market summer water crisis is likely so please plan supply please help,water_supply,water_supply
PGR202500861,ivr,2025-06-20 04:03:47,"Hi, for 48 hours. the tanker did not arrive today. kripya madad kijiye.",hi,2025-06-20 04:04:58,"Hi, for 48 hours. the tanker did not arrive today. kripya madad kijiye.",hi for 48 hours the tanker did not arrive today kripya madad kijiye,water_supply,tanker_delay
PGR202500862,portal,2025-02-19 00:49:48,"Good morning, since Monday. the wash area is broken and unclean. krupaya sahayya kara.",mr,2025-02-19 00:50:30,"Good morning, since Monday. the wash area is broken and unclean. krupaya sahayya kara.",good morning since monday the wash area is broken and unclean krupaya sahayya kara,unknown,unknown
PGR202500863,mobile,2025-05-27 19:35:24,"Hello, for 48 hours. Residents are reporting an illegal dumpsite is growing near the corner. krupaya sahayya kara.",mr,2025-05-27 19:35:31,"Hello, for 48 hours. Residents are reporting an illegal dumpsite is growing near the corner. krupaya sahayya kara.",hello for 48 hours residents are reporting an illegal dumpsite is growing near the corner krupaya sahayya kara,solid_waste,solid_waste
PGR202500864,mobile,2025-06-07 22:03:36,"Ji, since last night. I am reporting that staff behaviour was unhelpful at the office. krupaya sahayya kara.",mr,2025-06-07 22:04:17,"Ji, since last night. I am reporting that staff behaviour was unhelpful at the office. krupaya sahayya kara.",ji since last night i am reporting that staff behaviour was unhelpful at the office krupaya sahayya kara,grievance_general,grievance_general
PGR202500865,portal,2025-05-16 17:14:04,"Good morning, for the past three days. We are experiencing the whole stretch is dark after evening. groundwater is very low this season. barah e karam madad karein.",ur,2025-05-16 17:14:51,"Good morning, for the past three days. We are experiencing the whole stretch is dark after evening. groundwater is very low this season. barah e karam madad karein.",good morning for the past three days we are experiencing the whole stretch is dark after evening groundwater is very low this season barah e karam madad karein,water_supply,water_supply
PGR202500866,portal,2025-06-03 23:16:43,"Hi, since Monday. the manhole is overflowing on the street. krupaya sahayya kara.",mr,2025-06-03 23:18:10,"Hi, since Monday. the manhole is overflowing on the street. krupaya sahayya kara.",hi since monday the manhole is overflowing on the street krupaya sahayya kara,drainage,drainage
PGR202500867,mobile,2025-06-06 16:43:42,"Hi, for almost a week. Residents are reporting the whole stretch is dark after evening. kripya madad kijiye.",hi,2025-06-06 16:44:25,"Hi, for almost a week. Residents are reporting the whole stretch is dark after evening. kripya madad kijiye.",hi for almost a week residents are reporting the whole stretch is dark after evening kripya madad kijiye,streetlights,streetlights
PGR202500868,portal,2025-04-08 23:34:50,"Ji, since yesterday. We are experiencing the whole stretch is dark after evening. krupaya sahayya kara.",mr,2025-04-08 23:35:56,"Ji, since yesterday. We are experiencing the whole stretch is dark after evening. krupaya sahayya kara.",ji since yesterday we are experiencing the whole stretch is dark after evening krupaya sahayya kara,streetlights,streetlights
PGR202500869,ivr,2025-02-07 00:32:40,"Good morning, for 48 hours. illegal parking is blocking the lane. kripya madad kijiye.",hi,2025-02-07 00:33:32,"Good morning, for 48 hours. illegal parking is blocking the lane. kripya madad kijiye.",good morning for 48 hours illegal parking is blocking the lane kripya madad kijiye,parks,parks
PGR202500870,portal,2025-04-10 10:17:58,"Namaste, for 48 hours. I am reporting that garbage pickup has been missed repeatedly. kripya madad kijiye.",hi,2025-04-10 10:18:34,"Namaste, for 48 hours. I am reporting that garbage pickup has been missed repeatedly. kripya madad kijiye.",namaste for 48 hours i am reporting that garbage pickup has been missed repeatedly kripya madad kijiye,solid_waste,solid_waste
PGR202500871,portal,2025-03-03 06:24:55,"Good morning, for almost a week. Residents are reporting the whole stretch is dark after evening. please help.",en,2025-03-03 06:25:15,"Good morning, for almost a week. Residents are reporting the whole stretch is dark after evening. please help.",good morning for almost a week residents are reporting the whole stretch is dark after evening please help,streetlights,streetlights
PGR202500872,mobile,2025-02-18 01:25:33,"Good morning, for 48 hours. We are experiencing we suspect a pipeline leak nearby. krupaya sahayya kara.",mr,2025-02-18 01:26:20,"Good morning, for 48 hours. We are experiencing we suspect a pipeline leak nearby. krupaya sahayya kara.",good morning for 48 hours we are experiencing we suspect a pipeline leak nearby krupaya sahayya kara,water_supply,water_supply
PGR202500873,csc,2025-02-19 17:43:30,"Good morning, for the past three days. a loose cable is creating a hazard. dayavittu sahaya maadi.",kn,2025-02-19 17:43:54,"Good morning, for the past three days. a loose cable is creating a hazard. dayavittu sahaya maadi.",good morning for the past three days a loose cable is creating a hazard dayavittu sahaya maadi,utilities_other,utilities_other
PGR202500874,mobile,2025-05-16 14:32:46,"Hello, for the past three days. I am reporting that the signal is not working at the junction. the complaint has been logged in the app. krupaya sahayya kara.",mr,2025-05-16 14:33:06,"Hello, for the past three days. I am reporting that the signal is not working at the junction. the complaint has been logged in the app. krupaya sahayya kara.",hello for the past three days i am reporting that the signal is not working at the junction the complaint has been logged in the app krupaya sahayya kara,traffic,traffic
PGR202500875,ivr,2025-04-17 16:18:41,"Good morning, for 48 hours. We are experiencing stray dogs are aggressive near the market. kripya madad kijiye.",hi,2025-04-17 16:18:48,"Good morning, for 48 hours. We are experiencing stray dogs are aggressive near the market. kripya madad kijiye.",good morning for 48 hours we are experiencing stray dogs are aggressive near the market kripya madad kijiye,public_health,public_health
PGR202500876,mobile,2025-04-22 23:25:08,"Good morning, in Aurangabad near Ward 11, for 48 hours. the road surface is broken at the crossing. we also tried the IVR earlier. kripya madad kijiye.",hi,2025-04-22 23:26:14,"Good morning, in Aurangabad near Ward 11, for 48 hours. the road surface is broken at the crossing. we also tried the IVR earlier. kripya madad kijiye.",good morning in aurangabad near ward 11 for 48 hours the road surface is broken at the crossing we also tried the ivr earlier kripya madad kijiye,roads,roads
PGR202500877,portal,2025-05-23 18:40:37,"Good evening, for two days. Residents are reporting the pole looks damaged and wires are exposed. kirpa karke madad karo.",pa,2025-05-23 18:41:21,"Good evening, for two days. Residents are reporting the pole looks damaged and wires are exposed. kirpa karke madad karo.",good evening for two days residents are reporting the pole looks damaged and wires are exposed kirpa karke madad karo,streetlights,streetlights
PGR202500878,mobile,2025-04-24 05:45:49,"Hello, for 48 hours. stray dogs are aggressive near the market. kripya madad kijiye.",hi,2025-04-24 05:47:24,"Hello, for 48 hours. stray dogs are aggressive near the market. kripya madad kijiye.",hello for 48 hours stray dogs are aggressive near the market kripya madad kijiye,public_health,public_health
PGR202500879,mobile,2025-05-06 12:02:32,"Good morning, for the past three days. I am reporting that tap pressure is very low. the complaint has been logged in the app. kripya madad kijiye.",hi,2025-05-06 12:03:00,"Good morning, for the past three days. I am reporting that tap pressure is very low. the complaint has been logged in the app. kripya madad kijiye.",good morning for the past three days i am reporting that tap pressure is very low the complaint has been logged in the app kripya madad kijiye,water_supply,water_supply
PGR202500880,csc,2025-02-13 21:41:17,"Hello, since last night. the septic tank has overflowed onto the street. kripya madad kijiye.",hi,2025-02-13 21:42:44,"Hello, since last night. the septic tank has overflowed onto the street. kripya madad kijiye.",hello since last night the septic tank has overflowed onto the street kripya madad kijiye,drainage,drainage
PGR202500881,portal,2025-06-08 16:04:18,"Ji, for the past three days. We are experiencing the dispensary was closed during working hours. krupaya sahayya kara.",mr,2025-06-08 16:05:26,"Ji, for the past three days. We are experiencing the dispensary was closed during working hours. krupaya sahayya kara.",ji for the past three days we are experiencing the dispensary was closed during working hours krupaya sahayya kara,unknown,unknown
PGR202500882,portal,2025-04-09 07:36:38,"Ji, since Monday. We are experiencing play equipment is broken in the park. we also tried the IVR earlier. roz subah tap dry milta hai. please help.",en,2025-04-09 07:38:30,"Ji, since Monday. We are experiencing play equipment is broken in the park. we also tried the IVR earlier. roz subah tap dry milta hai. please help.",ji since monday we are experiencing play equipment is broken in the park we also tried the ivr earlier roz subah tap dry milta hai please help,parks,parks
PGR202500883,whatsapp,2025-02-24 06:46:00,"Good morning, since last night. I am reporting that the grass is drying up because irrigation is off. we also tried the IVR earlier. please help.",en,2025-02-24 06:47:38,"Good morning, since last night. I am reporting that the grass is drying up because irrigation is off. we also tried the IVR earlier. please help.",good morning since last night i am reporting that the grass is drying up because irrigation is off we also tried the ivr earlier please help,unknown,unknown
PGR202500884,whatsapp,2025-06-02 23:58:56,"Hello, since Monday. I am reporting that the streetlight near our lane is not working. we also tried the IVR earlier. please help.",en,2025-06-02 23:59:10,"Hello, since Monday. I am reporting that the streetlight near our lane is not working. we also tried the IVR earlier. please help.",hello since monday i am reporting that the streetlight near our lane is not working we also tried the ivr earlier please help,unknown,unknown
PGR202500885,ivr,2025-05-22 04:38:08,"Good evening, for the past three days. I am reporting that the community tap is dry in the morning. the complaint has been logged in the app. kripya madad kijiye.",hi,2025-05-22 04:39:56,"Good evening, for the past three days. I am reporting that the community tap is dry in the morning. the complaint has been logged in the app. kripya madad kijiye.",good evening for the past three days i am reporting that the community tap is dry in the morning the complaint has been logged in the app kripya madad kijiye,water_supply,water_supply
PGR202500886,mobile,2025-02-08 22:53:36,"Good morning, in Nashik near Ward 14, for 48 hours. We are experiencing the tanker did not arrive today. the complaint has been logged in the app. we also tried the IVR earlier. please jaldi se kijiye. please help.",en,2025-02-08 22:54:41,"Good morning, in Nashik near Ward 14, for 48 hours. We are experiencing the tanker did not arrive today. the complaint has been logged in the app. we also tried the IVR earlier. please jaldi se kijiye. please help.",good morning in nashik near ward 14 for 48 hours we are experiencing the tanker did not arrive today the complaint has been logged in the app we also tried the ivr earlier please jaldi se kijiye please help,water_supply,tanker_delay
PGR202500887,portal,2025-03-01 22:56:57,"Ji, since last night. resurfacing has been pending for many weeks. krupaya sahayya kara.",mr,2025-03-01 22:58:15,"Ji, since last night. resurfacing has been pending for many weeks. krupaya sahayya kara.",ji since last night resurfacing has been pending for many weeks krupaya sahayya kara,roads,roads
PGR202500888,ivr,2025-02-03 08:41:52,"Good morning, since Monday. the manhole is overflowing on the street. krupaya sahayya kara.",mr,2025-02-03 08:43:31,"Good morning, since Monday. the manhole is overflowing on the street. krupaya sahayya kara.",good morning since monday the manhole is overflowing on the street krupaya sahayya kara,drainage,drainage
PGR202500889,mobile,2025-03-13 14:43:53,"Ji, since Monday. Residents are reporting a license check is required for these stalls. please help.",en,2025-03-13 14:45:06,"Ji, since Monday. Residents are reporting a license check is required for these stalls. please help.",ji since monday residents are reporting a license check is required for these stalls please help,markets,markets
PGR202500890,mobile,2025-02-15 23:55:45,"Good morning, for 48 hours. mosquito breeding is visible due to stagnant water. garami madhe jalsankat aahe. krupaya sahayya kara.",mr,2025-02-15 23:56:47,"Good morning, for 48 hours. mosquito breeding is visible due to stagnant water. garami madhe jalsankat aahe. krupaya sahayya kara.",good morning for 48 hours mosquito breeding is visible due to stagnant water garami madhe jalsankat aahe krupaya sahayya kara,water_supply,water_supply
PGR202500891,csc,2025-05-18 11:39:24,"Ji, for the past three days. tap pressure is very low. pani ki kami ho rahi hai please arrange tankers. we also tried the IVR earlier. krupaya sahayya kara.",mr,2025-05-18 11:41:06,"Ji, for the past three days. tap pressure is very low. pani ki kami ho rahi hai please arrange tankers. we also tried the IVR earlier. krupaya sahayya kara.",ji for the past three days tap pressure is very low pani ki kami ho rahi hai please arrange tankers we also tried the ivr earlier krupaya sahayya kara,water_supply,tanker_delay
PGR202500892,portal,2025-04-20 09:11:28,"Good evening, since Monday. I am reporting that there is no water in the tap. groundwater is very low this season. the complaint has been logged in the app. pani nahiye. krupaya sahayya kara.",mr,2025-04-20 09:11:41,"Good evening, since Monday. I am reporting that there is no water in the tap. groundwater is very low this season. the complaint has been logged in the app. pani nahiye. krupaya sahayya kara.",good evening since monday i am reporting that there is no water in the tap groundwater is very low this season the complaint has been logged in the app pani nahiye krupaya sahayya kara,water_supply,no_supply
PGR202500893,portal,2025-06-28 00:44:13,"Hello, since Monday. I am reporting that play equipment is broken in the park. the complaint has been logged in the app. krupaya sahayya kara.",mr,2025-06-28 00:45:02,"Hello, since Monday. I am reporting that play equipment is broken in the park. the complaint has been logged in the app. krupaya sahayya kara.",hello since monday i am reporting that play equipment is broken in the park the complaint has been logged in the app krupaya sahayya kara,parks,parks
PGR202500894,whatsapp,2025-05-24 09:55:35,"Good morning, since yesterday. We are experiencing there is illegal construction on the terrace. kirpa karke madad karo.",pa,2025-05-24 09:55:51,"Good morning, since yesterday. We are experiencing there is illegal construction on the terrace. kirpa karke madad karo.",good morning since yesterday we are experiencing there is illegal construction on the terrace kirpa karke madad karo,building_safety,building_safety
PGR202500895,portal,2025-05-03 17:33:24,"Good evening, since Monday. We are experiencing the grass is drying up because irrigation is off. groundwater is very low this season. krupaya sahayya kara.",mr,2025-05-03 17:34:11,"Good evening, since Monday. We are experiencing the grass is drying up because irrigation is off. groundwater is very low this season. krupaya sahayya kara.",good evening since monday we are experiencing the grass is drying up because irrigation is off groundwater is very low this season krupaya sahayya kara,water_supply,water_supply
PGR202500896,portal,2025-04-18 09:31:40,"Hello, since Monday. We are experiencing the streetlight near our lane is not working. the complaint has been logged in the app. we also tried the IVR earlier. pressure bahut kam hai. please help.",en,2025-04-18 09:32:22,"Hello, since Monday. We are experiencing the streetlight near our lane is not working. the complaint has been logged in the app. we also tried the IVR earlier. pressure bahut kam hai. please help.",hello since monday we are experiencing the streetlight near our lane is not working the complaint has been logged in the app we also tried the ivr earlier pressure bahut kam hai please help,water_supply,water_supply
PGR202500897,mobile,2025-02-09 04:12:04,"Hello, since Monday. the community tap is dry in the morning. the complaint has been logged in the app. krupaya sahayya kara.",mr,2025-02-09 04:12:21,"Hello, since Monday. the community tap is dry in the morning. the complaint has been logged in the app. krupaya sahayya kara.",hello since monday the community tap is dry in the morning the complaint has been logged in the app krupaya sahayya kara,water_supply,water_supply
PGR202500898,portal,2025-02-11 12:43:27,"Namaste, since yesterday. Residents are reporting resurfacing has been pending for many weeks. the complaint has been logged in the app. kripya madad kijiye.",hi,2025-02-11 12:44:54,"Namaste, since yesterday. Residents are reporting resurfacing has been pending for many weeks. the complaint has been logged in the app. kripya madad kijiye.",namaste since yesterday residents are reporting resurfacing has been pending for many weeks the complaint has been logged in the app kripya madad kijiye,roads,roads
PGR202500899,mobile,2025-05-04 10:42:43,"Hi, since Monday. I am reporting that the community tap is dry in the morning. the complaint has been logged in the app. please help.",en,2025-05-04 10:44:00,"Hi, since Monday. I am reporting that the community tap is dry in the morning. the complaint has been logged in the app. please help.",hi since monday i am reporting that the community tap is dry in the morning the complaint has been logged in the app please help,water_supply,water_supply
PGR202500900,csc,2025-02-01 15:45:54,"Good morning, for almost a week. I am reporting that the tanker did not arrive today. kripya madad kijiye.",hi,2025-02-01 15:47:32,"Good morning, for almost a week. I am reporting that the tanker did not arrive today. kripya madad kijiye.",good morning for almost a week i am reporting that the tanker did not arrive today kripya madad kijiye,water_supply,tanker_delay
