complaint_id,source_channel,intake_ts_local,timezone,reporter_type,consent_voice_storage,asr_attempt_id,text_raw,asr_lang,is_primary_x,transcript_ts,asr_model_version,processed_text,text_length,token_count,category,subcategory,category_confidence,ml_category,ml_category_confidence,sentiment_label,sentiment_score,urgency_label,urgency_score,geo_version,lat,lon,location_source,accuracy_m,address_freeform,admin_ulb_code,ward_code,ward_name,pincode,reverse_geocode_provider,reverse_geocode_ts,geohash6,is_primary_y,created_at,has_valid_location,ward_complaint_density,category_geohash_density,sla_hours,workflow_event_count,has_escalation,reopened,is_unresolved,sla_breached,resolution_hours,severity_score,severity_label,hotspot_id
PGR202500001,ivr,2025-02-14 09:18:12,Asia/Kolkata,citizen,True,1,"Namaste, for the past three days. We are experiencing garbage pickup has been missed repeatedly. we also tried the IVR earlier. loker madat kara. krupaya sahayya kara.",mr,True,2025-02-14 09:18:54,asr_mr_v3,"namaste, for the past three days. we are experiencing garbage pickup has been missed repeatedly. we also tried the ivr earlier. loker madat kara. krupaya sahayya kara.",167,27,solid_waste,missed_pickup,0.75,solid_waste,0.6244,negative,-0.36,low,0.43,1,20.007413,79.277151,reverse_geocode,31.49,"Ward 06, Chandrapur-ish",ULB_CHD,W06,Ward 06,442401,nominatim,2025-02-14 09:19:07,tg83gf,True,2025-02-14 09:18:12,True,17,1,24,4,0,0,1,0,9.0,0.408,MEDIUM,-1
PGR202500002,portal,2025-05-28 02:14:29,Asia/Kolkata,citizen,True,1,"Ji, for the past three days. I am reporting that garbage pickup has been missed repeatedly. pani ki kami ho rahi hai please arrange tankers. we also tried the IVR earlier. krupaya sahayya kara.",mr,True,2025-05-28 02:15:39,asr_mr_v3,"ji, for the past three days. i am reporting that garbage pickup has been missed repeatedly. pani ki kami ho rahi hai please arrange tankers. we also tried the ivr earlier. krupaya sahayya kara.",193,34,water_supply,no_supply,0.8999999999999999,solid_waste,0.356,negative,-0.54,low,0.43,1,19.935,79.347068,gps,36.98,"Ward 06, Chandrapur-ish",ULB_CHD,W06,Ward 06,442401,nominatim,2025-05-28 02:16:54,tg83mt,True,2025-05-28 02:14:29,True,17,1,24,5,0,0,0,0,12.0,0.49,MEDIUM,water_supply_9
PGR202500003,mobile,2025-05-10 04:27:26,Asia/Kolkata,citizen,True,1,"Good evening, for 48 hours. We are experiencing there is no water in the tap. pani ki kami ho rahi hai please arrange tankers. we also tried the IVR earlier. kripya madad kijiye.",hi,True,2025-05-10 04:28:36,asr_hi_v3,"good evening, for 48 hours. we are experiencing there is no water in the tap. pani ki kami ho rahi hai please arrange tankers. we also tried the ivr earlier. kripya madad kijiye.",178,33,water_supply,no_supply,0.98,water_supply,0.7939,negative,-0.36,low,0.43,1,20.012949,73.734964,gps,28.75,"Ward 03, Nashik-ish",ULB_NAS,W03,Ward 03,422001,nominatim,2025-05-10 04:29:37,tes3vg,True,2025-05-10 04:27:26,True,10,1,48,5,0,0,0,0,11.0,0.489,MEDIUM,water_supply_0
PGR202500004,mobile,2025-04-07 19:57:44,Asia/Kolkata,citizen,False,1,"Good evening, since last night. an old building has a dangerous cracked wall. pani ki kami ho rahi hai please arrange tankers. krupaya sahayya kara.",mr,True,2025-04-07 19:58:15,asr_mr_v3,"good evening, since last night. an old building has a dangerous cracked wall. pani ki kami ho rahi hai please arrange tankers. krupaya sahayya kara.",148,25,building_safety,dangerous_structure,0.98,building_safety,0.6066,negative,-0.36,low,0.43,1,19.88407,79.31099,gps,29.81,"Ward 01, Chandrapur-ish",ULB_CHD,W01,Ward 01,442401,nominatim,2025-04-07 19:59:37,tg83hg,True,2025-04-07 19:57:44,True,20,1,48,7,0,1,0,0,40.0,0.501,MEDIUM,-1
PGR202500005,mobile,2025-04-06 22:51:17,Asia/Kolkata,citizen,True,1,"Hi, for the past three days. We are experiencing the septic tank has overflowed onto the street. the complaint has been logged in the app. we also tried the IVR earlier. kripya madad kijiye.",hi,True,2025-04-06 22:51:29,asr_hi_v3,"hi, for the past three days. we are experiencing the septic tank has overflowed onto the street. the complaint has been logged in the app. we also tried the ivr earlier. kripya madad kijiye.",190,34,sanitation,septic_overflow,0.75,sanitation,0.7711,neutral,-0.18,medium,0.61,1,20.047381,73.814797,gps,27.81,"Ward 11, Nashik-ish",ULB_NAS,W11,Ward 11,422001,nominatim,2025-04-06 22:51:37,tes6p9,True,2025-04-06 22:51:17,True,17,1,72,7,1,1,0,0,55.0,0.667,HIGH,-1
PGR202500006,whatsapp,2025-06-09 18:57:08,Asia/Kolkata,citizen,False,1,"Namaste, for almost a week. We are experiencing waterlogging is happening after even light rain. kripya madad kijiye.",hi,True,2025-06-09 18:57:23,asr_hi_v3,"namaste, for almost a week. we are experiencing waterlogging is happening after even light rain. kripya madad kijiye.",117,18,drainage,waterlogging,0.75,drainage,0.7828,neutral,-0.0,low,0.25,1,19.823436,75.340139,photo_exif,33.03,"Ward 20, Aurangabad-ish",ULB_AUR,W20,Ward 20,431001,nominatim,2025-06-09 18:58:54,tet8f2,True,2025-06-09 18:57:08,True,12,1,72,5,1,0,0,0,12.0,0.57,MEDIUM,-1
PGR202500007,portal,2025-02-13 21:24:15,Asia/Kolkata,citizen,True,1,"Hello, since yesterday. I am reporting that mosquito breeding is visible due to stagnant water. it feels like a drought and the borewell is almost dry. kripya madad kijiye.",hi,True,2025-02-13 21:26:11,asr_hi_v3,"hello, since yesterday. i am reporting that mosquito breeding is visible due to stagnant water. it feels like a drought and the borewell is almost dry. kripya madad kijiye.",172,29,public_health,mosquito_breeding,0.8999999999999999,public_health,0.7038,neutral,-0.18,low,0.25,1,19.931726,79.29113,photo_exif,7.28,"Ward 05, Chandrapur-ish",ULB_CHD,W05,Ward 05,442401,nominatim,2025-02-13 21:26:52,tg83kk,True,2025-02-13 21:24:15,True,20,1,48,4,1,0,1,0,11.0,0.65,HIGH,-1
PGR202500008,csc,2025-05-16 14:31:28,Asia/Kolkata,citizen,True,1,"Good evening, for the past three days. Residents are reporting stray dogs are aggressive near the market. groundwater is very low this season. the complaint has been logged in the app. krupaya sahayya kara.",mr,True,2025-05-16 14:31:53,asr_mr_v3,"good evening, for the past three days. residents are reporting stray dogs are aggressive near the market. groundwater is very low this season. the complaint has been logged in the app. krupaya sahayya kara.",206,34,public_health,stray_dogs,0.8999999999999999,public_health,0.6782,neutral,-0.0,low,0.43,1,20.059391,73.76193,gps,3.0,"Ward 09, Nashik-ish",ULB_NAS,W09,Ward 09,422001,nominatim,2025-05-16 14:33:31,tes6n7,True,2025-05-16 14:31:28,True,18,1,24,4,0,0,1,0,8.0,0.568,MEDIUM,-1
PGR202500009,portal,2025-03-03 05:17:24,Asia/Kolkata,citizen,True,1,"Hello, for almost a week. I am reporting that the grass is drying up because irrigation is off. the complaint has been logged in the app. tankers kab aayenge. kripya madad kijiye.",hi,True,2025-03-03 05:19:10,asr_hi_v3,"hello, for almost a week. i am reporting that the grass is drying up because irrigation is off. the complaint has been logged in the app. tankers kab aayenge. kripya madad kijiye.",179,32,water_supply,no_supply,0.75,parks,0.6512,neutral,-0.0,low,0.25,1,19.95562,79.388484,reverse_geocode,8.96,"Ward 19, Chandrapur-ish",ULB_CHD,W19,Ward 19,442401,nominatim,2025-03-03 05:17:44,tg83w8,True,2025-03-03 05:17:24,True,15,1,48,4,1,0,1,0,8.0,0.648,HIGH,water_supply_1
PGR202500010,portal,2025-02-15 03:02:18,Asia/Kolkata,citizen,True,1,"Good evening, since last night. illegal parking is blocking the lane. the complaint has been logged in the app. kripya madad kijiye.",hi,True,2025-02-15 03:03:49,asr_hi_v3,"good evening, since last night. illegal parking is blocking the lane. the complaint has been logged in the app. kripya madad kijiye.",132,22,traffic,illegal_parking,0.8999999999999999,traffic,0.8516,neutral,-0.0,low,0.25,1,20.030891,73.823405,gps,18.05,"Ward 16, Nashik-ish",ULB_NAS,W16,Ward 16,422001,nominatim,2025-02-15 03:03:24,tes3zy,True,2025-02-15 03:02:18,True,19,1,24,5,1,0,0,0,12.0,0.41,MEDIUM,-1
PGR202500011,mobile,2025-04-20 23:19:27,Asia/Kolkata,citizen,False,1,"Hello, for 48 hours. Residents are reporting the pole looks damaged and wires are exposed. we also tried the IVR earlier. kripya madad kijiye.",hi,True,2025-04-20 23:20:58,asr_hi_v3,"hello, for 48 hours. residents are reporting the pole looks damaged and wires are exposed. we also tried the ivr earlier. kripya madad kijiye.",142,24,utilities_other,cable_hazard,0.75,utilities_other,0.7949,neutral,-0.0,low,0.25,1,19.890254,79.27672,gps,25.82,"Ward 01, Chandrapur-ish",ULB_CHD,W01,Ward 01,442401,nominatim,2025-04-20 23:21:18,tg835u,True,2025-04-20 23:19:27,True,20,1,24,4,1,0,1,0,8.0,0.488,MEDIUM,-1
PGR202500012,whatsapp,2025-06-27 08:14:24,Asia/Kolkata,citizen,True,1,"Good evening, for two days. I am reporting that the tanker did not arrive today. pani ki kami ho rahi hai please arrange tankers. the complaint has been logged in the app. krupaya sahayya kara.",mr,True,2025-06-27 08:15:44,asr_mr_v3,"good evening, for two days. i am reporting that the tanker did not arrive today. pani ki kami ho rahi hai please arrange tankers. the complaint has been logged in the app. krupaya sahayya kara.",193,35,water_supply,no_supply,0.8999999999999999,water_supply,0.8301,neutral,-0.18,low,0.25,1,19.894133,79.364722,gps,24.87,"Ward 11, Chandrapur-ish",ULB_CHD,W11,Ward 11,442401,nominatim,2025-06-27 08:16:53,tg83jv,True,2025-06-27 08:14:24,True,19,1,72,5,0,1,0,0,53.0,0.467,MEDIUM,-1
PGR202500013,mobile,2025-05-22 08:42:29,Asia/Kolkata,citizen,True,1,"Good morning, since Monday. Residents are reporting the drain is blocked and water is stagnant. the complaint has been logged in the app. krupaya sahayya kara.",mr,True,2025-05-22 08:44:09,asr_mr_v3,"good morning, since monday. residents are reporting the drain is blocked and water is stagnant. the complaint has been logged in the app. krupaya sahayya kara.",159,26,grievance_general,information_request,0.45,grievance_general,0.5728,neutral,-0.0,low,0.25,1,19.997029,79.277968,gps,36.76,"Ward 03, Chandrapur-ish",ULB_CHD,W03,Ward 03,442401,nominatim,2025-05-22 08:44:00,tg83u0,True,2025-05-22 08:42:29,True,13,1,24,3,0,0,1,0,8.0,0.368,MEDIUM,grievance_general_1
PGR202500014,portal,2025-05-26 04:06:09,Asia/Kolkata,citizen,True,1,"Namaste, for 48 hours. Residents are reporting we need information on the process. kripya madad kijiye.",hi,True,2025-05-26 04:07:21,asr_hi_v3,"namaste, for 48 hours. residents are reporting we need information on the process. kripya madad kijiye.",103,16,grievance_general,information_request,0.75,grievance_general,0.5033,neutral,-0.0,low,0.25,1,19.832891,75.314641,gps,37.23,"Ward 05, Aurangabad-ish",ULB_AUR,W05,Ward 05,431001,nominatim,2025-05-26 04:08:46,tet8cf,True,2025-05-26 04:06:09,True,17,1,24,3,0,0,1,0,8.0,0.368,MEDIUM,-1
PGR202500015,portal,2025-05-19 14:55:04,Asia/Kolkata,citizen,True,1,"Good morning, for two days. Residents are reporting resurfacing has been pending for many weeks. dayavittu sahaya maadi.",kn,True,2025-05-19 14:56:51,asr_kn_v3,"good morning, for two days. residents are reporting resurfacing has been pending for many weeks. dayavittu sahaya maadi.",120,18,grievance_general,information_request,0.45,grievance_general,0.6128,neutral,-0.0,low,0.25,1,19.962751,79.343269,gps,6.91,"Ward 05, Chandrapur-ish",ULB_CHD,W05,Ward 05,442401,nominatim,2025-05-19 14:57:31,tg83td,True,2025-05-19 14:55:04,True,20,2,72,4,0,0,1,0,11.0,0.42,MEDIUM,grievance_general_0
PGR202500016,portal,2025-05-29 21:49:52,Asia/Kolkata,citizen,True,1,"Namaste, for almost a week. the wash area is broken and unclean. the complaint has been logged in the app. kripya madad kijiye.",hi,True,2025-05-29 21:50:46,asr_hi_v3,"namaste, for almost a week. the wash area is broken and unclean. the complaint has been logged in the app. kripya madad kijiye.",127,23,grievance_general,information_request,0.45,grievance_general,0.4718,neutral,-0.18,low,0.25,1,19.903013,75.431039,gps,23.58,"Ward 13, Aurangabad-ish",ULB_AUR,W13,Ward 13,431001,nominatim,2025-05-29 21:50:54,tet9hr,True,2025-05-29 21:49:52,True,16,2,48,5,0,0,0,0,11.0,0.34,LOW,grievance_general_4
PGR202500017,whatsapp,2025-04-18 23:36:55,Asia/Kolkata,citizen,True,1,"Good evening, for two days. the wash area is broken and unclean. garami madhe jalsankat aahe. krupaya sahayya kara.",mr,True,2025-04-18 23:37:05,asr_mr_v3,"good evening, for two days. the wash area is broken and unclean. garami madhe jalsankat aahe. krupaya sahayya kara.",115,19,grievance_general,information_request,0.45,grievance_general,0.4312,neutral,-0.18,low,0.25,1,19.844256,75.381752,gps,7.28,"Ward 04, Aurangabad-ish",ULB_AUR,W04,Ward 04,431001,nominatim,2025-04-18 23:37:46,tet8gk,True,2025-04-18 23:36:55,True,13,1,72,5,0,0,0,0,12.0,0.29,LOW,-1
PGR202500018,mobile,2025-02-20 05:12:32,Asia/Kolkata,citizen,True,1,"Namaste, for almost a week. I am reporting that the whole stretch is dark after evening. krupaya sahayya kara.",mr,True,2025-02-20 05:12:55,asr_mr_v3,"namaste, for almost a week. i am reporting that the whole stretch is dark after evening. krupaya sahayya kara.",110,19,grievance_general,information_request,0.45,grievance_general,0.6283,neutral,-0.0,low,0.25,1,20.033958,73.761167,manual,17.18,"Ward 06, Nashik-ish",ULB_NAS,W06,Ward 06,422001,nominatim,2025-02-20 05:15:16,tes3yr,True,2025-02-20 05:12:32,True,17,2,72,5,0,0,0,0,14.0,0.341,LOW,-1
PGR202500019,portal,2025-06-06 23:05:36,Asia/Kolkata,citizen,False,1,"Good morning, since last night. I am reporting that an electrical cabinet is open near the path. krupaya sahayya kara.",mr,True,2025-06-06 23:07:12,asr_mr_v3,"good morning, since last night. i am reporting that an electrical cabinet is open near the path. krupaya sahayya kara.",118,20,grievance_general,information_request,0.45,grievance_general,0.5583,neutral,-0.0,low,0.25,1,20.007038,79.264323,gps,24.83,"Ward 05, Chandrapur-ish",ULB_CHD,W05,Ward 05,442401,nominatim,2025-06-06 23:07:30,tg83gd,True,2025-06-06 23:05:36,True,20,2,24,5,0,0,0,0,12.0,0.34,LOW,grievance_general_1
PGR202500020,portal,2025-04-09 13:23:21,Asia/Kolkata,citizen,True,1,"Good morning, since last night. We are experiencing a service request has no update. the complaint has been logged in the app. kripya madad kijiye.",hi,True,2025-04-09 13:25:18,asr_hi_v3,"good morning, since last night. we are experiencing a service request has no update. the complaint has been logged in the app. kripya madad kijiye.",147,25,grievance_general,information_request,0.45,grievance_general,0.4789,neutral,-0.0,low,0.25,1,19.9068,75.395575,gps,31.13,"Ward 08, Aurangabad-ish",ULB_AUR,W08,Ward 08,431001,nominatim,2025-04-09 13:25:56,tet95x,True,2025-04-09 13:23:21,True,18,1,48,3,0,0,1,0,6.0,0.368,MEDIUM,-1
PGR202500021,portal,2025-04-17 01:16:00,Asia/Kolkata,agent,True,1,"Good morning, for 48 hours. I am reporting that a service request has no update. the complaint has been logged in the app. kripya madad kijiye.",hi,True,2025-04-17 01:17:34,asr_hi_v3,"good morning, for 48 hours. i am reporting that a service request has no update. the complaint has been logged in the app. kripya madad kijiye.",143,26,grievance_general,information_request,0.45,grievance_general,0.4618,neutral,-0.0,low,0.25,1,19.937299,75.353716,gps,56.17,"Ward 14, Aurangabad-ish",ULB_AUR,W14,Ward 14,431001,nominatim,2025-04-17 01:18:47,tet96t,True,2025-04-17 01:16:00,True,14,1,24,5,0,0,0,0,13.0,0.29,LOW,-1
PGR202500022,mobile,2025-03-28 14:52:22,Asia/Kolkata,citizen,True,1,"Good morning, since Monday. I am reporting that a service request has no update. we also tried the IVR earlier. kripya madad kijiye.",hi,True,2025-03-28 14:53:58,asr_hi_v3,"good morning, since monday. i am reporting that a service request has no update. we also tried the ivr earlier. kripya madad kijiye.",132,23,grievance_general,information_request,0.45,grievance_general,0.4791,neutral,-0.0,low,0.25,1,19.925027,79.374161,gps,28.5,"Ward 08, Chandrapur-ish",ULB_CHD,W08,Ward 08,442401,nominatim,2025-03-28 14:53:49,tg83q5,True,2025-03-28 14:52:22,True,14,1,48,5,0,0,0,0,11.0,0.29,LOW,-1
PGR202500023,mobile,2025-02-28 09:10:43,Asia/Kolkata,citizen,True,1,"Good evening, since yesterday. the community tap is dry in the morning. the complaint has been logged in the app. krupaya sahayya kara.",mr,True,2025-02-28 09:12:28,asr_mr_v3,"good evening, since yesterday. the community tap is dry in the morning. the complaint has been logged in the app. krupaya sahayya kara.",135,23,water_supply,no_supply,0.75,water_supply,0.6169,neutral,-0.0,low,0.25,1,19.915622,75.350063,gps,11.06,"Ward 07, Aurangabad-ish",ULB_AUR,W07,Ward 07,431001,nominatim,2025-02-28 09:11:10,tet969,True,2025-02-28 09:10:43,True,20,1,24,5,0,0,0,0,12.0,0.45,MEDIUM,water_supply_2
PGR202500024,mobile,2025-06-20 00:21:13,Asia/Kolkata,contractor,False,1,"Good morning, for two days. I am reporting that the public toilet is not functioning. the complaint has been logged in the app. please help.",en,True,2025-06-20 00:23:01,asr_en_v3,"good morning, for two days. i am reporting that the public toilet is not functioning. the complaint has been logged in the app. please help.",140,25,sanitation,public_toilet_faulty,0.75,sanitation,0.7552,neutral,-0.18,low,0.25,1,19.915179,75.303575,gps,48.91,"Ward 11, Aurangabad-ish",ULB_AUR,W11,Ward 11,431001,nominatim,2025-06-20 00:23:58,tet939,True,2025-06-20 00:21:13,True,18,1,24,4,0,0,1,0,11.0,0.53,MEDIUM,-1
PGR202500025,mobile,2025-05-29 05:38:33,Asia/Kolkata,citizen,True,1,"Hi, for 48 hours. We are experiencing the septic tank has overflowed onto the street. we also tried the IVR earlier. kripya madad kijiye.",hi,True,2025-05-29 05:38:56,asr_hi_v3,"hi, for 48 hours. we are experiencing the septic tank has overflowed onto the street. we also tried the ivr earlier. kripya madad kijiye.",137,24,sanitation,septic_overflow,0.75,sanitation,0.7589,neutral,-0.18,low,0.43,1,19.962531,79.379778,reverse_geocode,14.79,"Ward 13, Chandrapur-ish",ULB_CHD,W13,Ward 13,442401,nominatim,2025-05-29 05:40:26,tg83w6,True,2025-05-29 05:38:33,True,14,1,24,3,0,0,1,0,9.0,0.568,MEDIUM,-1
PGR202500026,portal,2025-05-08 13:54:51,Asia/Kolkata,citizen,True,1,"Good morning, for the past three days. Residents are reporting we need information on the process. it feels like a drought and the borewell is almost dry. krupaya sahayya kara.",mr,True,2025-05-08 13:56:01,asr_mr_v3,"good morning, for the past three days. residents are reporting we need information on the process. it feels like a drought and the borewell is almost dry. krupaya sahayya kara.",176,30,grievance_general,information_request,0.75,grievance_general,0.3321,neutral,-0.0,low,0.43,1,19.924518,79.322532,reverse_geocode,21.99,"Ward 01, Chandrapur-ish",ULB_CHD,W01,Ward 01,442401,nominatim,2025-05-08 13:55:30,tg83m5,True,2025-05-08 13:54:51,True,20,1,72,5,0,0,0,0,10.0,0.329,LOW,grievance_general_2
PGR202500027,portal,2025-04-02 08:41:29,Asia/Kolkata,citizen,True,1,"Namaste, for the past three days. a service request has no update. we also tried the IVR earlier. kripya madad kijiye.",hi,True,2025-04-02 08:43:01,asr_hi_v3,"namaste, for the past three days. a service request has no update. we also tried the ivr earlier. kripya madad kijiye.",118,21,grievance_general,information_request,0.45,grievance_general,0.4328,neutral,-0.0,low,0.43,1,19.942657,75.409642,reverse_geocode,12.69,"Ward 18, Aurangabad-ish",ULB_AUR,W18,Ward 18,431001,nominatim,2025-04-02 08:43:13,tet97y,True,2025-04-02 08:41:29,True,13,1,24,3,0,0,1,0,6.0,0.407,MEDIUM,-1
PGR202500028,portal,2025-06-04 09:56:29,Asia/Kolkata,citizen,False,1,"Good evening, for the past three days. the road surface is broken at the crossing. the complaint has been logged in the app. summer mein dikkat ho rahi hai. please help.",en,True,2025-06-04 09:57:29,asr_en_v3,"good evening, for the past three days. the road surface is broken at the crossing. the complaint has been logged in the app. summer mein dikkat ho rahi hai. please help.",169,31,roads,resurfacing,0.75,roads,0.6048,negative,-0.36,low,0.43,1,20.004185,79.307787,reverse_geocode,44.78,"Ward 19, Chandrapur-ish",ULB_CHD,W19,Ward 19,442401,nominatim,2025-06-04 09:56:53,tg83u9,True,2025-06-04 09:56:29,True,15,1,48,5,1,0,0,0,12.0,0.45,MEDIUM,-1
PGR202500029,portal,2025-04-23 19:32:40,Asia/Kolkata,citizen,True,1,"Good evening, for 48 hours. We are experiencing the bin is overflowing and animals gather there. the complaint has been logged in the app. krupaya sahayya kara.",mr,True,2025-04-23 19:34:27,asr_mr_v3,"good evening, for 48 hours. we are experiencing the bin is overflowing and animals gather there. the complaint has been logged in the app. krupaya sahayya kara.",160,27,drainage,manhole_overflow,0.75,drainage,0.765,neutral,-0.18,low,0.43,1,20.099476,73.730513,gps,18.43,"Ward 13, Nashik-ish",ULB_NAS,W13,Ward 13,422001,nominatim,2025-04-23 19:33:46,tes6mf,True,2025-04-23 19:32:40,True,16,1,72,5,0,0,0,0,12.0,0.49,MEDIUM,-1
PGR202500030,portal,2025-04-08 12:17:27,Asia/Kolkata,citizen,True,1,"Good morning, since last night. Residents are reporting an old building has a dangerous cracked wall. the complaint has been logged in the app. kripya madad kijiye.",hi,True,2025-04-08 12:17:57,asr_hi_v3,"good morning, since last night. residents are reporting an old building has a dangerous cracked wall. the complaint has been logged in the app. kripya madad kijiye.",164,27,building_safety,dangerous_structure,0.98,building_safety,0.8388,neutral,-0.18,low,0.43,1,19.952628,79.321891,gps,22.24,"Ward 12, Chandrapur-ish",ULB_CHD,W12,Ward 12,442401,nominatim,2025-04-08 12:18:42,tg83t0,True,2025-04-08 12:17:27,True,17,1,48,5,1,0,0,0,13.0,0.61,HIGH,-1
PGR202500031,mobile,2025-04-09 13:39:15,Asia/Kolkata,citizen,True,1,"Hi, for almost a week. I am reporting that a license check is required for these stalls. groundwater is very low this season. the complaint has been logged in the app. loker madat kara. krupaya sahayya kara.",mr,True,2025-04-09 13:40:33,asr_mr_v3,"hi, for almost a week. i am reporting that a license check is required for these stalls. groundwater is very low this season. the complaint has been logged in the app. loker madat kara. krupaya sahayya kara.",207,37,markets,license_check,0.75,markets,0.7285,neutral,-0.0,low,0.25,1,19.919765,75.431724,gps,38.06,"Ward 14, Aurangabad-ish",ULB_AUR,W14,Ward 14,431001,nominatim,2025-04-09 13:40:47,tet9k6,True,2025-04-09 13:39:15,True,14,1,48,4,0,0,1,0,5.0,0.367,MEDIUM,-1
PGR202500032,portal,2025-03-07 02:03:33,Asia/Kolkata,citizen,True,1,"Hello, for the past three days. Residents are reporting a loose cable is creating a hazard. krupaya sahayya kara.",mr,True,2025-03-07 02:04:01,asr_mr_v3,"hello, for the past three days. residents are reporting a loose cable is creating a hazard. krupaya sahayya kara.",113,19,utilities_other,cable_hazard,0.75,utilities_other,0.7927,neutral,-0.0,low,0.43,1,19.98236,79.344022,gps,28.78,"Ward 09, Chandrapur-ish",ULB_CHD,W09,Ward 09,442401,nominatim,2025-03-07 02:05:23,tg83tt,True,2025-03-07 02:03:33,True,20,1,24,5,1,0,0,0,11.0,0.449,MEDIUM,-1
PGR202500033,mobile,2025-02-14 19:41:21,Asia/Kolkata,contractor,True,1,"Namaste, since last night. We are experiencing the pole looks damaged and wires are exposed. krupaya sahayya kara.",mr,True,2025-02-14 19:41:59,asr_mr_v3,"namaste, since last night. we are experiencing the pole looks damaged and wires are exposed. krupaya sahayya kara.",114,18,utilities_other,cable_hazard,0.75,utilities_other,0.831,neutral,-0.0,low,0.25,1,19.93984,79.326549,gps,19.18,"Ward 08, Chandrapur-ish",ULB_CHD,W08,Ward 08,442401,nominatim,2025-02-14 19:43:55,tg83mj,True,2025-02-14 19:41:21,True,14,1,72,5,0,0,0,0,14.0,0.291,LOW,-1
PGR202500034,mobile,2025-04-25 04:30:18,Asia/Kolkata,agent,True,1,"Namaste, for almost a week. play equipment is broken in the park. summer water crisis is likely so please plan supply. kripya madad kijiye.",hi,True,2025-04-25 04:31:03,asr_hi_v3,"namaste, for almost a week. play equipment is broken in the park. summer water crisis is likely so please plan supply. kripya madad kijiye.",139,24,parks,broken_play_equipment,0.75,parks,0.7798,neutral,-0.18,low,0.25,1,19.951302,79.253055,gps,36.66,"Ward 08, Chandrapur-ish",ULB_CHD,W08,Ward 08,442401,nominatim,2025-04-25 04:31:34,tg83e2,True,2025-04-25 04:30:18,True,14,1,48,5,0,0,0,0,19.0,0.293,LOW,-1
PGR202500035,portal,2025-06-14 04:24:11,Asia/Kolkata,citizen,True,1,"Hi, for 48 hours. Residents are reporting resurfacing has been pending for many weeks. kripya madad kijiye.",hi,True,2025-06-14 04:24:32,asr_hi_v3,"hi, for 48 hours. residents are reporting resurfacing has been pending for many weeks. kripya madad kijiye.",107,17,grievance_general,information_request,0.45,grievance_general,0.6377,neutral,-0.0,low,0.25,1,19.950426,79.378396,reverse_geocode,58.08,"Ward 04, Chandrapur-ish",ULB_CHD,W04,Ward 04,442401,nominatim,2025-06-14 04:26:28,tg83qr,True,2025-06-14 04:24:11,True,19,1,48,4,1,0,1,0,9.0,0.489,MEDIUM,grievance_general_3
PGR202500036,portal,2025-02-10 13:44:31,Asia/Kolkata,citizen,False,1,"Hi, since Monday. We are experiencing the tanker did not arrive today. we also tried the IVR earlier. kripya madad kijiye.",hi,True,2025-02-10 13:44:42,asr_hi_v3,"hi, since monday. we are experiencing the tanker did not arrive today. we also tried the ivr earlier. kripya madad kijiye.",122,21,water_supply,no_supply,0.75,water_supply,0.5459,neutral,-0.0,low,0.25,1,20.056391,73.859142,gps,24.76,"Ward 17, Nashik-ish",ULB_NAS,W17,Ward 17,422001,nominatim,2025-02-10 13:47:21,tesd0e,True,2025-02-10 13:44:31,True,20,1,72,4,0,0,1,0,8.0,0.528,MEDIUM,-1
PGR202500037,mobile,2025-06-09 17:50:54,Asia/Kolkata,citizen,True,1,"Hello, since last night. We are experiencing there are big potholes on the road. the complaint has been logged in the app. please help.",en,True,2025-06-09 17:52:42,asr_en_v3,"hello, since last night. we are experiencing there are big potholes on the road. the complaint has been logged in the app. please help.",135,24,roads,potholes,0.75,roads,0.8078,neutral,-0.18,low,0.25,1,19.934668,79.329346,gps,21.75,"Ward 07, Chandrapur-ish",ULB_CHD,W07,Ward 07,442401,nominatim,2025-06-09 17:53:13,tg83mh,True,2025-06-09 17:50:54,True,16,1,24,5,1,0,0,0,12.0,0.41,MEDIUM,-1
PGR202500038,portal,2025-06-05 03:28:19,Asia/Kolkata,agent,True,1,"Namaste, for two days. We are experiencing resurfacing has been pending for many weeks. kripya madad kijiye.",hi,True,2025-06-05 03:29:37,asr_hi_v3,"namaste, for two days. we are experiencing resurfacing has been pending for many weeks. kripya madad kijiye.",108,17,grievance_general,information_request,0.45,grievance_general,0.6711,neutral,-0.0,low,0.25,1,19.805023,75.3266,reverse_geocode,22.56,"Ward 06, Aurangabad-ish",ULB_AUR,W06,Ward 06,431001,nominatim,2025-06-05 03:29:19,tet8dj,True,2025-06-05 03:28:19,True,19,1,48,3,0,0,1,0,9.0,0.369,MEDIUM,-1
PGR202500039,portal,2025-03-14 12:20:05,Asia/Kolkata,citizen,True,1,"Good evening, for almost a week. We are experiencing the tanker did not arrive today. the complaint has been logged in the app. krupaya sahayya kara.",mr,True,2025-03-14 12:20:21,asr_mr_v3,"good evening, for almost a week. we are experiencing the tanker did not arrive today. the complaint has been logged in the app. krupaya sahayya kara.",149,26,water_supply,no_supply,0.75,water_supply,0.5782,neutral,-0.0,low,0.25,1,20.021162,73.751042,gps,39.66,"Ward 20, Nashik-ish",ULB_NAS,W20,Ward 20,422001,nominatim,2025-03-14 12:22:13,tes3yh,True,2025-03-14 12:20:05,True,11,1,24,3,0,0,1,0,6.0,0.527,MEDIUM,water_supply_0
PGR202500040,portal,2025-05-06 17:59:29,Asia/Kolkata,agent,False,1,"Good evening, for two days. I am reporting that resurfacing has been pending for many weeks. krupaya sahayya kara.",mr,True,2025-05-06 18:00:27,asr_mr_v3,"good evening, for two days. i am reporting that resurfacing has been pending for many weeks. krupaya sahayya kara.",114,19,grievance_general,information_request,0.45,grievance_general,0.691,neutral,-0.0,low,0.25,1,19.884374,79.353561,manual,11.01,"Ward 11, Chandrapur-ish",ULB_CHD,W11,Ward 11,442401,nominatim,2025-05-06 18:00:33,tg83je,True,2025-05-06 17:59:29,True,19,1,24,4,0,0,1,0,8.0,0.368,MEDIUM,grievance_general_8
PGR202500041,portal,2025-02-25 18:49:28,Asia/Kolkata,citizen,True,1,"Namaste, for the past three days. the drain is blocked and water is stagnant. the complaint has been logged in the app. we also tried the IVR earlier. krupaya sahayya kara.",mr,True,2025-02-25 18:50:39,asr_mr_v3,"namaste, for the past three days. the drain is blocked and water is stagnant. the complaint has been logged in the app. we also tried the ivr earlier. krupaya sahayya kara.",172,31,grievance_general,information_request,0.45,grievance_general,0.4846,neutral,-0.0,low,0.43,1,19.865263,75.333136,manual,15.83,"Ward 13, Aurangabad-ish",ULB_AUR,W13,Ward 13,431001,nominatim,2025-02-25 18:51:04,tet940,True,2025-02-25 18:49:28,True,16,1,24,4,0,0,1,0,4.0,0.406,MEDIUM,-1
PGR202500042,portal,2025-05-25 17:06:56,Asia/Kolkata,citizen,True,1,"Ji, for two days. Residents are reporting we suspect a pipeline leak nearby. it feels like a drought and the borewell is almost dry. the complaint has been logged in the app. krupaya sahayya kara.",mr,True,2025-05-25 17:08:15,asr_mr_v3,"ji, for two days. residents are reporting we suspect a pipeline leak nearby. it feels like a drought and the borewell is almost dry. the complaint has been logged in the app. krupaya sahayya kara.",196,35,water_supply,burst_pipeline,0.75,water_supply,0.496,neutral,-0.0,low,0.25,1,19.987498,73.807566,photo_exif,3.06,"Ward 05, Nashik-ish",ULB_NAS,W05,Ward 05,422001,nominatim,2025-05-25 17:08:57,tes3xw,True,2025-05-25 17:06:56,True,23,1,96,7,0,1,0,0,42.0,0.462,MEDIUM,water_supply_3
PGR202500043,mobile,2025-05-17 01:52:56,Asia/Kolkata,citizen,True,1,"Good evening, since yesterday. Residents are reporting the public toilet is not functioning. paani nahi aa raha hai. please help.",en,True,2025-05-17 01:54:14,asr_en_v3,"good evening, since yesterday. residents are reporting the public toilet is not functioning. paani nahi aa raha hai. please help.",129,20,water_supply,no_supply,0.75,sanitation,0.389,negative,-0.36,low,0.25,1,19.865704,75.344797,gps,3.0,"Ward 06, Aurangabad-ish",ULB_AUR,W06,Ward 06,431001,nominatim,2025-05-17 01:54:02,tet948,True,2025-05-17 01:52:56,True,19,1,24,5,1,0,0,0,11.0,0.57,MEDIUM,-1
PGR202500044,csc,2025-03-26 04:17:36,Asia/Kolkata,citizen,True,1,"Good evening, for two days. a license check is required for these stalls. krupaya sahayya kara.",mr,True,2025-03-26 04:18:24,asr_mr_v3,"good evening, for two days. a license check is required for these stalls. krupaya sahayya kara.",95,16,markets,license_check,0.75,markets,0.9134,neutral,-0.0,low,0.25,1,19.961322,79.250949,gps,12.23,"Ward 15, Chandrapur-ish",ULB_CHD,W15,Ward 15,442401,nominatim,2025-03-26 04:17:56,tg83e3,True,2025-03-26 04:17:36,True,14,1,48,3,1,0,1,0,4.0,0.487,MEDIUM,-1
PGR202500045,portal,2025-02-11 04:30:43,Asia/Kolkata,citizen,True,1,"Good evening, since Monday. I am reporting that the road surface is broken at the crossing. the complaint has been logged in the app. we also tried the IVR earlier. kripya madad kijiye.",hi,True,2025-02-11 04:31:25,asr_hi_v3,"good evening, since monday. i am reporting that the road surface is broken at the crossing. the complaint has been logged in the app. we also tried the ivr earlier. kripya madad kijiye.",185,33,roads,resurfacing,0.75,roads,0.761,neutral,-0.18,low,0.25,1,19.936154,75.264217,reverse_geocode,19.16,"Ward 10, Aurangabad-ish",ULB_AUR,W10,Ward 10,431001,nominatim,2025-02-11 04:33:16,tet92t,True,2025-02-11 04:30:43,True,15,1,72,3,0,0,1,0,7.0,0.368,MEDIUM,-1
PGR202500046,portal,2025-06-26 14:30:45,Asia/Kolkata,citizen,True,1,"Good morning, since Monday. Residents are reporting garbage pickup has been missed repeatedly. the complaint has been logged in the app. krupaya sahayya kara.",mr,True,2025-06-26 14:32:43,asr_mr_v3,"good morning, since monday. residents are reporting garbage pickup has been missed repeatedly. the complaint has been logged in the app. krupaya sahayya kara.",158,24,solid_waste,missed_pickup,0.75,solid_waste,0.7607,negative,-0.36,low,0.25,1,20.017639,73.741475,reverse_geocode,46.54,"Ward 03, Nashik-ish",ULB_NAS,W03,Ward 03,422001,nominatim,2025-06-26 14:33:01,tes3yh,True,2025-06-26 14:30:45,True,10,2,72,5,1,0,0,0,16.0,0.462,MEDIUM,-1
PGR202500047,portal,2025-04-08 20:28:29,Asia/Kolkata,agent,True,1,"Good evening, since last night. We are experiencing the pole looks damaged and wires are exposed. the complaint has been logged in the app. we also tried the IVR earlier. krupaya sahayya kara.",mr,True,2025-04-08 20:28:36,asr_mr_v3,"good evening, since last night. we are experiencing the pole looks damaged and wires are exposed. the complaint has been logged in the app. we also tried the ivr earlier. krupaya sahayya kara.",192,33,utilities_other,cable_hazard,0.75,utilities_other,0.7359,neutral,-0.0,low,0.25,1,19.878567,75.306046,reverse_geocode,28.04,"Ward 17, Aurangabad-ish",ULB_AUR,W17,Ward 17,431001,nominatim,2025-04-08 20:29:08,tet91d,True,2025-04-08 20:28:29,True,12,1,24,4,0,0,1,0,6.0,0.368,MEDIUM,-1
PGR202500048,mobile,2025-06-14 23:14:08,Asia/Kolkata,citizen,True,1,"Good morning, for almost a week. the dispensary was closed during working hours. we also tried the IVR earlier. kripya madad kijiye.",hi,True,2025-06-14 23:15:34,asr_hi_v3,"good morning, for almost a week. the dispensary was closed during working hours. we also tried the ivr earlier. kripya madad kijiye.",132,22,grievance_general,information_request,0.45,grievance_general,0.3473,neutral,-0.0,low,0.25,1,20.079001,73.779272,gps,6.32,"Ward 09, Nashik-ish",ULB_NAS,W09,Ward 09,422001,nominatim,2025-06-14 23:15:28,tes6nz,True,2025-06-14 23:14:08,True,18,1,96,5,0,1,0,0,45.0,0.304,LOW,-1
PGR202500049,portal,2025-05-13 16:30:29,Asia/Kolkata,citizen,True,1,"Good evening, since yesterday. We are experiencing a loose cable is creating a hazard. please help.",en,True,2025-05-13 16:31:34,asr_en_v3,"good evening, since yesterday. we are experiencing a loose cable is creating a hazard. please help.",99,16,utilities_other,cable_hazard,0.75,utilities_other,0.7944,neutral,-0.18,low,0.25,1,19.895813,75.299776,gps,9.08,"Ward 14, Aurangabad-ish",ULB_AUR,W14,Ward 14,431001,nominatim,2025-05-13 16:31:30,tet91m,True,2025-05-13 16:30:29,True,14,1,24,4,0,0,1,0,10.0,0.369,MEDIUM,-1
PGR202500050,portal,2025-05-28 18:10:49,Asia/Kolkata,citizen,False,1,"Good evening, since Monday. I am reporting that we suspect a pipeline leak nearby. krupaya sahayya kara.",mr,True,2025-05-28 18:11:46,asr_mr_v3,"good evening, since monday. i am reporting that we suspect a pipeline leak nearby. krupaya sahayya kara.",104,17,water_supply,burst_pipeline,0.75,water_supply,0.5243,neutral,-0.0,low,0.25,1,19.952911,73.780831,gps,40.62,"Ward 07, Nashik-ish",ULB_NAS,W07,Ward 07,422001,nominatim,2025-05-28 18:13:45,tes3wb,True,2025-05-28 18:10:49,True,7,1,48,5,1,0,0,0,15.0,0.571,MEDIUM,-1
PGR202500051,ivr,2025-05-25 23:38:15,Asia/Kolkata,citizen,True,1,"Namaste, since last night. Residents are reporting tap pressure is very low. we also tried the IVR earlier. pressure bahut kam hai. dayavittu sahaya maadi.",kn,True,2025-05-25 23:39:14,asr_kn_v3,"namaste, since last night. residents are reporting tap pressure is very low. we also tried the ivr earlier. pressure bahut kam hai. dayavittu sahaya maadi.",155,25,water_supply,no_supply,0.75,water_supply,0.4569,neutral,-0.0,low,0.25,1,19.955108,79.318932,gps,36.9,"Ward 12, Chandrapur-ish",ULB_CHD,W12,Ward 12,442401,nominatim,2025-05-25 23:41:05,tg83sb,True,2025-05-25 23:38:15,True,17,1,24,4,1,0,1,0,9.0,0.649,HIGH,-1
PGR202500052,ivr,2025-03-02 04:41:57,Asia/Kolkata,agent,True,1,"Namaste, for 48 hours. We are experiencing the septic tank has overflowed onto the street. the complaint has been logged in the app. we also tried the IVR earlier. tanker kadi yetil. krupaya sahayya kara.",mr,True,2025-03-02 04:43:49,asr_mr_v3,"namaste, for 48 hours. we are experiencing the septic tank has overflowed onto the street. the complaint has been logged in the app. we also tried the ivr earlier. tanker kadi yetil. krupaya sahayya kara.",204,35,water_supply,no_supply,0.75,sanitation,0.5873,neutral,-0.18,low,0.43,1,20.014682,79.356026,gps,20.42,"Ward 16, Chandrapur-ish",ULB_CHD,W16,Ward 16,442401,nominatim,2025-03-02 04:44:07,tg83vg,True,2025-03-02 04:41:57,True,11,1,48,4,0,0,1,0,9.0,0.568,MEDIUM,-1
PGR202500053,portal,2025-03-27 14:03:41,Asia/Kolkata,citizen,True,1,"Hello, for the past three days. there is no water in the tap. summer water crisis is likely so please plan supply. please help.",en,True,2025-03-27 14:04:47,asr_en_v3,"hello, for the past three days. there is no water in the tap. summer water crisis is likely so please plan supply. please help.",127,24,water_supply,no_supply,0.98,water_supply,0.467,negative,-0.36,medium,0.61,1,19.94935,75.309012,manual,13.36,"Ward 18, Aurangabad-ish",ULB_AUR,W18,Ward 18,431001,nominatim,2025-03-27 14:05:11,tet93x,True,2025-03-27 14:03:41,True,13,1,96,6,1,1,0,0,38.0,0.66,HIGH,water_supply_4
PGR202500054,portal,2025-04-12 00:11:43,Asia/Kolkata,citizen,True,1,"Good evening, since yesterday. I am reporting that there are big potholes on the road. the complaint has been logged in the app. we also tried the IVR earlier. kripya madad kijiye.",hi,True,2025-04-12 00:11:59,asr_hi_v3,"good evening, since yesterday. i am reporting that there are big potholes on the road. the complaint has been logged in the app. we also tried the ivr earlier. kripya madad kijiye.",180,32,roads,potholes,0.75,roads,0.7964,neutral,-0.0,low,0.25,1,19.918358,75.361112,gps,36.87,"Ward 05, Aurangabad-ish",ULB_AUR,W05,Ward 05,431001,nominatim,2025-04-12 00:12:11,tet96f,True,2025-04-12 00:11:43,True,17,1,48,5,1,0,0,0,13.0,0.41,MEDIUM,-1
PGR202500055,csc,2025-04-16 16:02:57,Asia/Kolkata,citizen,True,1,"Ji, since last night. Residents are reporting waterlogging is happening after even light rain. kripya madad kijiye.",hi,True,2025-04-16 16:04:47,asr_hi_v3,"ji, since last night. residents are reporting waterlogging is happening after even light rain. kripya madad kijiye.",115,17,drainage,waterlogging,0.75,drainage,0.7738,neutral,-0.0,low,0.25,1,20.041764,73.897171,reverse_geocode,5.1,"Ward 14, Nashik-ish",ULB_NAS,W14,Ward 14,422001,nominatim,2025-04-16 16:03:56,tesd18,True,2025-04-16 16:02:57,True,15,2,24,4,0,0,1,0,14.0,0.581,MEDIUM,-1
PGR202500056,mobile,2025-02-07 13:41:36,Asia/Kolkata,agent,True,1,"Hi, since last night. Residents are reporting the septic tank has overflowed onto the street. it feels like a drought and the borewell is almost dry. the complaint has been logged in the app. krupaya sahayya kara.",mr,True,2025-02-07 13:43:11,asr_mr_v3,"hi, since last night. residents are reporting the septic tank has overflowed onto the street. it feels like a drought and the borewell is almost dry. the complaint has been logged in the app. krupaya sahayya kara.",213,37,sanitation,septic_overflow,0.75,sanitation,0.5854,neutral,-0.18,low,0.43,1,19.898098,75.429763,manual,25.88,"Ward 19, Aurangabad-ish",ULB_AUR,W19,Ward 19,431001,nominatim,2025-02-07 13:42:10,tet9hq,True,2025-02-07 13:41:36,True,12,1,24,5,0,0,0,0,10.0,0.489,MEDIUM,-1
PGR202500057,csc,2025-04-23 23:39:00,Asia/Kolkata,citizen,True,1,"Namaste, since last night. Residents are reporting an electrical cabinet is open near the path. the complaint has been logged in the app. kripya madad kijiye.",hi,True,2025-04-23 23:40:59,asr_hi_v3,"namaste, since last night. residents are reporting an electrical cabinet is open near the path. the complaint has been logged in the app. kripya madad kijiye.",158,26,grievance_general,information_request,0.45,grievance_general,0.5065,neutral,-0.0,low,0.25,1,19.981605,79.269108,gps,54.09,"Ward 13, Chandrapur-ish",ULB_CHD,W13,Ward 13,442401,nominatim,2025-04-23 23:41:26,tg83ev,True,2025-04-23 23:39:00,True,14,1,48,5,0,0,0,0,17.0,0.292,LOW,grievance_general_1
PGR202500058,portal,2025-02-24 03:26:31,Asia/Kolkata,citizen,True,1,"Good morning, since Monday. We are experiencing the streetlight near our lane is not working. krupaya tatkal karyavahi kara. krupaya sahayya kara.",mr,True,2025-02-24 03:28:12,asr_mr_v3,"good morning, since monday. we are experiencing the streetlight near our lane is not working. krupaya tatkal karyavahi kara. krupaya sahayya kara.",146,22,streetlights,lamp_faulty,0.75,streetlights,0.8455,neutral,-0.0,low,0.25,1,19.977919,79.322647,gps,23.08,"Ward 03, Chandrapur-ish",ULB_CHD,W03,Ward 03,442401,nominatim,2025-02-24 03:27:05,tg83th,True,2025-02-24 03:26:31,True,13,1,24,4,0,0,1,0,9.0,0.369,MEDIUM,-1
PGR202500059,mobile,2025-05-23 12:09:11,Asia/Kolkata,citizen,False,1,"Hello, for two days. staff behaviour was unhelpful at the office. the complaint has been logged in the app. tankers kab aayenge. kripya madad kijiye.",hi,True,2025-05-23 12:10:55,asr_hi_v3,"hello, for two days. staff behaviour was unhelpful at the office. the complaint has been logged in the app. tankers kab aayenge. kripya madad kijiye.",149,25,water_supply,no_supply,0.75,grievance_general,0.4037,neutral,-0.18,low,0.25,1,20.08782,73.861367,reverse_geocode,8.37,"Ward 04, Nashik-ish",ULB_NAS,W04,Ward 04,422001,nominatim,2025-05-23 12:11:19,tesd2b,True,2025-05-23 12:09:11,True,7,1,48,4,0,0,1,0,12.0,0.53,MEDIUM,-1
PGR202500060,mobile,2025-05-14 10:58:33,Asia/Kolkata,citizen,False,1,"Hi, since yesterday. the wash area is broken and unclean. summer water crisis is likely so please plan supply. please help.",en,True,2025-05-14 10:58:41,asr_en_v3,"hi, since yesterday. the wash area is broken and unclean. summer water crisis is likely so please plan supply. please help.",123,21,grievance_general,information_request,0.45,grievance_general,0.3399,negative,-0.36,low,0.25,1,19.96562,73.726783,gps,26.16,"Ward 05, Nashik-ish",ULB_NAS,W05,Ward 05,422001,nominatim,2025-05-14 11:01:25,tes3td,True,2025-05-14 10:58:33,True,23,1,48,5,1,0,0,0,16.0,0.412,MEDIUM,-1
PGR202500061,csc,2025-06-19 09:05:59,Asia/Kolkata,contractor,True,1,"Good evening, since last night. Residents are reporting we suspect a pipeline leak nearby. summer water crisis is likely so please plan supply. please help.",en,True,2025-06-19 09:07:20,asr_en_v3,"good evening, since last night. residents are reporting we suspect a pipeline leak nearby. summer water crisis is likely so please plan supply. please help.",156,25,water_supply,burst_pipeline,0.75,water_supply,0.4542,neutral,-0.18,low,0.25,1,19.810442,75.348649,gps,12.95,"Ward 03, Aurangabad-ish",ULB_AUR,W03,Ward 03,431001,nominatim,2025-06-19 09:07:08,tet8dw,True,2025-06-19 09:05:59,True,19,1,48,3,0,0,1,0,4.0,0.527,MEDIUM,-1
PGR202500062,mobile,2025-05-23 17:08:36,Asia/Kolkata,citizen,True,1,"Hi, for the past three days. We are experiencing a service request has no update. we also tried the IVR earlier. krupaya sahayya kara.",mr,True,2025-05-23 17:08:50,asr_mr_v3,"hi, for the past three days. we are experiencing a service request has no update. we also tried the ivr earlier. krupaya sahayya kara.",134,24,grievance_general,information_request,0.45,grievance_general,0.4669,neutral,-0.0,low,0.43,1,19.812116,75.394736,manual,3.0,"Ward 16, Aurangabad-ish",ULB_AUR,W16,Ward 16,431001,nominatim,2025-05-23 17:10:45,tet8ew,True,2025-05-23 17:08:36,True,12,1,48,3,0,0,1,0,3.0,0.406,MEDIUM,-1
PGR202500063,mobile,2025-03-27 23:54:48,Asia/Kolkata,agent,True,1,"Good evening, for two days. We are experiencing the signal is not working at the junction. kripya madad kijiye.",hi,True,2025-03-27 23:56:46,asr_hi_v3,"good evening, for two days. we are experiencing the signal is not working at the junction. kripya madad kijiye.",111,19,grievance_general,information_request,0.45,grievance_general,0.4569,neutral,-0.0,low,0.25,1,19.95733,79.375383,reverse_geocode,30.52,"Ward 20, Chandrapur-ish",ULB_CHD,W20,Ward 20,442401,nominatim,2025-03-27 23:57:28,tg83w1,True,2025-03-27 23:54:48,True,13,1,72,3,1,0,1,0,7.0,0.488,MEDIUM,grievance_general_3
PGR202500064,mobile,2025-06-26 03:02:05,Asia/Kolkata,citizen,True,1,"Hello, since last night. We are experiencing there are big potholes on the road. we also tried the IVR earlier. please help.",en,True,2025-06-26 03:02:38,asr_en_v3,"hello, since last night. we are experiencing there are big potholes on the road. we also tried the ivr earlier. please help.",124,22,roads,potholes,0.75,roads,0.7557,neutral,-0.18,low,0.25,1,19.841969,75.353828,manual,36.77,"Ward 11, Aurangabad-ish",ULB_AUR,W11,Ward 11,431001,nominatim,2025-06-26 03:03:33,tet8fs,True,2025-06-26 03:02:05,True,18,1,72,7,0,1,0,0,52.0,0.307,LOW,-1
PGR202500065,mobile,2025-04-03 15:03:40,Asia/Kolkata,citizen,True,1,"Hi, since Monday. we need information on the process. pani ki kami ho rahi hai please arrange tankers. barah e karam madad karein.",ur,True,2025-04-03 15:04:37,asr_ur_v3,"hi, since monday. we need information on the process. pani ki kami ho rahi hai please arrange tankers. barah e karam madad karein.",130,23,water_supply,no_supply,0.8999999999999999,water_supply,0.4145,neutral,-0.18,low,0.25,1,19.967622,73.876922,photo_exif,15.34,"Ward 12, Nashik-ish",ULB_NAS,W12,Ward 12,422001,nominatim,2025-04-03 15:05:11,tes994,True,2025-04-03 15:03:40,True,12,1,24,5,1,0,0,0,6.0,0.567,MEDIUM,-1
PGR202500066,mobile,2025-03-21 20:58:16,Asia/Kolkata,citizen,True,1,"Namaste, since last night. Residents are reporting the streetlight near our lane is not working. the complaint has been logged in the app. krupaya sahayya kara.",mr,True,2025-03-21 20:59:37,asr_mr_v3,"namaste, since last night. residents are reporting the streetlight near our lane is not working. the complaint has been logged in the app. krupaya sahayya kara.",160,26,streetlights,lamp_faulty,0.75,streetlights,0.862,neutral,-0.0,low,0.25,1,19.826251,75.270472,gps,14.34,"Ward 16, Aurangabad-ish",ULB_AUR,W16,Ward 16,431001,nominatim,2025-03-21 20:59:08,tet8bc,True,2025-03-21 20:58:16,True,12,1,48,5,0,0,0,0,10.0,0.289,LOW,-1
PGR202500067,portal,2025-06-16 19:55:42,Asia/Kolkata,citizen,True,1,"Ji, for the past three days. Residents are reporting the bin is overflowing and animals gather there. the complaint has been logged in the app. kripya madad kijiye.",hi,True,2025-06-16 19:55:54,asr_hi_v3,"ji, for the past three days. residents are reporting the bin is overflowing and animals gather there. the complaint has been logged in the app. kripya madad kijiye.",164,28,drainage,manhole_overflow,0.75,drainage,0.7856,neutral,-0.18,medium,0.61,1,19.908707,79.370935,reverse_geocode,5.58,"Ward 09, Chandrapur-ish",ULB_CHD,W09,Ward 09,442401,nominatim,2025-06-16 19:57:10,tg83q0,True,2025-06-16 19:55:42,True,20,1,48,3,0,0,1,0,2.0,0.605,HIGH,-1
PGR202500068,mobile,2025-03-28 13:39:17,Asia/Kolkata,citizen,True,1,"Good evening, for 48 hours. Residents are reporting the tanker did not arrive today. tanker kadi yetil. krupaya sahayya kara.",mr,True,2025-03-28 13:39:39,asr_mr_v3,"good evening, for 48 hours. residents are reporting the tanker did not arrive today. tanker kadi yetil. krupaya sahayya kara.",125,20,water_supply,no_supply,0.75,water_supply,0.5776,neutral,-0.0,low,0.25,1,19.894814,79.342164,reverse_geocode,17.75,"Ward 10, Chandrapur-ish",ULB_CHD,W10,Ward 10,442401,nominatim,2025-03-28 13:41:56,tg83jm,True,2025-03-28 13:39:17,True,13,1,24,3,0,0,1,0,9.0,0.529,MEDIUM,water_supply_5
PGR202500069,csc,2025-02-12 10:50:07,Asia/Kolkata,contractor,False,1,"Hi, since Monday. I am reporting that the septic tank has overflowed onto the street. please help.",en,True,2025-02-12 10:51:41,asr_en_v3,"hi, since monday. i am reporting that the septic tank has overflowed onto the street. please help.",98,17,sanitation,septic_overflow,0.75,sanitation,0.8607,negative,-0.36,low,0.43,1,19.984465,79.362662,reverse_geocode,11.56,"Ward 12, Chandrapur-ish",ULB_CHD,W12,Ward 12,442401,nominatim,2025-02-12 10:52:13,tg83ty,True,2025-02-12 10:50:07,True,17,2,24,3,0,0,1,0,9.0,0.618,HIGH,-1
PGR202500070,ivr,2025-04-12 10:24:02,Asia/Kolkata,citizen,True,1,"Good evening, since last night. We are experiencing the road surface is broken at the crossing. kripya madad kijiye.",hi,True,2025-04-12 10:25:27,asr_hi_v3,"good evening, since last night. we are experiencing the road surface is broken at the crossing. kripya madad kijiye.",116,19,roads,resurfacing,0.75,roads,0.8266,neutral,-0.18,low,0.25,1,19.828509,75.262325,reverse_geocode,4.83,"Ward 07, Aurangabad-ish",ULB_AUR,W07,Ward 07,431001,nominatim,2025-04-12 10:24:54,tet8b9,True,2025-04-12 10:24:02,True,20,1,24,3,0,0,1,0,9.0,0.369,MEDIUM,-1
PGR202500071,mobile,2025-05-31 08:26:51,Asia/Kolkata,citizen,True,1,"Hi, for two days. Residents are reporting staff behaviour was unhelpful at the office. kripya madad kijiye.",hi,True,2025-05-31 08:28:44,asr_hi_v3,"hi, for two days. residents are reporting staff behaviour was unhelpful at the office. kripya madad kijiye.",107,17,grievance_general,staff_behavior,0.75,grievance_general,0.6265,neutral,-0.18,low,0.25,1,19.942833,79.280373,reverse_geocode,48.38,"Ward 02, Chandrapur-ish",ULB_CHD,W02,Ward 02,442401,nominatim,2025-05-31 08:28:35,tg83kn,True,2025-05-31 08:26:51,True,18,2,48,3,0,0,1,0,7.0,0.418,MEDIUM,-1
PGR202500072,mobile,2025-03-01 10:05:48,Asia/Kolkata,citizen,True,1,"Hello, since yesterday. I am reporting that the public toilet is not functioning. kripya madad kijiye.",hi,True,2025-03-01 10:07:14,asr_hi_v3,"hello, since yesterday. i am reporting that the public toilet is not functioning. kripya madad kijiye.",102,16,sanitation,public_toilet_faulty,0.75,sanitation,0.7684,neutral,-0.0,low,0.25,1,19.904891,75.321339,manual,27.0,"Ward 12, Aurangabad-ish",ULB_AUR,W12,Ward 12,431001,nominatim,2025-03-01 10:08:01,tet91z,True,2025-03-01 10:05:48,True,8,1,24,4,1,0,1,0,8.0,0.648,HIGH,-1
PGR202500073,portal,2025-04-11 10:35:09,Asia/Kolkata,citizen,True,1,"Namaste, for almost a week. an illegal dumpsite is growing near the corner. please help.",en,True,2025-04-11 10:35:39,asr_en_v3,"namaste, for almost a week. an illegal dumpsite is growing near the corner. please help.",88,15,solid_waste,dumpsite,0.75,solid_waste,0.8229,neutral,-0.18,low,0.25,1,19.867403,75.272697,gps,28.59,"Ward 17, Aurangabad-ish",ULB_AUR,W17,Ward 17,431001,nominatim,2025-04-11 10:35:41,tet90b,True,2025-04-11 10:35:09,True,12,1,48,5,1,0,0,0,8.0,0.408,MEDIUM,-1
PGR202500074,mobile,2025-02-20 11:43:02,Asia/Kolkata,citizen,True,1,"Good evening, since Monday. Residents are reporting the community tap is dry in the morning. please help.",en,True,2025-02-20 11:43:57,asr_en_v3,"good evening, since monday. residents are reporting the community tap is dry in the morning. please help.",105,17,water_supply,no_supply,0.75,water_supply,0.6113,neutral,-0.18,low,0.25,1,19.959457,79.277829,reverse_geocode,33.25,"Ward 02, Chandrapur-ish",ULB_CHD,W02,Ward 02,442401,nominatim,2025-02-20 11:45:24,tg83s1,True,2025-02-20 11:43:02,True,18,1,48,3,0,0,1,0,5.0,0.527,MEDIUM,-1
PGR202500075,mobile,2025-05-14 23:19:16,Asia/Kolkata,citizen,False,1,"Ji, for 48 hours. I am reporting that staff behaviour was unhelpful at the office. the complaint has been logged in the app. we also tried the IVR earlier. kirpa karke madad karo.",pa,True,2025-05-14 23:19:37,asr_pa_v3,"ji, for 48 hours. i am reporting that staff behaviour was unhelpful at the office. the complaint has been logged in the app. we also tried the ivr earlier. kirpa karke madad karo.",179,33,grievance_general,staff_behavior,0.75,grievance_general,0.4672,neutral,-0.18,low,0.25,1,19.901848,75.264234,gps,31.57,"Ward 05, Aurangabad-ish",ULB_AUR,W05,Ward 05,431001,nominatim,2025-05-14 23:20:08,tet90x,True,2025-05-14 23:19:16,True,17,2,48,5,0,0,0,0,8.0,0.338,LOW,-1
PGR202500076,whatsapp,2025-04-13 08:32:15,Asia/Kolkata,citizen,True,1,"Namaste, since yesterday. the signal is not working at the junction. we also tried the IVR earlier. dayavittu sahaya maadi.",kn,True,2025-04-13 08:32:22,asr_kn_v3,"namaste, since yesterday. the signal is not working at the junction. we also tried the ivr earlier. dayavittu sahaya maadi.",123,20,grievance_general,information_request,0.45,grievance_general,0.3879,neutral,-0.0,low,0.25,1,20.016625,79.352679,reverse_geocode,13.8,"Ward 06, Chandrapur-ish",ULB_CHD,W06,Ward 06,442401,nominatim,2025-04-13 08:33:22,tg83ve,True,2025-04-13 08:32:15,True,17,1,24,5,1,0,0,0,8.0,0.408,MEDIUM,-1
PGR202500077,whatsapp,2025-03-22 12:42:24,Asia/Kolkata,citizen,True,1,"Ji, since last night. We are experiencing hawkers have encroached on the footpath. the complaint has been logged in the app. krupaya sahayya kara.",mr,True,2025-03-22 12:44:17,asr_mr_v3,"ji, since last night. we are experiencing hawkers have encroached on the footpath. the complaint has been logged in the app. krupaya sahayya kara.",146,24,grievance_general,information_request,0.45,grievance_general,0.4984,neutral,-0.0,low,0.25,1,19.905442,79.252114,reverse_geocode,24.09,"Ward 17, Chandrapur-ish",ULB_CHD,W17,Ward 17,442401,nominatim,2025-03-22 12:43:50,tg835r,True,2025-03-22 12:42:24,True,13,2,72,3,0,0,1,0,8.0,0.418,MEDIUM,grievance_general_13
PGR202500078,csc,2025-03-07 00:52:24,Asia/Kolkata,citizen,True,1,"Hi, since Monday. We are experiencing the community tap is dry in the morning. it feels like a drought and the borewell is almost dry. kripya madad kijiye.",hi,True,2025-03-07 00:53:47,asr_hi_v3,"hi, since monday. we are experiencing the community tap is dry in the morning. it feels like a drought and the borewell is almost dry. kripya madad kijiye.",155,28,water_supply,no_supply,0.75,water_supply,0.5978,neutral,-0.0,low,0.25,1,20.000169,73.730563,reverse_geocode,15.96,"Ward 11, Nashik-ish",ULB_NAS,W11,Ward 11,422001,nominatim,2025-03-07 00:54:04,tes3vb,True,2025-03-07 00:52:24,True,17,1,48,3,0,0,1,0,3.0,0.526,MEDIUM,water_supply_0
PGR202500079,mobile,2025-04-26 16:11:58,Asia/Kolkata,citizen,True,1,"Good morning, for almost a week. resurfacing has been pending for many weeks. krupaya sahayya kara.",mr,True,2025-04-26 16:12:17,asr_mr_v3,"good morning, for almost a week. resurfacing has been pending for many weeks. krupaya sahayya kara.",99,16,grievance_general,information_request,0.45,grievance_general,0.6376,neutral,-0.0,low,0.25,1,19.910578,79.380913,gps,26.58,"Ward 11, Chandrapur-ish",ULB_CHD,W11,Ward 11,442401,nominatim,2025-04-26 16:14:44,tg83q2,True,2025-04-26 16:11:58,True,19,1,24,4,0,0,1,0,12.0,0.37,MEDIUM,-1
PGR202500080,portal,2025-05-12 11:19:48,Asia/Kolkata,agent,True,1,"Good evening, for the past three days. there is illegal construction on the terrace. please help.",en,True,2025-05-12 11:20:27,asr_en_v3,"good evening, for the past three days. there is illegal construction on the terrace. please help.",97,16,building_safety,illegal_construction,0.75,building_safety,0.7688,neutral,-0.18,low,0.43,1,19.964449,79.276469,gps,25.13,"Ward 13, Chandrapur-ish",ULB_CHD,W13,Ward 13,442401,nominatim,2025-05-12 11:20:43,tg83ef,True,2025-05-12 11:19:48,True,14,1,24,5,0,0,0,0,14.0,0.49,MEDIUM,-1
PGR202500081,portal,2025-06-22 01:06:06,Asia/Kolkata,citizen,True,1,"Ji, since Monday. We are experiencing the public toilet is not functioning. please help.",en,True,2025-06-22 01:07:19,asr_en_v3,"ji, since monday. we are experiencing the public toilet is not functioning. please help.",88,14,sanitation,public_toilet_faulty,0.75,sanitation,0.7716,neutral,-0.18,low,0.25,1,19.957932,79.288367,gps,163.42,"Ward 06, Chandrapur-ish",ULB_CHD,W06,Ward 06,442401,nominatim,2025-06-22 01:07:06,tg83s3,True,2025-06-22 01:06:06,True,17,1,24,5,0,0,0,0,12.0,0.45,MEDIUM,-1
PGR202500082,mobile,2025-04-07 13:44:48,Asia/Kolkata,citizen,True,1,"Ji, since Monday. We are experiencing a service request has no update. summer water crisis is likely so please plan supply. kripya madad kijiye.",hi,True,2025-04-07 13:45:54,asr_hi_v3,"ji, since monday. we are experiencing a service request has no update. summer water crisis is likely so please plan supply. kripya madad kijiye.",144,24,grievance_general,information_request,0.45,grievance_general,0.366,neutral,-0.0,low,0.25,1,20.09643,73.706551,gps,3.0,"Ward 15, Nashik-ish",ULB_NAS,W15,Ward 15,422001,nominatim,2025-04-07 13:46:08,tes6m4,True,2025-04-07 13:44:48,True,14,1,72,5,1,0,0,0,15.0,0.411,MEDIUM,-1
PGR202500083,portal,2025-02-25 02:28:38,Asia/Kolkata,citizen,True,1,"Good evening, for almost a week. I am reporting that the drain is blocked and water is stagnant. barah e karam madad karein.",ur,True,2025-02-25 02:29:41,asr_ur_v3,"good evening, for almost a week. i am reporting that the drain is blocked and water is stagnant. barah e karam madad karein.",124,23,grievance_general,information_request,0.45,grievance_general,0.5814,neutral,-0.0,low,0.25,1,19.982525,79.36595,gps,22.19,"Ward 01, Chandrapur-ish",ULB_CHD,W01,Ward 01,442401,nominatim,2025-02-25 02:31:15,tg83wj,True,2025-02-25 02:28:38,True,20,1,24,3,0,0,1,0,7.0,0.368,MEDIUM,grievance_general_0
PGR202500084,mobile,2025-06-05 21:38:28,Asia/Kolkata,citizen,True,1,"Hello, since last night. Residents are reporting the whole stretch is dark after evening. the complaint has been logged in the app. we also tried the IVR earlier. krupaya sahayya kara.",mr,True,2025-06-05 21:38:43,asr_mr_v3,"hello, since last night. residents are reporting the whole stretch is dark after evening. the complaint has been logged in the app. we also tried the ivr earlier. krupaya sahayya kara.",184,31,grievance_general,information_request,0.45,grievance_general,0.5466,neutral,-0.0,low,0.25,1,19.889403,79.27578,manual,16.94,"Ward 03, Chandrapur-ish",ULB_CHD,W03,Ward 03,442401,nominatim,2025-06-05 21:41:22,tg835u,True,2025-06-05 21:38:28,True,13,1,24,5,1,0,0,0,12.0,0.41,MEDIUM,grievance_general_13
PGR202500085,mobile,2025-05-06 11:09:04,Asia/Kolkata,contractor,True,1,"Good morning, for the past three days. illegal parking is blocking the lane. kripya madad kijiye.",hi,True,2025-05-06 11:09:15,asr_hi_v3,"good morning, for the past three days. illegal parking is blocking the lane. kripya madad kijiye.",97,16,traffic,illegal_parking,0.8999999999999999,traffic,0.8832,neutral,-0.0,low,0.43,1,20.007646,73.873631,gps,8.36,"Ward 17, Nashik-ish",ULB_NAS,W17,Ward 17,422001,nominatim,2025-05-06 11:10:36,tes9c4,True,2025-05-06 11:09:04,True,20,1,24,5,1,0,0,0,12.0,0.45,MEDIUM,-1
PGR202500086,portal,2025-05-17 00:57:15,Asia/Kolkata,citizen,False,1,"Hi, since Monday. I am reporting that there is no water in the tap. groundwater is very low this season. we also tried the IVR earlier. kripya madad kijiye.",hi,True,2025-05-17 00:58:46,asr_hi_v3,"hi, since monday. i am reporting that there is no water in the tap. groundwater is very low this season. we also tried the ivr earlier. kripya madad kijiye.",156,29,water_supply,no_supply,0.98,water_supply,0.5432,neutral,-0.18,low,0.43,1,20.03055,73.831061,photo_exif,27.61,"Ward 14, Nashik-ish",ULB_NAS,W14,Ward 14,422001,nominatim,2025-05-17 00:59:25,tes9bn,True,2025-05-17 00:57:15,True,15,1,24,4,1,0,1,0,10.0,0.689,HIGH,-1
PGR202500087,mobile,2025-02-15 14:00:57,Asia/Kolkata,citizen,True,1,"Good evening, for the past three days. We are experiencing illegal parking is blocking the lane. the complaint has been logged in the app. dayavittu sahaya maadi.",kn,True,2025-02-15 14:02:26,asr_kn_v3,"good evening, for the past three days. we are experiencing illegal parking is blocking the lane. the complaint has been logged in the app. dayavittu sahaya maadi.",162,27,traffic,illegal_parking,0.8999999999999999,traffic,0.7794,neutral,-0.0,low,0.43,1,19.917452,75.415625,gps,34.48,"Ward 04, Aurangabad-ish",ULB_AUR,W04,Ward 04,431001,nominatim,2025-02-15 14:03:43,tet9k1,True,2025-02-15 14:00:57,True,13,1,48,3,0,0,1,0,3.0,0.406,MEDIUM,-1
PGR202500088,mobile,2025-03-19 20:31:11,Asia/Kolkata,agent,True,1,"Hi, for two days. I am reporting that we need information on the process. the complaint has been logged in the app. kripya madad kijiye.",hi,True,2025-03-19 20:32:29,asr_hi_v3,"hi, for two days. i am reporting that we need information on the process. the complaint has been logged in the app. kripya madad kijiye.",136,25,grievance_general,information_request,0.75,grievance_general,0.5005,neutral,-0.0,low,0.25,1,19.94668,79.326319,reverse_geocode,57.93,"Ward 09, Chandrapur-ish",ULB_CHD,W09,Ward 09,442401,nominatim,2025-03-19 20:33:46,tg83mp,True,2025-03-19 20:31:11,True,20,1,72,5,0,1,0,0,23.0,0.295,LOW,grievance_general_2
PGR202500089,csc,2025-05-27 04:14:16,Asia/Kolkata,contractor,True,1,"Good evening, for 48 hours. an old building has a dangerous cracked wall. loker madat kara. krupaya sahayya kara.",mr,True,2025-05-27 04:14:29,asr_mr_v3,"good evening, for 48 hours. an old building has a dangerous cracked wall. loker madat kara. krupaya sahayya kara.",113,19,building_safety,dangerous_structure,0.98,building_safety,0.7515,neutral,-0.18,low,0.43,1,20.057701,73.752668,reverse_geocode,14.13,"Ward 02, Nashik-ish",ULB_NAS,W02,Ward 02,422001,nominatim,2025-05-27 04:16:25,tes6n7,True,2025-05-27 04:14:16,True,16,1,48,3,0,0,1,0,10.0,0.569,MEDIUM,-1
PGR202500090,whatsapp,2025-06-05 20:08:06,Asia/Kolkata,citizen,True,1,"Good morning, since yesterday. We are experiencing the bin is overflowing and animals gather there. the complaint has been logged in the app. kripya madad kijiye.",hi,True,2025-06-05 20:09:17,asr_hi_v3,"good morning, since yesterday. we are experiencing the bin is overflowing and animals gather there. the complaint has been logged in the app. kripya madad kijiye.",162,26,drainage,manhole_overflow,0.75,drainage,0.7995,neutral,-0.18,low,0.43,1,19.928173,75.254157,reverse_geocode,11.92,"Ward 14, Aurangabad-ish",ULB_AUR,W14,Ward 14,431001,nominatim,2025-06-05 20:09:52,tet927,True,2025-06-05 20:08:06,True,14,1,72,5,0,0,0,0,12.0,0.49,MEDIUM,-1
PGR202500091,portal,2025-04-07 06:46:47,Asia/Kolkata,citizen,True,1,"Ji, since yesterday. We are experiencing an old building has a dangerous cracked wall. krupaya sahayya kara.",mr,True,2025-04-07 06:47:31,asr_mr_v3,"ji, since yesterday. we are experiencing an old building has a dangerous cracked wall. krupaya sahayya kara.",108,17,building_safety,dangerous_structure,0.98,building_safety,0.8543,neutral,-0.18,low,0.43,1,19.979366,73.86004,reverse_geocode,3.36,"Ward 16, Nashik-ish",ULB_NAS,W16,Ward 16,422001,nominatim,2025-04-07 06:49:44,tes98t,True,2025-04-07 06:46:47,True,19,1,24,3,1,0,1,0,4.0,0.686,HIGH,-1
PGR202500092,csc,2025-06-01 17:09:05,Asia/Kolkata,citizen,True,1,"Namaste, for almost a week. I am reporting that the tanker did not arrive today. krupaya sahayya kara.",mr,True,2025-06-01 17:10:06,asr_mr_v3,"namaste, for almost a week. i am reporting that the tanker did not arrive today. krupaya sahayya kara.",102,18,water_supply,no_supply,0.75,water_supply,0.5941,neutral,-0.0,low,0.25,1,19.927636,79.272475,reverse_geocode,23.13,"Ward 06, Chandrapur-ish",ULB_CHD,W06,Ward 06,442401,nominatim,2025-06-01 17:10:03,tg837g,True,2025-06-01 17:09:05,True,17,1,48,5,0,0,0,0,6.0,0.447,MEDIUM,water_supply_7
PGR202500093,whatsapp,2025-06-07 06:05:25,Asia/Kolkata,citizen,True,1,"Good morning, since last night. I am reporting that a service request has no update. the complaint has been logged in the app. tanker kadi yetil. krupaya sahayya kara.",mr,True,2025-06-07 06:06:02,asr_mr_v3,"good morning, since last night. i am reporting that a service request has no update. the complaint has been logged in the app. tanker kadi yetil. krupaya sahayya kara.",167,29,water_supply,no_supply,0.75,grievance_general,0.3528,neutral,-0.0,low,0.25,1,19.978013,73.806151,manual,23.03,"Ward 08, Nashik-ish",ULB_NAS,W08,Ward 08,422001,nominatim,2025-06-07 06:06:43,tes3xk,True,2025-06-07 06:05:25,True,9,1,72,3,0,0,1,0,7.0,0.528,MEDIUM,water_supply_3
PGR202500094,mobile,2025-03-31 02:55:19,Asia/Kolkata,citizen,True,1,"Hi, since yesterday. play equipment is broken in the park. kripya madad kijiye.",hi,True,2025-03-31 02:55:42,asr_hi_v3,"hi, since yesterday. play equipment is broken in the park. kripya madad kijiye.",79,13,parks,broken_play_equipment,0.75,parks,0.8236,neutral,-0.18,low,0.25,1,20.076927,73.71413,reverse_geocode,7.83,"Ward 05, Nashik-ish",ULB_NAS,W05,Ward 05,422001,nominatim,2025-03-31 02:57:33,tes6jq,True,2025-03-31 02:55:19,True,23,1,48,5,1,0,0,0,13.0,0.41,MEDIUM,-1
PGR202500095,portal,2025-06-15 17:06:54,Asia/Kolkata,citizen,True,1,"Namaste, for 48 hours. Residents are reporting the road surface is broken at the crossing. we also tried the IVR earlier. krupaya sahayya kara.",mr,True,2025-06-15 17:08:51,asr_mr_v3,"namaste, for 48 hours. residents are reporting the road surface is broken at the crossing. we also tried the ivr earlier. krupaya sahayya kara.",143,24,roads,resurfacing,0.75,roads,0.7559,neutral,-0.18,low,0.25,1,19.884267,79.319775,gps,17.38,"Ward 08, Chandrapur-ish",ULB_CHD,W08,Ward 08,442401,nominatim,2025-06-15 17:07:17,tg83hg,True,2025-06-15 17:06:54,True,14,1,72,7,1,1,0,0,53.0,0.427,MEDIUM,-1
PGR202500096,mobile,2025-03-16 05:58:51,Asia/Kolkata,agent,False,1,"Good evening, since last night. I am reporting that garbage pickup has been missed repeatedly. we also tried the IVR earlier. garami madhe jalsankat aahe. krupaya sahayya kara.",mr,True,2025-03-16 06:00:38,asr_mr_v3,"good evening, since last night. i am reporting that garbage pickup has been missed repeatedly. we also tried the ivr earlier. garami madhe jalsankat aahe. krupaya sahayya kara.",176,28,solid_waste,missed_pickup,0.75,solid_waste,0.5943,negative,-0.36,low,0.25,1,20.093428,73.755802,gps,9.68,"Ward 06, Nashik-ish",ULB_NAS,W06,Ward 06,422001,nominatim,2025-03-16 06:00:31,tes6q3,True,2025-03-16 05:58:51,True,17,1,24,4,1,0,1,0,8.0,0.488,MEDIUM,-1
PGR202500097,mobile,2025-03-08 22:24:28,Asia/Kolkata,citizen,True,1,"Hello, since yesterday. We are experiencing the septic tank has overflowed onto the street. the complaint has been logged in the app. krupaya sahayya kara.",mr,True,2025-03-08 22:26:06,asr_mr_v3,"hello, since yesterday. we are experiencing the septic tank has overflowed onto the street. the complaint has been logged in the app. krupaya sahayya kara.",155,25,sanitation,septic_overflow,0.75,sanitation,0.854,neutral,-0.18,low,0.43,1,20.014284,79.383152,reverse_geocode,33.9,"Ward 05, Chandrapur-ish",ULB_CHD,W05,Ward 05,442401,nominatim,2025-03-08 22:27:04,tg83y7,True,2025-03-08 22:24:28,True,20,1,48,4,0,0,1,0,11.0,0.569,MEDIUM,-1
PGR202500098,csc,2025-05-14 08:59:01,Asia/Kolkata,citizen,True,1,"Good evening, for 48 hours. We are experiencing the public toilet is not functioning. kripya madad kijiye.",hi,True,2025-05-14 09:00:56,asr_hi_v3,"good evening, for 48 hours. we are experiencing the public toilet is not functioning. kripya madad kijiye.",106,17,sanitation,public_toilet_faulty,0.75,sanitation,0.7168,neutral,-0.0,low,0.25,1,19.99247,73.86339,gps,8.44,"Ward 09, Nashik-ish",ULB_NAS,W09,Ward 09,422001,nominatim,2025-05-14 08:59:49,tes98z,True,2025-05-14 08:59:01,True,18,1,48,3,1,0,1,0,6.0,0.647,HIGH,-1
PGR202500099,portal,2025-05-07 12:20:32,Asia/Kolkata,citizen,True,1,"Hello, for almost a week. Residents are reporting tap pressure is very low. it feels like a drought and the borewell is almost dry. the complaint has been logged in the app. we also tried the IVR earlier. krupaya sahayya kara.",mr,True,2025-05-07 12:21:19,asr_mr_v3,"hello, for almost a week. residents are reporting tap pressure is very low. it feels like a drought and the borewell is almost dry. the complaint has been logged in the app. we also tried the ivr earlier. krupaya sahayya kara.",226,41,water_supply,no_supply,0.75,water_supply,0.4766,neutral,-0.0,low,0.25,1,19.90288,75.352364,gps,19.48,"Ward 18, Aurangabad-ish",ULB_AUR,W18,Ward 18,431001,nominatim,2025-05-07 12:23:00,tet94x,True,2025-05-07 12:20:32,True,13,2,24,3,0,0,1,0,4.0,0.577,MEDIUM,water_supply_2
PGR202500100,portal,2025-02-21 23:06:32,Asia/Kolkata,citizen,True,1,"Good morning, for almost a week. I am reporting that there is illegal construction on the terrace. krupaya sahayya kara.",mr,True,2025-02-21 23:07:24,asr_mr_v3,"good morning, for almost a week. i am reporting that there is illegal construction on the terrace. krupaya sahayya kara.",120,20,building_safety,illegal_construction,0.75,building_safety,0.7677,neutral,-0.0,low,0.25,1,20.013437,73.863101,reverse_geocode,3.0,"Ward 16, Nashik-ish",ULB_NAS,W16,Ward 16,422001,nominatim,2025-02-21 23:07:57,tes9bg,True,2025-02-21 23:06:32,True,19,1,48,7,1,1,0,0,45.0,0.584,MEDIUM,-1
PGR202500101,mobile,2025-06-05 21:51:07,Asia/Kolkata,citizen,False,1,"Ji, for almost a week. We are experiencing tap pressure is very low. groundwater is very low this season. the complaint has been logged in the app. we also tried the IVR earlier. kirpa karke madad karo.",pa,True,2025-06-05 21:53:02,asr_pa_v3,"ji, for almost a week. we are experiencing tap pressure is very low. groundwater is very low this season. the complaint has been logged in the app. we also tried the ivr earlier. kirpa karke madad karo.",202,37,water_supply,no_supply,0.75,water_supply,0.5465,neutral,-0.0,low,0.25,1,19.918962,75.401387,gps,11.26,"Ward 06, Aurangabad-ish",ULB_AUR,W06,Ward 06,431001,nominatim,2025-06-05 21:53:44,tet97f,True,2025-06-05 21:51:07,True,19,1,24,5,0,0,0,0,10.0,0.449,MEDIUM,-1
PGR202500102,mobile,2025-03-02 23:40:10,Asia/Kolkata,citizen,True,1,"Hi, for 48 hours. the drain is blocked and water is stagnant. the complaint has been logged in the app. we also tried the IVR earlier. kripya madad kijiye.",hi,True,2025-03-02 23:40:52,asr_hi_v3,"hi, for 48 hours. the drain is blocked and water is stagnant. the complaint has been logged in the app. we also tried the ivr earlier. kripya madad kijiye.",155,29,grievance_general,information_request,0.45,grievance_general,0.4972,neutral,-0.0,low,0.25,1,20.019756,79.321777,reverse_geocode,15.81,"Ward 19, Chandrapur-ish",ULB_CHD,W19,Ward 19,442401,nominatim,2025-03-02 23:42:11,tg83vh,True,2025-03-02 23:40:10,True,15,1,24,5,0,0,0,0,12.0,0.29,LOW,-1
PGR202500103,ivr,2025-06-01 17:38:11,Asia/Kolkata,agent,True,1,"Good evening, for two days. Residents are reporting staff behaviour was unhelpful at the office. the complaint has been logged in the app. please help.",en,True,2025-06-01 17:39:28,asr_en_v3,"good evening, for two days. residents are reporting staff behaviour was unhelpful at the office. the complaint has been logged in the app. please help.",151,25,grievance_general,staff_behavior,0.75,grievance_general,0.5907,neutral,-0.18,low,0.25,1,19.921038,75.422496,reverse_geocode,19.83,"Ward 05, Aurangabad-ish",ULB_AUR,W05,Ward 05,431001,nominatim,2025-06-01 17:38:56,tet9k6,True,2025-06-01 17:38:11,True,17,1,72,4,1,0,1,0,12.0,0.49,MEDIUM,grievance_general_4
PGR202500104,mobile,2025-02-02 02:30:15,Asia/Kolkata,citizen,True,1,"Ji, for two days. Residents are reporting we suspect a pipeline leak nearby. we also tried the IVR earlier. please help.",en,True,2025-02-02 02:32:09,asr_en_v3,"ji, for two days. residents are reporting we suspect a pipeline leak nearby. we also tried the ivr earlier. please help.",120,21,water_supply,burst_pipeline,0.75,water_supply,0.4885,neutral,-0.18,low,0.25,1,19.83174,75.258413,reverse_geocode,27.2,"Ward 19, Aurangabad-ish",ULB_AUR,W19,Ward 19,431001,nominatim,2025-02-02 02:32:32,tet8bd,True,2025-02-02 02:30:15,True,12,1,48,3,1,0,1,0,4.0,0.647,HIGH,-1
PGR202500105,mobile,2025-05-31 12:37:59,Asia/Kolkata,citizen,True,1,"Hi, in Aurangabad near Ward 07, for two days. We are experiencing resurfacing has been pending for many weeks. the complaint has been logged in the app. please help.",en,True,2025-05-31 12:39:09,asr_en_v3,"hi, in aurangabad near ward 07, for two days. we are experiencing resurfacing has been pending for many weeks. the complaint has been logged in the app. please help.",165,29,grievance_general,information_request,0.45,grievance_general,0.4877,negative,-0.36,low,0.25,1,19.860712,75.421347,reverse_geocode,41.59,"Ward 07, Aurangabad-ish",ULB_AUR,W07,Ward 07,431001,nominatim,2025-05-31 12:38:27,tet8ur,True,2025-05-31 12:37:59,True,20,1,72,3,1,0,1,0,4.0,0.487,MEDIUM,grievance_general_14
PGR202500106,mobile,2025-05-30 00:55:39,Asia/Kolkata,citizen,True,1,"Hi, since yesterday. I am reporting that we suspect a pipeline leak nearby. groundwater is very low this season. the complaint has been logged in the app. dayavittu sahaya maadi.",kn,True,2025-05-30 00:56:47,asr_kn_v3,"hi, since yesterday. i am reporting that we suspect a pipeline leak nearby. groundwater is very low this season. the complaint has been logged in the app. dayavittu sahaya maadi.",178,30,water_supply,burst_pipeline,0.75,water_supply,0.5796,neutral,-0.0,low,0.25,1,19.843365,75.390002,manual,30.99,"Ward 11, Aurangabad-ish",ULB_AUR,W11,Ward 11,431001,nominatim,2025-05-30 00:56:37,tet8gs,True,2025-05-30 00:55:39,True,18,1,72,5,0,0,0,0,8.0,0.448,MEDIUM,water_supply_6
PGR202500107,portal,2025-05-29 01:18:40,Asia/Kolkata,citizen,True,1,"Namaste, for 48 hours. Residents are reporting garbage pickup has been missed repeatedly. kripya madad kijiye.",hi,True,2025-05-29 01:19:52,asr_hi_v3,"namaste, for 48 hours. residents are reporting garbage pickup has been missed repeatedly. kripya madad kijiye.",110,16,solid_waste,missed_pickup,0.75,solid_waste,0.8175,negative,-0.36,low,0.25,1,19.951102,73.771073,reverse_geocode,34.43,Nashik-ish,ULB_NAS,Non,,422001,nominatim,2025-05-29 01:21:22,tes3qx,True,2025-05-29 01:18:40,True,8,1,24,3,0,0,1,0,5.0,0.367,MEDIUM,-1
PGR202500108,portal,2025-05-11 17:27:46,Asia/Kolkata,agent,False,1,"Ji, for two days. I am reporting that resurfacing has been pending for many weeks. summer mein dikkat ho rahi hai. barah e karam madad karein.",ur,True,2025-05-11 17:28:00,asr_ur_v3,"ji, for two days. i am reporting that resurfacing has been pending for many weeks. summer mein dikkat ho rahi hai. barah e karam madad karein.",142,26,grievance_general,information_request,0.45,grievance_general,0.5504,neutral,-0.0,low,0.25,1,20.042328,73.725951,photo_exif,41.69,"Ward 16, Nashik-ish",ULB_NAS,W16,Ward 16,422001,nominatim,2025-05-11 17:30:26,tes6j8,True,2025-05-11 17:27:46,True,19,1,48,3,0,0,1,0,2.0,0.366,MEDIUM,-1
PGR202500109,portal,2025-04-12 17:38:29,Asia/Kolkata,citizen,True,1,"Hello, for two days. We are experiencing we suspect a pipeline leak nearby. groundwater is very low this season. krupaya sahayya kara.",mr,True,2025-04-12 17:39:03,asr_mr_v3,"hello, for two days. we are experiencing we suspect a pipeline leak nearby. groundwater is very low this season. krupaya sahayya kara.",134,22,water_supply,burst_pipeline,0.75,water_supply,0.6272,neutral,-0.0,low,0.25,1,19.934491,75.281255,gps,165.82,"Ward 07, Aurangabad-ish",ULB_AUR,W07,Ward 07,431001,nominatim,2025-04-12 17:38:56,tet93h,True,2025-04-12 17:38:29,True,20,1,96,3,0,0,1,0,9.0,0.529,MEDIUM,-1
PGR202500110,mobile,2025-05-17 18:35:42,Asia/Kolkata,citizen,True,1,"Good morning, for two days. the pole looks damaged and wires are exposed. barah e karam madad karein.",ur,True,2025-05-17 18:36:01,asr_ur_v3,"good morning, for two days. the pole looks damaged and wires are exposed. barah e karam madad karein.",101,18,utilities_other,cable_hazard,0.75,utilities_other,0.7409,neutral,-0.0,low,0.25,1,19.936469,75.293278,reverse_geocode,19.45,"Ward 18, Aurangabad-ish",ULB_AUR,W18,Ward 18,431001,nominatim,2025-05-17 18:37:02,tet93m,True,2025-05-17 18:35:42,True,13,1,24,4,0,0,1,0,10.0,0.369,MEDIUM,-1
PGR202500111,mobile,2025-03-14 13:38:15,Asia/Kolkata,citizen,True,1,"Hi, since yesterday. there are big potholes on the road. it feels like a drought and the borewell is almost dry. the complaint has been logged in the app. please jaldi se kijiye. kripya madad kijiye.",hi,True,2025-03-14 13:39:45,asr_hi_v3,"hi, since yesterday. there are big potholes on the road. it feels like a drought and the borewell is almost dry. the complaint has been logged in the app. please jaldi se kijiye. kripya madad kijiye.",199,36,roads,potholes,0.75,roads,0.5628,neutral,-0.0,low,0.25,1,,,reverse_geocode,35.14,"Ward 02, Nashik-ish",ULB_NAS,W02,Ward 02,422001,nominatim,2025-03-14 13:38:50,UNKNOWN,True,2025-03-14 13:38:15,False,16,2,48,5,0,0,0,0,14.0,0.341,LOW,-1
PGR202500112,csc,2025-05-29 02:37:27,Asia/Kolkata,citizen,True,1,"Namaste, for two days. the tanker did not arrive today. the complaint has been logged in the app. we also tried the IVR earlier. kripya madad kijiye.",hi,True,2025-05-29 02:37:37,asr_hi_v3,"namaste, for two days. the tanker did not arrive today. the complaint has been logged in the app. we also tried the ivr earlier. kripya madad kijiye.",149,27,water_supply,no_supply,0.75,water_supply,0.565,neutral,-0.0,low,0.25,1,19.891808,79.259792,gps,36.1,"Ward 11, Chandrapur-ish",ULB_CHD,W11,Ward 11,442401,nominatim,2025-05-29 02:38:30,tg835t,True,2025-05-29 02:37:27,True,19,1,72,4,0,0,1,0,11.0,0.53,MEDIUM,-1
PGR202500113,portal,2025-04-25 08:19:44,Asia/Kolkata,citizen,False,1,"Good morning, for two days. I am reporting that there is a strong smell from the open drain. krupaya sahayya kara.",mr,True,2025-04-25 08:20:46,asr_mr_v3,"good morning, for two days. i am reporting that there is a strong smell from the open drain. krupaya sahayya kara.",114,21,grievance_general,information_request,0.45,grievance_general,0.571,neutral,-0.0,low,0.25,1,19.890489,79.338484,gps,29.73,"Ward 04, Chandrapur-ish",ULB_CHD,W04,Ward 04,442401,nominatim,2025-04-25 08:22:38,tg83jk,True,2025-04-25 08:19:44,True,19,1,24,5,0,0,0,0,13.0,0.29,LOW,grievance_general_8
PGR202500114,portal,2025-04-10 20:05:47,Asia/Kolkata,citizen,True,1,"Ji, since yesterday. We are experiencing we need information on the process. krupaya sahayya kara.",mr,True,2025-04-10 20:06:42,asr_mr_v3,"ji, since yesterday. we are experiencing we need information on the process. krupaya sahayya kara.",98,15,grievance_general,information_request,0.75,grievance_general,0.5238,neutral,-0.0,low,0.25,1,19.993341,79.310444,reverse_geocode,3.0,"Ward 18, Chandrapur-ish",ULB_CHD,W18,Ward 18,442401,nominatim,2025-04-10 20:06:38,tg83sz,True,2025-04-10 20:05:47,True,11,1,72,4,0,0,1,0,13.0,0.37,MEDIUM,-1
PGR202500115,portal,2025-04-17 20:10:56,Asia/Kolkata,citizen,True,1,"Good morning, since yesterday. I am reporting that the manhole is overflowing on the street. the complaint has been logged in the app. kripya madad kijiye.",hi,True,2025-04-17 20:11:41,asr_hi_v3,"good morning, since yesterday. i am reporting that the manhole is overflowing on the street. the complaint has been logged in the app. kripya madad kijiye.",155,26,drainage,manhole_overflow,0.8999999999999999,drainage,0.713,neutral,-0.18,low,0.43,1,,,gps,7.38,"Ward 09, Chandrapur-ish",ULB_CHD,W09,Ward 09,442401,nominatim,2025-04-17 20:12:58,UNKNOWN,True,2025-04-17 20:10:56,False,20,1,48,5,0,0,0,0,13.0,0.49,MEDIUM,-1
PGR202500116,csc,2025-04-27 07:28:05,Asia/Kolkata,citizen,True,1,"Hello, for 48 hours. We are experiencing there is illegal construction on the terrace. kripya madad kijiye.",hi,True,2025-04-27 07:29:46,asr_hi_v3,"hello, for 48 hours. we are experiencing there is illegal construction on the terrace. kripya madad kijiye.",107,17,building_safety,illegal_construction,0.75,building_safety,0.794,neutral,-0.0,low,0.25,1,19.954626,79.353209,manual,15.88,"Ward 14, Chandrapur-ish",ULB_CHD,W14,Ward 14,442401,nominatim,2025-04-27 07:30:33,tg83t8,True,2025-04-27 07:28:05,True,18,1,72,3,1,0,1,0,4.0,0.647,HIGH,building_safety_0
PGR202500117,mobile,2025-02-06 14:08:39,Asia/Kolkata,citizen,True,1,"Namaste, since yesterday. I am reporting that a loose cable is creating a hazard. the complaint has been logged in the app. krupaya sahayya kara.",mr,True,2025-02-06 14:09:13,asr_mr_v3,"namaste, since yesterday. i am reporting that a loose cable is creating a hazard. the complaint has been logged in the app. krupaya sahayya kara.",145,25,utilities_other,cable_hazard,0.75,utilities_other,0.8232,neutral,-0.0,low,0.25,1,19.94605,79.357079,gps,31.69,"Ward 18, Chandrapur-ish",ULB_CHD,W18,Ward 18,442401,nominatim,2025-02-06 14:11:19,tg83mz,True,2025-02-06 14:08:39,True,11,1,48,4,1,0,1,0,4.0,0.487,MEDIUM,-1
PGR202500118,mobile,2025-02-21 23:16:08,Asia/Kolkata,citizen,True,1,"Namaste, since Monday. We are experiencing staff behaviour was unhelpful at the office. krupaya sahayya kara.",mr,True,2025-02-21 23:18:02,asr_mr_v3,"namaste, since monday. we are experiencing staff behaviour was unhelpful at the office. krupaya sahayya kara.",109,16,grievance_general,staff_behavior,0.75,grievance_general,0.6363,neutral,-0.18,low,0.25,1,19.949597,75.32006,gps,19.68,"Ward 11, Aurangabad-ish",ULB_AUR,W11,Ward 11,431001,nominatim,2025-02-21 23:17:24,tet93z,True,2025-02-21 23:16:08,True,18,1,48,3,0,0,1,0,6.0,0.368,MEDIUM,-1
PGR202500119,portal,2025-03-09 19:43:55,Asia/Kolkata,citizen,True,1,"Hello, for 48 hours. a loose cable is creating a hazard. krupaya sahayya kara.",mr,True,2025-03-09 19:44:33,asr_mr_v3,"hello, for 48 hours. a loose cable is creating a hazard. krupaya sahayya kara.",78,14,utilities_other,cable_hazard,0.75,utilities_other,0.8417,neutral,-0.0,low,0.25,1,19.88171,79.268844,reverse_geocode,37.05,"Ward 02, Chandrapur-ish",ULB_CHD,W02,Ward 02,442401,nominatim,2025-03-09 19:46:06,tg835g,True,2025-03-09 19:43:55,True,18,1,72,5,0,0,0,0,14.0,0.291,LOW,-1
PGR202500120,mobile,2025-02-18 04:18:29,Asia/Kolkata,agent,True,1,"Ji, for almost a week. the community tap is dry in the morning. krupaya sahayya kara.",mr,True,2025-02-18 04:18:41,asr_mr_v3,"ji, for almost a week. the community tap is dry in the morning. krupaya sahayya kara.",85,16,water_supply,no_supply,0.75,water_supply,0.6568,neutral,-0.0,low,0.25,1,20.033027,73.768852,gps,39.73,"Ward 05, Nashik-ish",ULB_NAS,W05,Ward 05,422001,nominatim,2025-02-18 04:20:06,tes3yw,True,2025-02-18 04:18:29,True,23,2,24,4,0,0,1,0,5.0,0.577,MEDIUM,water_supply_14
PGR202500121,csc,2025-04-07 22:36:31,Asia/Kolkata,citizen,True,1,"Hi, since Monday. We are experiencing the road surface is broken at the crossing. please help.",en,True,2025-04-07 22:38:07,asr_en_v3,"hi, since monday. we are experiencing the road surface is broken at the crossing. please help.",94,16,roads,resurfacing,0.75,roads,0.8439,negative,-0.36,low,0.25,1,20.090997,73.825489,gps,37.99,"Ward 05, Nashik-ish",ULB_NAS,W05,Ward 05,422001,nominatim,2025-04-07 22:37:08,tes6rc,True,2025-04-07 22:36:31,True,23,1,48,3,0,0,1,0,4.0,0.367,MEDIUM,-1
PGR202500122,portal,2025-05-12 06:15:01,Asia/Kolkata,citizen,True,1,"Ji, for two days. We are experiencing there is no water in the tap. dayavittu sahaya maadi.",kn,True,2025-05-12 06:16:32,asr_kn_v3,"ji, for two days. we are experiencing there is no water in the tap. dayavittu sahaya maadi.",91,17,water_supply,no_supply,0.98,water_supply,0.4862,neutral,-0.18,low,0.43,1,19.95285,79.369706,reverse_geocode,38.08,"Ward 19, Chandrapur-ish",ULB_CHD,W19,Ward 19,442401,nominatim,2025-05-12 06:15:56,tg83w0,True,2025-05-12 06:15:01,True,15,2,72,3,0,0,1,0,10.0,0.619,HIGH,water_supply_1
PGR202500123,csc,2025-05-10 03:56:37,Asia/Kolkata,citizen,True,1,"Good morning, since Monday. We are experiencing the drain is blocked and water is stagnant. kripya madad kijiye.",hi,True,2025-05-10 03:58:33,asr_hi_v3,"good morning, since monday. we are experiencing the drain is blocked and water is stagnant. kripya madad kijiye.",112,18,grievance_general,information_request,0.45,grievance_general,0.5916,neutral,-0.0,low,0.25,1,19.838788,75.413948,gps,4.45,"Ward 19, Aurangabad-ish",ULB_AUR,W19,Ward 19,431001,nominatim,2025-05-10 03:58:56,tet8u5,True,2025-05-10 03:56:37,True,12,1,96,4,0,0,1,0,9.0,0.369,MEDIUM,grievance_general_14
PGR202500124,ivr,2025-04-12 15:56:46,Asia/Kolkata,citizen,True,1,"Hello, in Aurangabad near Ward 10, for the past three days. I am reporting that the public toilet is not functioning. the complaint has been logged in the app. we also tried the IVR earlier. krupaya sahayya kara.",mr,True,2025-04-12 15:58:21,asr_mr_v3,"hello, in aurangabad near ward 10, for the past three days. i am reporting that the public toilet is not functioning. the complaint has been logged in the app. we also tried the ivr earlier. krupaya sahayya kara.",212,38,sanitation,public_toilet_faulty,0.75,sanitation,0.5572,neutral,-0.18,low,0.43,1,19.800459,75.373935,gps,27.24,"Ward 10, Aurangabad-ish",ULB_AUR,W10,Ward 10,431001,nominatim,2025-04-12 15:58:55,tet8eh,True,2025-04-12 15:56:46,True,15,1,96,4,1,0,1,0,10.0,0.689,HIGH,-1
PGR202500125,portal,2025-06-09 06:17:16,Asia/Kolkata,citizen,True,1,"Ji, since Monday. an illegal dumpsite is growing near the corner. we also tried the IVR earlier. krupaya sahayya kara.",mr,True,2025-06-09 06:18:39,asr_mr_v3,"ji, since monday. an illegal dumpsite is growing near the corner. we also tried the ivr earlier. krupaya sahayya kara.",118,20,solid_waste,dumpsite,0.75,solid_waste,0.7692,neutral,-0.0,low,0.25,1,19.940214,75.407572,reverse_geocode,10.89,"Ward 18, Aurangabad-ish",ULB_AUR,W18,Ward 18,431001,nominatim,2025-06-09 06:18:59,tet97y,True,2025-06-09 06:17:16,True,13,1,48,3,0,0,1,0,7.0,0.368,MEDIUM,-1
PGR202500126,ivr,2025-04-26 18:50:59,Asia/Kolkata,citizen,False,1,"Hi, since Monday. I am reporting that there are big potholes on the road. please help.",en,True,2025-04-26 18:52:58,asr_en_v3,"hi, since monday. i am reporting that there are big potholes on the road. please help.",86,16,roads,potholes,0.75,roads,0.8592,neutral,-0.18,low,0.25,1,19.928045,75.329391,reverse_geocode,4.74,"Ward 05, Aurangabad-ish",ULB_AUR,W05,Ward 05,431001,nominatim,2025-04-26 18:53:23,tet965,True,2025-04-26 18:50:59,True,17,1,48,6,1,1,0,0,25.0,0.415,MEDIUM,-1
PGR202500127,portal,2025-02-12 21:06:38,Asia/Kolkata,contractor,True,1,"Good evening, since yesterday. I am reporting that waterlogging is happening after even light rain. the complaint has been logged in the app. krupaya sahayya kara.",mr,True,2025-02-12 21:08:11,asr_mr_v3,"good evening, since yesterday. i am reporting that waterlogging is happening after even light rain. the complaint has been logged in the app. krupaya sahayya kara.",163,26,drainage,waterlogging,0.75,drainage,0.7659,neutral,-0.0,low,0.25,1,20.073636,73.810166,reverse_geocode,15.69,"Ward 14, Nashik-ish",ULB_NAS,W14,Ward 14,422001,nominatim,2025-02-12 21:08:48,tes6pw,True,2025-02-12 21:06:38,True,15,1,48,5,1,0,0,0,6.0,0.567,MEDIUM,-1
PGR202500128,ivr,2025-05-26 17:59:44,Asia/Kolkata,citizen,True,1,"Good evening, for two days. Residents are reporting garbage pickup has been missed repeatedly. please help.",en,True,2025-05-26 17:59:52,asr_en_v3,"good evening, for two days. residents are reporting garbage pickup has been missed repeatedly. please help.",107,16,solid_waste,missed_pickup,0.75,solid_waste,0.785,negative,-0.54,low,0.25,1,19.892781,75.261783,gps,39.87,"Ward 08, Aurangabad-ish",ULB_AUR,W08,Ward 08,431001,nominatim,2025-05-26 18:00:58,tet90t,True,2025-05-26 17:59:44,True,18,1,48,5,0,0,0,0,11.0,0.29,LOW,-1
PGR202500129,mobile,2025-04-28 04:33:43,Asia/Kolkata,citizen,True,1,"Ji, since Monday. I am reporting that the road surface is broken at the crossing. dayavittu sahaya maadi.",kn,True,2025-04-28 04:35:02,asr_kn_v3,"ji, since monday. i am reporting that the road surface is broken at the crossing. dayavittu sahaya maadi.",105,18,roads,resurfacing,0.75,roads,0.7631,neutral,-0.18,low,0.25,1,19.908217,79.332645,gps,26.91,"Ward 05, Chandrapur-ish",ULB_CHD,W05,Ward 05,442401,nominatim,2025-04-28 04:34:50,tg83m2,True,2025-04-28 04:33:43,True,20,1,24,5,0,1,0,0,19.0,0.293,LOW,-1
PGR202500130,portal,2025-05-07 04:59:08,Asia/Kolkata,citizen,True,1,"Namaste, for almost a week. We are experiencing a loose cable is creating a hazard. the complaint has been logged in the app. we also tried the IVR earlier. krupaya sahayya kara.",mr,True,2025-05-07 04:59:43,asr_mr_v3,"namaste, for almost a week. we are experiencing a loose cable is creating a hazard. the complaint has been logged in the app. we also tried the ivr earlier. krupaya sahayya kara.",178,32,utilities_other,cable_hazard,0.75,utilities_other,0.7341,neutral,-0.0,low,0.25,1,19.80882,75.398289,photo_exif,50.27,"Ward 06, Aurangabad-ish",ULB_AUR,W06,Ward 06,431001,nominatim,2025-05-07 05:01:59,tet8ew,True,2025-05-07 04:59:08,True,19,1,96,7,0,1,0,0,36.0,0.3,LOW,-1
PGR202500131,portal,2025-04-26 19:20:37,Asia/Kolkata,citizen,True,1,"Good morning, since Monday. I am reporting that the pole looks damaged and wires are exposed. the complaint has been logged in the app. please help.",en,True,2025-04-26 19:22:15,asr_en_v3,"good morning, since monday. i am reporting that the pole looks damaged and wires are exposed. the complaint has been logged in the app. please help.",148,26,utilities_other,cable_hazard,0.75,utilities_other,0.8002,neutral,-0.18,low,0.25,1,19.926009,75.434072,reverse_geocode,22.66,"Ward 09, Aurangabad-ish",ULB_AUR,W09,Ward 09,431001,nominatim,2025-04-26 19:23:32,tet9ke,True,2025-04-26 19:20:37,True,17,1,24,5,0,0,0,0,14.0,0.291,LOW,-1
PGR202500132,mobile,2025-04-25 00:53:08,Asia/Kolkata,citizen,True,1,"Hi, for the past three days. the septic tank has overflowed onto the street. please help.",en,True,2025-04-25 00:53:43,asr_en_v3,"hi, for the past three days. the septic tank has overflowed onto the street. please help.",89,16,sanitation,septic_overflow,0.75,sanitation,0.8664,negative,-0.36,medium,0.61,1,19.894248,79.390958,gps,56.72,"Ward 07, Chandrapur-ish",ULB_CHD,W07,Ward 07,442401,nominatim,2025-04-25 00:53:32,tg83nt,True,2025-04-25 00:53:08,True,16,1,48,3,0,0,1,0,7.0,0.607,HIGH,-1
PGR202500133,mobile,2025-02-14 14:02:20,Asia/Kolkata,citizen,True,1,"Ji, for two days. Residents are reporting an old building has a dangerous cracked wall. please help.",en,True,2025-02-14 14:03:50,asr_en_v3,"ji, for two days. residents are reporting an old building has a dangerous cracked wall. please help.",100,17,building_safety,dangerous_structure,0.98,building_safety,0.8391,negative,-0.36,low,0.43,1,19.960143,73.794811,manual,22.66,"Ward 05, Nashik-ish",ULB_NAS,W05,Ward 05,422001,nominatim,2025-02-14 14:04:46,tes3x1,True,2025-02-14 14:02:20,True,23,1,24,3,0,0,1,0,4.0,0.566,MEDIUM,-1
PGR202500134,ivr,2025-04-25 21:08:44,Asia/Kolkata,citizen,True,1,"Good evening, since yesterday. there is illegal construction on the terrace. the complaint has been logged in the app. kripya madad kijiye.",hi,True,2025-04-25 21:10:21,asr_hi_v3,"good evening, since yesterday. there is illegal construction on the terrace. the complaint has been logged in the app. kripya madad kijiye.",139,22,building_safety,illegal_construction,0.75,building_safety,0.8196,neutral,-0.0,low,0.25,1,20.076038,73.714062,gps,20.34,"Ward 07, Nashik-ish",ULB_NAS,W07,Ward 07,422001,nominatim,2025-04-25 21:09:25,tes6jq,True,2025-04-25 21:08:44,True,7,1,24,3,0,0,1,0,8.0,0.528,MEDIUM,-1
PGR202500135,portal,2025-05-31 05:41:06,Asia/Kolkata,citizen,True,1,"Hi, since last night. I am reporting that an illegal dumpsite is growing near the corner. the complaint has been logged in the app. kripya madad kijiye.",hi,True,2025-05-31 05:41:45,asr_hi_v3,"hi, since last night. i am reporting that an illegal dumpsite is growing near the corner. the complaint has been logged in the app. kripya madad kijiye.",152,27,solid_waste,dumpsite,0.75,solid_waste,0.7907,neutral,-0.0,low,0.25,1,19.882552,79.253742,reverse_geocode,3.0,"Ward 03, Chandrapur-ish",ULB_CHD,W03,Ward 03,442401,nominatim,2025-05-31 05:43:43,tg8357,True,2025-05-31 05:41:06,True,13,1,24,5,1,0,0,0,7.0,0.408,MEDIUM,-1
PGR202500136,mobile,2025-03-18 14:13:12,Asia/Kolkata,contractor,False,1,"Ji, for 48 hours. I am reporting that there is illegal construction on the terrace. the complaint has been logged in the app. we also tried the IVR earlier. please jaldi se kijiye. kripya madad kijiye.",hi,True,2025-03-18 14:14:28,asr_hi_v3,"ji, for 48 hours. i am reporting that there is illegal construction on the terrace. the complaint has been logged in the app. we also tried the ivr earlier. please jaldi se kijiye. kripya madad kijiye.",201,36,building_safety,illegal_construction,0.75,building_safety,0.6375,neutral,-0.0,low,0.25,1,19.876691,75.412319,reverse_geocode,36.66,"Ward 20, Aurangabad-ish",ULB_AUR,W20,Ward 20,431001,nominatim,2025-03-18 14:15:06,tet9h4,True,2025-03-18 14:13:12,True,12,1,72,5,0,0,0,0,13.0,0.45,MEDIUM,-1
PGR202500137,mobile,2025-05-02 10:13:03,Asia/Kolkata,citizen,True,1,"Hi, in Chandrapur near Ward 08, since yesterday. I am reporting that illegal parking is blocking the lane. krupaya sahayya kara.",mr,True,2025-05-02 10:14:39,asr_mr_v3,"hi, in chandrapur near ward 08, since yesterday. i am reporting that illegal parking is blocking the lane. krupaya sahayya kara.",128,21,traffic,illegal_parking,0.8999999999999999,traffic,0.7703,neutral,-0.0,low,0.25,1,19.89784,79.268692,photo_exif,12.47,"Ward 08, Chandrapur-ish",ULB_CHD,W08,Ward 08,442401,nominatim,2025-05-02 10:15:13,tg835y,True,2025-05-02 10:13:03,True,14,1,96,4,0,0,1,0,11.0,0.37,MEDIUM,-1
PGR202500138,mobile,2025-02-05 14:56:39,Asia/Kolkata,citizen,True,1,"Good morning, since yesterday. Residents are reporting the streetlight near our lane is not working. pani nahiye. krupaya sahayya kara.",mr,True,2025-02-05 14:57:35,asr_mr_v3,"good morning, since yesterday. residents are reporting the streetlight near our lane is not working. pani nahiye. krupaya sahayya kara.",135,20,streetlights,lamp_faulty,0.75,streetlights,0.8373,neutral,-0.18,low,0.25,1,19.959597,79.285144,photo_exif,10.29,"Ward 03, Chandrapur-ish",ULB_CHD,W03,Ward 03,442401,nominatim,2025-02-05 14:58:51,tg83s1,True,2025-02-05 14:56:39,True,13,2,48,5,1,0,0,0,14.0,0.461,MEDIUM,-1
PGR202500139,mobile,2025-03-25 02:59:49,Asia/Kolkata,citizen,True,1,"Hi, for 48 hours. Residents are reporting an illegal dumpsite is growing near the corner. the complaint has been logged in the app. we also tried the IVR earlier. kripya madad kijiye.",hi,True,2025-03-25 03:00:14,asr_hi_v3,"hi, for 48 hours. residents are reporting an illegal dumpsite is growing near the corner. the complaint has been logged in the app. we also tried the ivr earlier. kripya madad kijiye.",183,32,solid_waste,dumpsite,0.75,solid_waste,0.7499,neutral,-0.0,low,0.25,1,19.98223,79.392445,gps,39.22,"Ward 12, Chandrapur-ish",ULB_CHD,W12,Ward 12,442401,nominatim,2025-03-25 03:01:45,tg83wt,True,2025-03-25 02:59:49,True,17,1,72,4,0,0,1,0,6.0,0.368,MEDIUM,-1
PGR202500140,ivr,2025-04-07 12:10:56,Asia/Kolkata,citizen,True,1,"Good morning, since Monday. We are experiencing the road surface is broken at the crossing. the complaint has been logged in the app. krupaya sahayya kara.",mr,True,2025-04-07 12:11:55,asr_mr_v3,"good morning, since monday. we are experiencing the road surface is broken at the crossing. the complaint has been logged in the app. krupaya sahayya kara.",155,26,roads,resurfacing,0.75,roads,0.7768,neutral,-0.18,low,0.25,1,19.914905,75.425435,reverse_geocode,37.37,"Ward 18, Aurangabad-ish",ULB_AUR,W18,Ward 18,431001,nominatim,2025-04-07 12:11:56,tet9k3,True,2025-04-07 12:10:56,True,13,1,72,5,1,0,0,0,17.0,0.412,MEDIUM,-1
PGR202500141,portal,2025-06-28 09:51:28,Asia/Kolkata,citizen,True,1,"Hello, since last night. I am reporting that the tanker did not arrive today. it feels like a drought and the borewell is almost dry. the complaint has been logged in the app. we also tried the IVR earlier. krupaya sahayya kara.",mr,True,2025-06-28 09:53:04,asr_mr_v3,"hello, since last night. i am reporting that the tanker did not arrive today. it feels like a drought and the borewell is almost dry. the complaint has been logged in the app. we also tried the ivr earlier. krupaya sahayya kara.",228,42,water_supply,no_supply,0.75,water_supply,0.475,neutral,-0.0,low,0.25,1,19.952742,79.374848,gps,36.98,"Ward 08, Chandrapur-ish",ULB_CHD,W08,Ward 08,442401,nominatim,2025-06-28 09:53:57,tg83w0,True,2025-06-28 09:51:28,True,14,2,24,5,1,0,0,0,13.0,0.62,HIGH,water_supply_1
PGR202500142,mobile,2025-03-05 04:30:17,Asia/Kolkata,citizen,True,1,"Good evening, for 48 hours. We are experiencing stray dogs are aggressive near the market. roz subah tap dry milta hai. kripya madad kijiye.",hi,True,2025-03-05 04:31:22,asr_hi_v3,"good evening, for 48 hours. we are experiencing stray dogs are aggressive near the market. roz subah tap dry milta hai. kripya madad kijiye.",140,24,public_health,stray_dogs,0.8999999999999999,public_health,0.7009,neutral,-0.0,low,0.25,1,19.977435,73.71367,reverse_geocode,14.57,"Ward 17, Nashik-ish",ULB_NAS,W17,Ward 17,422001,nominatim,2025-03-05 04:32:05,tes3tk,True,2025-03-05 04:30:17,True,20,1,24,5,0,0,0,0,13.0,0.45,MEDIUM,-1
PGR202500143,portal,2025-03-14 11:34:26,Asia/Kolkata,citizen,True,1,"Namaste, since yesterday. We are experiencing garbage pickup has been missed repeatedly. kripya madad kijiye.",hi,True,2025-03-14 11:35:12,asr_hi_v3,"namaste, since yesterday. we are experiencing garbage pickup has been missed repeatedly. kripya madad kijiye.",109,15,solid_waste,missed_pickup,0.75,solid_waste,0.8452,negative,-0.36,low,0.25,1,19.898393,75.260391,reverse_geocode,19.24,"Ward 13, Aurangabad-ish",ULB_AUR,W13,Ward 13,431001,nominatim,2025-03-14 11:36:13,tet90w,True,2025-03-14 11:34:26,True,16,1,24,4,0,0,1,0,10.0,0.369,MEDIUM,-1
PGR202500144,mobile,2025-04-03 06:42:10,Asia/Kolkata,citizen,True,1,"Hi, for the past three days. We are experiencing tap pressure is very low. groundwater is very low this season. the complaint has been logged in the app. please help.",en,True,2025-04-03 06:42:52,asr_en_v3,"hi, for the past three days. we are experiencing tap pressure is very low. groundwater is very low this season. the complaint has been logged in the app. please help.",166,30,water_supply,no_supply,0.75,water_supply,0.6247,neutral,-0.18,low,0.43,1,20.004947,79.353733,gps,19.1,"Ward 15, Chandrapur-ish",ULB_CHD,W15,Ward 15,442401,nominatim,2025-04-03 06:43:20,tg83v9,True,2025-04-03 06:42:10,True,14,1,24,4,1,0,1,0,9.0,0.688,HIGH,-1
PGR202500145,mobile,2025-06-29 21:35:45,Asia/Kolkata,citizen,False,1,"Hello, for two days. I am reporting that the bin is overflowing and animals gather there. kripya madad kijiye.",hi,True,2025-06-29 21:36:10,asr_hi_v3,"hello, for two days. i am reporting that the bin is overflowing and animals gather there. kripya madad kijiye.",110,19,drainage,manhole_overflow,0.75,drainage,0.8057,neutral,-0.18,low,0.43,1,19.94283,75.312777,gps,31.74,"Ward 06, Aurangabad-ish",ULB_AUR,W06,Ward 06,431001,nominatim,2025-06-29 21:36:06,tet93y,True,2025-06-29 21:35:45,True,19,1,48,3,0,0,1,0,7.0,0.568,MEDIUM,-1
PGR202500146,portal,2025-06-09 00:15:02,Asia/Kolkata,citizen,True,1,"Hi, for two days. We are experiencing play equipment is broken in the park. summer water crisis is likely so please plan supply. the complaint has been logged in the app. we also tried the IVR earlier. krupaya sahayya kara.",mr,True,2025-06-09 00:16:32,asr_mr_v3,"hi, for two days. we are experiencing play equipment is broken in the park. summer water crisis is likely so please plan supply. the complaint has been logged in the app. we also tried the ivr earlier. krupaya sahayya kara.",223,40,parks,broken_play_equipment,0.75,parks,0.6804,neutral,-0.18,low,0.25,1,19.948062,79.361254,gps,43.3,"Ward 01, Chandrapur-ish",ULB_CHD,W01,Ward 01,442401,nominatim,2025-06-09 00:16:50,tg83mz,True,2025-06-09 00:15:02,True,20,1,24,5,0,0,0,0,14.0,0.291,LOW,-1
PGR202500147,portal,2025-02-06 04:53:40,Asia/Kolkata,citizen,True,1,"Hello, for almost a week. I am reporting that tap pressure is very low. please help.",en,True,2025-02-06 04:55:08,asr_en_v3,"hello, for almost a week. i am reporting that tap pressure is very low. please help.",84,16,water_supply,no_supply,0.75,water_supply,0.6099,neutral,-0.18,low,0.25,1,19.836417,75.35837,gps,25.52,"Ward 07, Aurangabad-ish",ULB_AUR,W07,Ward 07,431001,nominatim,2025-02-06 04:54:55,tet8fg,True,2025-02-06 04:53:40,True,20,2,72,3,0,0,1,0,5.0,0.577,MEDIUM,-1
PGR202500148,whatsapp,2025-03-08 02:10:55,Asia/Kolkata,citizen,True,1,"Good evening, since last night. I am reporting that there is illegal construction on the terrace. pani ki kami ho rahi hai please arrange tankers. the complaint has been logged in the app. kripya madad kijiye.",hi,True,2025-03-08 02:12:20,asr_hi_v3,"good evening, since last night. i am reporting that there is illegal construction on the terrace. pani ki kami ho rahi hai please arrange tankers. the complaint has been logged in the app. kripya madad kijiye.",209,36,water_supply,no_supply,0.8999999999999999,building_safety,0.4068,neutral,-0.18,low,0.25,1,19.972325,79.396821,gps,49.62,"Ward 19, Chandrapur-ish",ULB_CHD,W19,Ward 19,442401,nominatim,2025-03-08 02:13:00,tg83we,True,2025-03-08 02:10:55,True,15,1,48,4,1,0,1,0,8.0,0.648,HIGH,-1
PGR202500149,portal,2025-06-04 06:01:40,Asia/Kolkata,citizen,True,1,"Hello, for 48 hours. I am reporting that the wash area is broken and unclean. kripya madad kijiye.",hi,True,2025-06-04 06:02:37,asr_hi_v3,"hello, for 48 hours. i am reporting that the wash area is broken and unclean. kripya madad kijiye.",98,18,grievance_general,information_request,0.45,grievance_general,0.5016,neutral,-0.18,low,0.25,1,19.984258,79.26772,manual,33.46,"Ward 16, Chandrapur-ish",ULB_CHD,W16,Ward 16,442401,nominatim,2025-06-04 06:02:58,tg83ey,True,2025-06-04 06:01:40,True,11,2,24,4,0,0,1,0,11.0,0.42,MEDIUM,grievance_general_1
PGR202500150,portal,2025-02-09 17:53:23,Asia/Kolkata,citizen,True,1,"Hello, for two days. an illegal dumpsite is growing near the corner. please help.",en,True,2025-02-09 17:54:53,asr_en_v3,"hello, for two days. an illegal dumpsite is growing near the corner. please help.",81,14,solid_waste,dumpsite,0.75,solid_waste,0.8292,neutral,-0.18,low,0.25,1,19.8713,75.367754,gps,16.48,"Ward 16, Aurangabad-ish",ULB_AUR,W16,Ward 16,431001,nominatim,2025-02-09 17:56:18,tet951,True,2025-02-09 17:53:23,True,12,1,96,7,0,1,0,0,46.0,0.304,LOW,-1
PGR202500151,csc,2025-06-09 08:24:53,Asia/Kolkata,agent,True,1,"Good morning, for the past three days. I am reporting that the public toilet is not functioning. the complaint has been logged in the app. please help.",en,True,2025-06-09 08:25:44,asr_en_v3,"good morning, for the past three days. i am reporting that the public toilet is not functioning. the complaint has been logged in the app. please help.",151,27,sanitation,public_toilet_faulty,0.75,sanitation,0.7552,neutral,-0.18,low,0.43,1,19.821993,75.336393,reverse_geocode,32.43,"Ward 18, Aurangabad-ish",ULB_AUR,W18,Ward 18,431001,nominatim,2025-06-09 08:27:01,tet8f2,True,2025-06-09 08:24:53,True,13,1,96,5,1,0,0,0,13.0,0.61,HIGH,-1
PGR202500152,ivr,2025-03-15 04:58:54,Asia/Kolkata,citizen,True,1,"Good evening, for 48 hours. We are experiencing garbage pickup has been missed repeatedly. kripya madad kijiye.",hi,True,2025-03-15 05:00:35,asr_hi_v3,"good evening, for 48 hours. we are experiencing garbage pickup has been missed repeatedly. kripya madad kijiye.",111,17,solid_waste,missed_pickup,0.75,solid_waste,0.8097,negative,-0.36,low,0.25,1,19.842601,75.273766,manual,45.59,"Ward 08, Aurangabad-ish",ULB_AUR,W08,Ward 08,431001,nominatim,2025-03-15 05:00:26,tet8bu,True,2025-03-15 04:58:54,True,18,1,72,5,1,0,0,0,12.0,0.41,MEDIUM,-1
PGR202500153,portal,2025-06-18 15:32:50,Asia/Kolkata,citizen,False,1,"Hi, for two days. We are experiencing the streetlight near our lane is not working. barah e karam madad karein.",ur,True,2025-06-18 15:33:00,asr_ur_v3,"hi, for two days. we are experiencing the streetlight near our lane is not working. barah e karam madad karein.",111,20,streetlights,lamp_faulty,0.75,streetlights,0.835,neutral,-0.0,low,0.25,1,19.876806,75.283127,reverse_geocode,49.97,"Ward 07, Aurangabad-ish",ULB_AUR,W07,Ward 07,431001,nominatim,2025-06-18 15:35:03,tet914,True,2025-06-18 15:32:50,True,20,1,24,7,0,1,0,0,27.0,0.296,LOW,-1
PGR202500154,whatsapp,2025-03-17 00:56:14,Asia/Kolkata,citizen,True,1,"Good evening, for 48 hours. I am reporting that an old building has a dangerous cracked wall. the complaint has been logged in the app. please help.",en,True,2025-03-17 00:57:22,asr_en_v3,"good evening, for 48 hours. i am reporting that an old building has a dangerous cracked wall. the complaint has been logged in the app. please help.",148,27,building_safety,dangerous_structure,0.98,building_safety,0.8234,negative,-0.36,low,0.43,1,20.038581,73.733939,gps,37.8,"Ward 19, Nashik-ish",ULB_NAS,W19,Ward 19,422001,nominatim,2025-03-17 00:58:17,tes3vz,True,2025-03-17 00:56:14,True,13,1,96,5,0,0,0,0,16.0,0.491,MEDIUM,-1
PGR202500155,csc,2025-04-07 03:32:25,Asia/Kolkata,citizen,True,1,"Hi, since yesterday. We are experiencing tap pressure is very low. please help.",en,True,2025-04-07 03:33:33,asr_en_v3,"hi, since yesterday. we are experiencing tap pressure is very low. please help.",79,13,water_supply,no_supply,0.75,water_supply,0.6498,neutral,-0.18,low,0.25,1,19.981303,79.279286,manual,20.39,"Ward 12, Chandrapur-ish",ULB_CHD,W12,Ward 12,442401,nominatim,2025-04-07 03:34:24,tg83sj,True,2025-04-07 03:32:25,True,17,1,48,4,0,0,1,0,10.0,0.529,MEDIUM,-1
PGR202500156,ivr,2025-05-11 06:53:57,Asia/Kolkata,citizen,True,1,"Hello, for the past three days. we suspect a pipeline leak nearby. the complaint has been logged in the app. we also tried the IVR earlier. kripya madad kijiye.",hi,True,2025-05-11 06:54:24,asr_hi_v3,"hello, for the past three days. we suspect a pipeline leak nearby. the complaint has been logged in the app. we also tried the ivr earlier. kripya madad kijiye.",160,29,water_supply,burst_pipeline,0.75,water_supply,0.5171,neutral,-0.0,low,0.43,1,20.00548,79.253931,reverse_geocode,16.75,"Ward 06, Chandrapur-ish",ULB_CHD,W06,Ward 06,442401,nominatim,2025-05-11 06:55:49,tg83g3,True,2025-05-11 06:53:57,True,17,1,72,4,1,0,1,0,8.0,0.688,HIGH,-1
PGR202500157,mobile,2025-02-19 22:36:38,Asia/Kolkata,citizen,True,1,"Namaste, for almost a week. a license check is required for these stalls. the complaint has been logged in the app. paani nahi aa raha hai. kripya madad kijiye.",hi,True,2025-02-19 22:38:33,asr_hi_v3,"namaste, for almost a week. a license check is required for these stalls. the complaint has been logged in the app. paani nahi aa raha hai. kripya madad kijiye.",160,29,water_supply,no_supply,0.75,markets,0.5717,neutral,-0.18,low,0.25,1,20.0283,73.764021,reverse_geocode,28.64,"Ward 06, Nashik-ish",ULB_NAS,W06,Ward 06,422001,nominatim,2025-02-19 22:39:27,tes3yw,True,2025-02-19 22:36:38,True,17,2,24,5,1,0,0,0,12.0,0.62,HIGH,-1
PGR202500158,portal,2025-04-25 13:18:56,Asia/Kolkata,citizen,True,1,"Good morning, for the past three days. the public toilet is not functioning. groundwater is very low this season. the complaint has been logged in the app. roz subah tap dry milta hai. kripya madad kijiye.",hi,True,2025-04-25 13:20:37,asr_hi_v3,"good morning, for the past three days. the public toilet is not functioning. groundwater is very low this season. the complaint has been logged in the app. roz subah tap dry milta hai. kripya madad kijiye.",205,36,water_supply,no_supply,0.75,water_supply,0.4375,neutral,-0.0,low,0.43,1,19.983761,73.794321,manual,45.11,"Ward 18, Nashik-ish",ULB_NAS,W18,Ward 18,422001,nominatim,2025-04-25 13:20:06,tes3xj,True,2025-04-25 13:18:56,True,16,1,48,4,0,0,1,0,6.0,0.567,MEDIUM,water_supply_3
PGR202500159,portal,2025-04-17 18:03:20,Asia/Kolkata,citizen,False,1,"Hello, since yesterday. I am reporting that the whole stretch is dark after evening. kripya madad kijiye.",hi,True,2025-04-17 18:05:04,asr_hi_v3,"hello, since yesterday. i am reporting that the whole stretch is dark after evening. kripya madad kijiye.",105,17,grievance_general,information_request,0.45,grievance_general,0.6296,neutral,-0.0,low,0.25,1,20.076303,73.883055,reverse_geocode,26.51,Nashik-ish,ULB_NAS,Non,,422001,nominatim,2025-04-17 18:04:49,tesd1n,True,2025-04-17 18:03:20,True,8,1,24,6,0,1,0,0,53.0,0.307,LOW,-1
PGR202500160,portal,2025-05-29 14:02:00,Asia/Kolkata,citizen,True,1,"Ji, since last night. We are experiencing the tanker did not arrive today. krupaya sahayya kara.",mr,True,2025-05-29 14:02:23,asr_mr_v3,"ji, since last night. we are experiencing the tanker did not arrive today. krupaya sahayya kara.",96,16,water_supply,no_supply,0.75,water_supply,0.5891,neutral,-0.0,low,0.25,1,19.922455,79.273137,gps,26.82,Chandrapur-ish,ULB_CHD,Non,,442401,nominatim,2025-05-29 14:03:00,tg837f,True,2025-05-29 14:02:00,True,4,1,24,3,1,0,1,0,4.0,0.647,HIGH,water_supply_7
PGR202500161,portal,2025-06-30 09:59:04,Asia/Kolkata,citizen,False,1,"Hello, in Nashik near Ward 15, for the past three days. We are experiencing hawkers have encroached on the footpath. please help.",en,True,2025-06-30 10:00:51,asr_en_v3,"hello, in nashik near ward 15, for the past three days. we are experiencing hawkers have encroached on the footpath. please help.",129,22,grievance_general,information_request,0.45,grievance_general,0.3915,neutral,-0.18,low,0.43,1,20.058021,73.8164,manual,20.77,"Ward 15, Nashik-ish",ULB_NAS,W15,Ward 15,422001,nominatim,2025-06-30 10:00:55,tes6pe,True,2025-06-30 09:59:04,True,14,1,24,4,0,0,1,0,12.0,0.41,MEDIUM,grievance_general_5
PGR202500162,whatsapp,2025-05-11 15:31:42,Asia/Kolkata,citizen,True,1,"Good evening, for two days. a license check is required for these stalls. krupaya sahayya kara.",mr,True,2025-05-11 15:33:26,asr_mr_v3,"good evening, for two days. a license check is required for these stalls. krupaya sahayya kara.",95,16,markets,license_check,0.75,markets,0.9134,neutral,-0.0,low,0.25,1,19.908142,79.364044,gps,15.08,"Ward 01, Chandrapur-ish",ULB_CHD,W01,Ward 01,442401,nominatim,2025-05-11 15:34:40,tg83mb,True,2025-05-11 15:31:42,True,20,1,24,4,1,0,1,0,8.0,0.488,MEDIUM,-1
PGR202500163,whatsapp,2025-04-03 09:04:15,Asia/Kolkata,citizen,True,1,"Namaste, since last night. We are experiencing the tanker did not arrive today. pani ki kami ho rahi hai please arrange tankers. we also tried the IVR earlier. kripya madad kijiye.",hi,True,2025-04-03 09:06:09,asr_hi_v3,"namaste, since last night. we are experiencing the tanker did not arrive today. pani ki kami ho rahi hai please arrange tankers. we also tried the ivr earlier. kripya madad kijiye.",180,31,water_supply,no_supply,0.8999999999999999,water_supply,0.8311,neutral,-0.18,low,0.25,1,19.95265,79.348009,manual,17.57,"Ward 04, Chandrapur-ish",ULB_CHD,W04,Ward 04,442401,nominatim,2025-04-03 09:06:12,tg83t8,True,2025-04-03 09:04:15,True,19,1,24,3,1,0,1,0,5.0,0.647,HIGH,water_supply_1
PGR202500164,mobile,2025-04-02 22:59:33,Asia/Kolkata,citizen,True,1,"Hello, for almost a week. I am reporting that the drain is blocked and water is stagnant. we also tried the IVR earlier. please help.",en,True,2025-04-02 23:00:36,asr_en_v3,"hello, for almost a week. i am reporting that the drain is blocked and water is stagnant. we also tried the ivr earlier. please help.",133,25,grievance_general,information_request,0.45,grievance_general,0.5144,neutral,-0.18,low,0.25,1,19.930307,79.315865,gps,22.03,"Ward 20, Chandrapur-ish",ULB_CHD,W20,Ward 20,442401,nominatim,2025-04-02 23:00:26,tg83ku,True,2025-04-02 22:59:33,True,13,1,24,5,1,0,0,0,11.0,0.41,MEDIUM,grievance_general_2
PGR202500165,portal,2025-04-04 16:39:04,Asia/Kolkata,citizen,True,1,"Good evening, since last night. the dispensary was closed during working hours. summer water crisis is likely so please plan supply. the complaint has been logged in the app. krupaya sahayya kara.",mr,True,2025-04-04 16:40:14,asr_mr_v3,"good evening, since last night. the dispensary was closed during working hours. summer water crisis is likely so please plan supply. the complaint has been logged in the app. krupaya sahayya kara.",196,32,grievance_general,information_request,0.45,grievance_general,0.2708,neutral,-0.0,low,0.25,1,19.977051,73.851303,gps,45.77,"Ward 09, Nashik-ish",ULB_NAS,W09,Ward 09,422001,nominatim,2025-04-04 16:41:51,tes98s,True,2025-04-04 16:39:04,True,18,2,48,5,0,0,0,0,7.0,0.338,LOW,grievance_general_6
PGR202500166,portal,2025-06-03 02:28:23,Asia/Kolkata,citizen,True,1,"Namaste, since Monday. Residents are reporting a service request has no update. the complaint has been logged in the app. kripya madad kijiye.",hi,True,2025-06-03 02:28:46,asr_hi_v3,"namaste, since monday. residents are reporting a service request has no update. the complaint has been logged in the app. kripya madad kijiye.",142,23,grievance_general,information_request,0.45,grievance_general,0.5055,neutral,-0.0,low,0.25,1,19.973552,73.855661,gps,16.4,Nashik-ish,ULB_NAS,Non,,422001,nominatim,2025-06-03 02:30:49,tes98s,True,2025-06-03 02:28:23,True,8,2,72,5,0,0,0,0,13.0,0.34,LOW,grievance_general_6
PGR202500167,mobile,2025-03-21 04:22:35,Asia/Kolkata,agent,True,1,"Ji, since last night. We are experiencing the whole stretch is dark after evening. dayavittu sahaya maadi.",kn,True,2025-03-21 04:23:53,asr_kn_v3,"ji, since last night. we are experiencing the whole stretch is dark after evening. dayavittu sahaya maadi.",106,17,grievance_general,information_request,0.45,grievance_general,0.5744,neutral,-0.0,low,0.25,1,19.991721,79.36199,gps,20.79,"Ward 10, Chandrapur-ish",ULB_CHD,W10,Ward 10,442401,nominatim,2025-03-21 04:24:05,tg83tz,True,2025-03-21 04:22:35,True,13,1,48,3,1,0,1,0,8.0,0.488,MEDIUM,grievance_general_0
PGR202500168,mobile,2025-02-26 01:06:08,Asia/Kolkata,citizen,True,1,"Hi, since yesterday. We are experiencing tap pressure is very low. the complaint has been logged in the app. dayavittu sahaya maadi.",kn,True,2025-02-26 01:06:54,asr_kn_v3,"hi, since yesterday. we are experiencing tap pressure is very low. the complaint has been logged in the app. dayavittu sahaya maadi.",132,22,water_supply,no_supply,0.75,water_supply,0.5559,neutral,-0.0,low,0.25,1,19.952913,73.754627,photo_exif,7.02,"Ward 02, Nashik-ish",ULB_NAS,W02,Ward 02,422001,nominatim,2025-02-26 01:06:51,tes3w2,True,2025-02-26 01:06:08,True,16,1,48,3,0,0,1,0,3.0,0.526,MEDIUM,-1
PGR202500169,mobile,2025-03-23 03:26:56,Asia/Kolkata,citizen,False,1,"Good evening, for two days. Residents are reporting the whole stretch is dark after evening. krupaya sahayya kara.",mr,True,2025-03-23 03:28:23,asr_mr_v3,"good evening, for two days. residents are reporting the whole stretch is dark after evening. krupaya sahayya kara.",114,18,grievance_general,information_request,0.45,grievance_general,0.665,neutral,-0.0,low,0.25,1,19.945567,79.339332,gps,30.75,"Ward 04, Chandrapur-ish",ULB_CHD,W04,Ward 04,442401,nominatim,2025-03-23 03:28:20,tg83mq,True,2025-03-23 03:26:56,True,19,1,24,3,0,0,1,0,6.0,0.368,MEDIUM,grievance_general_2
PGR202500170,csc,2025-02-04 09:45:48,Asia/Kolkata,citizen,True,1,"Hello, for 48 hours. Residents are reporting the tanker did not arrive today. the complaint has been logged in the app. krupaya sahayya kara.",mr,True,2025-02-04 09:46:00,asr_mr_v3,"hello, for 48 hours. residents are reporting the tanker did not arrive today. the complaint has been logged in the app. krupaya sahayya kara.",141,24,water_supply,no_supply,0.75,water_supply,0.544,neutral,-0.0,low,0.25,1,20.008691,79.306341,reverse_geocode,40.5,"Ward 16, Chandrapur-ish",ULB_CHD,W16,Ward 16,442401,nominatim,2025-02-04 09:48:16,tg83ud,True,2025-02-04 09:45:48,True,11,1,72,5,1,0,0,0,15.0,0.571,MEDIUM,water_supply_8
PGR202500171,portal,2025-02-16 22:06:47,Asia/Kolkata,citizen,True,1,"Ji, for the past three days. I am reporting that the road surface is broken at the crossing. the complaint has been logged in the app. kripya madad kijiye.",hi,True,2025-02-16 22:07:39,asr_hi_v3,"ji, for the past three days. i am reporting that the road surface is broken at the crossing. the complaint has been logged in the app. kripya madad kijiye.",155,29,roads,resurfacing,0.75,roads,0.7679,neutral,-0.18,low,0.43,1,20.002503,79.274514,gps,44.37,"Ward 02, Chandrapur-ish",ULB_CHD,W02,Ward 02,442401,nominatim,2025-02-16 22:08:39,tg83gc,True,2025-02-16 22:06:47,True,18,1,24,5,0,0,0,0,14.0,0.33,LOW,-1
PGR202500172,whatsapp,2025-02-14 12:10:20,Asia/Kolkata,citizen,True,1,"Good evening, since yesterday. there are big potholes on the road. the complaint has been logged in the app. krupaya sahayya kara.",mr,True,2025-02-14 12:10:26,asr_mr_v3,"good evening, since yesterday. there are big potholes on the road. the complaint has been logged in the app. krupaya sahayya kara.",130,22,roads,potholes,0.75,roads,0.829,neutral,-0.0,low,0.25,1,20.005692,73.710456,photo_exif,23.05,"Ward 12, Nashik-ish",ULB_NAS,W12,Ward 12,422001,nominatim,2025-02-14 12:11:09,tes3v3,True,2025-02-14 12:10:20,True,12,1,24,4,1,0,1,0,10.0,0.489,MEDIUM,-1
PGR202500173,portal,2025-05-27 17:35:18,Asia/Kolkata,citizen,True,1,"Hello, for almost a week. I am reporting that the road surface is broken at the crossing. we also tried the IVR earlier. krupaya sahayya kara.",mr,True,2025-05-27 17:35:51,asr_mr_v3,"hello, for almost a week. i am reporting that the road surface is broken at the crossing. we also tried the ivr earlier. krupaya sahayya kara.",142,26,roads,resurfacing,0.75,roads,0.7509,neutral,-0.18,low,0.25,1,19.911373,75.280131,gps,28.62,"Ward 07, Aurangabad-ish",ULB_AUR,W07,Ward 07,431001,nominatim,2025-05-27 17:36:03,tet930,True,2025-05-27 17:35:18,True,20,1,24,5,0,1,0,0,53.0,0.307,LOW,-1
PGR202500174,whatsapp,2025-05-20 08:29:36,Asia/Kolkata,citizen,False,1,"Hello, since yesterday. We are experiencing mosquito breeding is visible due to stagnant water. we also tried the IVR earlier. kripya madad kijiye.",hi,True,2025-05-20 08:30:32,asr_hi_v3,"hello, since yesterday. we are experiencing mosquito breeding is visible due to stagnant water. we also tried the ivr earlier. kripya madad kijiye.",147,23,public_health,mosquito_breeding,0.8999999999999999,public_health,0.7567,neutral,-0.18,low,0.25,1,19.915983,79.366285,gps,17.7,"Ward 08, Chandrapur-ish",ULB_CHD,W08,Ward 08,442401,nominatim,2025-05-20 08:32:30,tg83q1,True,2025-05-20 08:29:36,True,14,1,72,4,0,0,1,0,8.0,0.528,MEDIUM,-1
PGR202500175,portal,2025-05-16 12:22:28,Asia/Kolkata,citizen,True,1,"Namaste, since yesterday. We are experiencing there is no water in the tap. groundwater is very low this season. kirpa karke madad karo.",pa,True,2025-05-16 12:23:57,asr_pa_v3,"namaste, since yesterday. we are experiencing there is no water in the tap. groundwater is very low this season. kirpa karke madad karo.",136,23,water_supply,no_supply,0.98,water_supply,0.5938,neutral,-0.18,low,0.43,1,,,gps,27.92,"Ward 20, Chandrapur-ish",ULB_CHD,W20,Ward 20,442401,nominatim,2025-05-16 12:23:59,UNKNOWN,True,2025-05-16 12:22:28,False,13,3,96,5,1,0,0,0,12.0,0.71,HIGH,-1
PGR202500176,csc,2025-04-11 06:45:28,Asia/Kolkata,citizen,True,1,"Hi, since Monday. I am reporting that a loose cable is creating a hazard. the complaint has been logged in the app. we also tried the IVR earlier. kripya madad kijiye.",hi,True,2025-04-11 06:46:10,asr_hi_v3,"hi, since monday. i am reporting that a loose cable is creating a hazard. the complaint has been logged in the app. we also tried the ivr earlier. kripya madad kijiye.",167,31,utilities_other,cable_hazard,0.75,utilities_other,0.764,neutral,-0.0,low,0.25,1,19.880313,79.326599,reverse_geocode,24.71,"Ward 13, Chandrapur-ish",ULB_CHD,W13,Ward 13,442401,nominatim,2025-04-11 06:47:37,tg83j5,True,2025-04-11 06:45:28,True,14,1,72,4,1,0,1,0,7.0,0.488,MEDIUM,-1
PGR202500177,mobile,2025-05-19 13:24:37,Asia/Kolkata,citizen,True,1,"Namaste, for 48 hours. Residents are reporting the drain is blocked and water is stagnant. the complaint has been logged in the app. kripya madad kijiye.",hi,True,2025-05-19 13:25:46,asr_hi_v3,"namaste, for 48 hours. residents are reporting the drain is blocked and water is stagnant. the complaint has been logged in the app. kripya madad kijiye.",153,26,grievance_general,information_request,0.45,grievance_general,0.5561,neutral,-0.0,low,0.25,1,19.995743,73.736062,photo_exif,20.87,"Ward 13, Nashik-ish",ULB_NAS,W13,Ward 13,422001,nominatim,2025-05-19 13:25:54,tes3vb,True,2025-05-19 13:24:37,True,16,1,48,3,0,0,1,0,6.0,0.368,MEDIUM,-1
PGR202500178,portal,2025-02-25 04:34:42,Asia/Kolkata,citizen,True,1,"Good morning, since yesterday. there is a strong smell from the open drain. the complaint has been logged in the app. krupaya sahayya kara.",mr,True,2025-02-25 04:36:27,asr_mr_v3,"good morning, since yesterday. there is a strong smell from the open drain. the complaint has been logged in the app. krupaya sahayya kara.",139,24,grievance_general,information_request,0.45,grievance_general,0.5129,neutral,-0.0,low,0.25,1,19.892039,75.295687,photo_exif,22.07,"Ward 08, Aurangabad-ish",ULB_AUR,W08,Ward 08,431001,nominatim,2025-02-25 04:35:16,tet91m,True,2025-02-25 04:34:42,True,18,1,48,4,0,0,1,0,12.0,0.37,MEDIUM,-1
PGR202500179,csc,2025-06-16 02:14:16,Asia/Kolkata,citizen,True,1,"Good morning, for almost a week. I am reporting that the streetlight near our lane is not working. the complaint has been logged in the app. kripya madad kijiye.",hi,True,2025-06-16 02:14:24,asr_hi_v3,"good morning, for almost a week. i am reporting that the streetlight near our lane is not working. the complaint has been logged in the app. kripya madad kijiye.",161,29,streetlights,lamp_faulty,0.75,streetlights,0.8658,neutral,-0.0,low,0.25,1,19.962909,79.30689,gps,26.78,"Ward 08, Chandrapur-ish",ULB_CHD,W08,Ward 08,442401,nominatim,2025-06-16 02:15:41,tg83sd,True,2025-06-16 02:14:16,True,14,1,48,5,0,0,0,0,8.0,0.288,LOW,-1
PGR202500180,ivr,2025-04-17 03:45:39,Asia/Kolkata,citizen,True,1,"Ji, since Monday. Residents are reporting resurfacing has been pending for many weeks. dayavittu sahaya maadi.",kn,True,2025-04-17 03:46:50,asr_kn_v3,"ji, since monday. residents are reporting resurfacing has been pending for many weeks. dayavittu sahaya maadi.",110,16,grievance_general,information_request,0.45,grievance_general,0.6195,neutral,-0.0,low,0.25,1,19.978012,73.727621,gps,15.59,"Ward 14, Nashik-ish",ULB_NAS,W14,Ward 14,422001,nominatim,2025-04-17 03:47:49,tes3ts,True,2025-04-17 03:45:39,True,15,1,24,5,1,0,0,0,11.0,0.41,MEDIUM,-1
PGR202500181,csc,2025-06-21 16:59:05,Asia/Kolkata,citizen,True,1,"Good evening, for two days. We are experiencing an electrical cabinet is open near the path. we also tried the IVR earlier. please help.",en,True,2025-06-21 17:00:21,asr_en_v3,"good evening, for two days. we are experiencing an electrical cabinet is open near the path. we also tried the ivr earlier. please help.",136,24,grievance_general,information_request,0.45,grievance_general,0.517,neutral,-0.18,low,0.25,1,19.835529,75.255966,gps,16.36,"Ward 01, Aurangabad-ish",ULB_AUR,W01,Ward 01,431001,nominatim,2025-06-21 17:00:18,tet8b6,True,2025-06-21 16:59:05,True,8,1,24,4,1,0,1,0,11.0,0.49,MEDIUM,grievance_general_15
PGR202500182,mobile,2025-02-23 20:19:24,Asia/Kolkata,citizen,True,1,"Namaste, for almost a week. We are experiencing illegal parking is blocking the lane. krupaya sahayya kara.",mr,True,2025-02-23 20:20:45,asr_mr_v3,"namaste, for almost a week. we are experiencing illegal parking is blocking the lane. krupaya sahayya kara.",107,17,traffic,illegal_parking,0.8999999999999999,traffic,0.8719,neutral,-0.0,low,0.25,1,19.846219,75.430391,gps,45.61,"Ward 05, Aurangabad-ish",ULB_AUR,W05,Ward 05,431001,nominatim,2025-02-23 20:21:20,tet8uk,True,2025-02-23 20:19:24,True,17,1,96,5,0,0,0,0,11.0,0.29,LOW,-1
PGR202500183,mobile,2025-04-16 14:23:17,Asia/Kolkata,citizen,True,1,"Hello, for almost a week. Residents are reporting the septic tank has overflowed onto the street. krupaya sahayya kara.",mr,True,2025-04-16 14:24:32,asr_mr_v3,"hello, for almost a week. residents are reporting the septic tank has overflowed onto the street. krupaya sahayya kara.",119,19,sanitation,septic_overflow,0.75,sanitation,0.8421,neutral,-0.18,low,0.43,1,20.074704,73.774401,reverse_geocode,60.66,"Ward 13, Nashik-ish",ULB_NAS,W13,Ward 13,422001,nominatim,2025-04-16 14:24:47,tes6ny,True,2025-04-16 14:23:17,True,16,1,96,3,0,0,1,0,7.0,0.568,MEDIUM,-1
PGR202500184,mobile,2025-05-16 10:45:11,Asia/Kolkata,citizen,True,1,"Good evening, since yesterday. Residents are reporting staff behaviour was unhelpful at the office. the complaint has been logged in the app. dayavittu sahaya maadi.",kn,True,2025-05-16 10:45:21,asr_kn_v3,"good evening, since yesterday. residents are reporting staff behaviour was unhelpful at the office. the complaint has been logged in the app. dayavittu sahaya maadi.",165,25,grievance_general,staff_behavior,0.75,grievance_general,0.5597,neutral,-0.18,low,0.25,1,19.886375,75.363472,gps,3.0,"Ward 13, Aurangabad-ish",ULB_AUR,W13,Ward 13,431001,nominatim,2025-05-16 10:46:25,tet94u,True,2025-05-16 10:45:11,True,16,1,24,5,0,0,0,0,10.0,0.289,LOW,-1
PGR202500185,mobile,2025-04-16 08:15:10,Asia/Kolkata,citizen,False,1,"Ji, for 48 hours. Residents are reporting an old building has a dangerous cracked wall. the complaint has been logged in the app. please help.",en,True,2025-04-16 08:17:01,asr_en_v3,"ji, for 48 hours. residents are reporting an old building has a dangerous cracked wall. the complaint has been logged in the app. please help.",142,25,building_safety,dangerous_structure,0.98,building_safety,0.8355,negative,-0.36,low,0.43,1,19.924311,75.297258,reverse_geocode,3.0,"Ward 02, Aurangabad-ish",ULB_AUR,W02,Ward 02,431001,nominatim,2025-04-16 08:16:10,tet937,True,2025-04-16 08:15:10,True,14,1,24,3,0,0,1,0,4.0,0.566,MEDIUM,-1
PGR202500186,portal,2025-04-08 22:09:44,Asia/Kolkata,citizen,True,1,"Hi, since yesterday. We are experiencing waterlogging is happening after even light rain. kripya madad kijiye.",hi,True,2025-04-08 22:11:43,asr_hi_v3,"hi, since yesterday. we are experiencing waterlogging is happening after even light rain. kripya madad kijiye.",110,16,drainage,waterlogging,0.75,drainage,0.8094,neutral,-0.0,low,0.25,1,19.844458,75.310357,manual,5.64,"Ward 16, Aurangabad-ish",ULB_AUR,W16,Ward 16,431001,nominatim,2025-04-08 22:10:45,tet8cs,True,2025-04-08 22:09:44,True,12,1,24,4,0,0,1,0,11.0,0.53,MEDIUM,drainage_0
PGR202500187,portal,2025-02-25 22:22:14,Asia/Kolkata,citizen,True,1,"Hi, for almost a week. Residents are reporting illegal parking is blocking the lane. we also tried the IVR earlier. kripya madad kijiye.",hi,True,2025-02-25 22:23:14,asr_hi_v3,"hi, for almost a week. residents are reporting illegal parking is blocking the lane. we also tried the ivr earlier. kripya madad kijiye.",136,23,traffic,illegal_parking,0.8999999999999999,traffic,0.8098,neutral,-0.0,low,0.25,1,19.885722,79.297203,gps,18.45,"Ward 11, Chandrapur-ish",ULB_CHD,W11,Ward 11,442401,nominatim,2025-02-25 22:23:14,tg83hk,True,2025-02-25 22:22:14,True,19,1,96,6,1,1,0,0,54.0,0.428,MEDIUM,-1
PGR202500188,csc,2025-03-30 03:40:34,Asia/Kolkata,citizen,True,1,"Ji, in Chandrapur near Ward 05, for two days. Residents are reporting there is a strong smell from the open drain. the complaint has been logged in the app. we also tried the IVR earlier. kripya madad kijiye.",hi,True,2025-03-30 03:42:02,asr_hi_v3,"ji, in chandrapur near ward 05, for two days. residents are reporting there is a strong smell from the open drain. the complaint has been logged in the app. we also tried the ivr earlier. kripya madad kijiye.",208,38,grievance_general,information_request,0.45,grievance_general,0.4381,neutral,-0.0,low,0.25,1,20.002908,79.386798,gps,33.44,"Ward 05, Chandrapur-ish",ULB_CHD,W05,Ward 05,442401,nominatim,2025-03-30 03:42:49,tg83y3,True,2025-03-30 03:40:34,True,20,1,24,5,1,0,0,0,12.0,0.41,MEDIUM,-1
PGR202500189,ivr,2025-03-08 19:33:30,Asia/Kolkata,citizen,True,1,"Hi, for the past three days. a loose cable is creating a hazard. roz subah tap dry milta hai. kripya madad kijiye.",hi,True,2025-03-08 19:33:40,asr_hi_v3,"hi, for the past three days. a loose cable is creating a hazard. roz subah tap dry milta hai. kripya madad kijiye.",114,22,water_supply,no_supply,0.75,utilities_other,0.416,neutral,-0.0,low,0.43,1,19.895349,79.318709,gps,28.87,"Ward 16, Chandrapur-ish",ULB_CHD,W16,Ward 16,442401,nominatim,2025-03-08 19:34:43,tg83hv,True,2025-03-08 19:33:30,True,11,2,48,3,0,0,1,0,6.0,0.617,HIGH,-1
PGR202500190,portal,2025-03-18 05:26:36,Asia/Kolkata,citizen,False,1,"Hello, since Monday. I am reporting that a loose cable is creating a hazard. krupaya sahayya kara.",mr,True,2025-03-18 05:28:06,asr_mr_v3,"hello, since monday. i am reporting that a loose cable is creating a hazard. krupaya sahayya kara.",98,17,utilities_other,cable_hazard,0.75,utilities_other,0.8383,neutral,-0.0,low,0.25,1,19.857202,75.347872,gps,22.58,"Ward 20, Aurangabad-ish",ULB_AUR,W20,Ward 20,431001,nominatim,2025-03-18 05:28:54,tet8fw,True,2025-03-18 05:26:36,True,12,1,24,3,0,0,1,0,5.0,0.367,MEDIUM,-1
PGR202500191,csc,2025-05-14 13:19:19,Asia/Kolkata,citizen,True,1,"Hi, for 48 hours. We are experiencing hawkers have encroached on the footpath. krupaya sahayya kara.",mr,True,2025-05-14 13:20:11,asr_mr_v3,"hi, for 48 hours. we are experiencing hawkers have encroached on the footpath. krupaya sahayya kara.",100,16,grievance_general,information_request,0.45,grievance_general,0.4993,neutral,-0.0,low,0.25,1,20.033208,73.704052,gps,27.93,"Ward 09, Nashik-ish",ULB_NAS,W09,Ward 09,422001,nominatim,2025-05-14 13:20:28,tes3vn,True,2025-05-14 13:19:19,True,18,1,24,5,1,0,0,0,13.0,0.41,MEDIUM,-1
PGR202500192,mobile,2025-05-06 13:01:01,Asia/Kolkata,citizen,True,1,"Hello, for two days. Residents are reporting the dispensary was closed during working hours. groundwater is very low this season. the complaint has been logged in the app. krupaya sahayya kara.",mr,True,2025-05-06 13:02:25,asr_mr_v3,"hello, for two days. residents are reporting the dispensary was closed during working hours. groundwater is very low this season. the complaint has been logged in the app. krupaya sahayya kara.",193,31,grievance_general,information_request,0.45,grievance_general,0.2983,neutral,-0.0,low,0.25,1,19.997914,79.39605,reverse_geocode,9.62,"Ward 06, Chandrapur-ish",ULB_CHD,W06,Ward 06,442401,nominatim,2025-05-06 13:02:13,tg83y8,True,2025-05-06 13:01:01,True,17,1,24,4,0,0,1,0,7.0,0.368,MEDIUM,-1
PGR202500193,mobile,2025-05-03 01:54:25,Asia/Kolkata,citizen,True,1,"Ji, for the past three days. Residents are reporting there is no water in the tap. krupaya sahayya kara.",mr,True,2025-05-03 01:55:20,asr_mr_v3,"ji, for the past three days. residents are reporting there is no water in the tap. krupaya sahayya kara.",104,19,water_supply,no_supply,0.98,water_supply,0.5022,neutral,-0.18,medium,0.61,1,,,gps,16.34,"Ward 06, Nashik-ish",ULB_NAS,W06,Ward 06,422001,nominatim,2025-05-03 01:57:12,UNKNOWN,True,2025-05-03 01:54:25,False,17,3,72,5,1,0,0,0,12.0,0.749,HIGH,-1
PGR202500194,portal,2025-03-27 06:31:31,Asia/Kolkata,citizen,True,1,"Good evening, for almost a week. I am reporting that the septic tank has overflowed onto the street. the complaint has been logged in the app. krupaya sahayya kara.",mr,True,2025-03-27 06:32:11,asr_mr_v3,"good evening, for almost a week. i am reporting that the septic tank has overflowed onto the street. the complaint has been logged in the app. krupaya sahayya kara.",164,29,sanitation,septic_overflow,0.75,sanitation,0.8037,neutral,-0.18,low,0.43,1,19.953917,79.300141,reverse_geocode,19.7,"Ward 12, Chandrapur-ish",ULB_CHD,W12,Ward 12,442401,nominatim,2025-03-27 06:34:11,tg83s8,True,2025-03-27 06:31:31,True,17,1,24,4,1,0,1,0,7.0,0.688,HIGH,-1
PGR202500195,ivr,2025-06-24 22:53:34,Asia/Kolkata,citizen,True,1,"Good morning, since yesterday. I am reporting that garbage pickup has been missed repeatedly. the complaint has been logged in the app. krupaya sahayya kara.",mr,True,2025-06-24 22:53:45,asr_mr_v3,"good morning, since yesterday. i am reporting that garbage pickup has been missed repeatedly. the complaint has been logged in the app. krupaya sahayya kara.",157,25,solid_waste,missed_pickup,0.75,solid_waste,0.778,negative,-0.36,low,0.25,1,19.822347,75.366813,manual,3.76,"Ward 01, Aurangabad-ish",ULB_AUR,W01,Ward 01,431001,nominatim,2025-06-24 22:54:58,tet8g0,True,2025-06-24 22:53:34,True,8,1,48,4,1,0,1,0,13.0,0.49,MEDIUM,-1
PGR202500196,mobile,2025-02-14 03:32:22,Asia/Kolkata,citizen,True,1,"Namaste, since last night. I am reporting that there are big potholes on the road. the complaint has been logged in the app. we also tried the IVR earlier. please help.",en,True,2025-02-14 03:33:16,asr_en_v3,"namaste, since last night. i am reporting that there are big potholes on the road. the complaint has been logged in the app. we also tried the ivr earlier. please help.",168,31,roads,potholes,0.75,roads,0.7926,neutral,-0.18,low,0.25,1,19.956741,73.864901,manual,3.0,"Ward 10, Nashik-ish",ULB_NAS,W10,Ward 10,422001,nominatim,2025-02-14 03:33:25,tes98c,True,2025-02-14 03:32:22,True,11,1,48,5,0,0,0,0,12.0,0.29,LOW,-1
PGR202500197,portal,2025-03-24 09:19:36,Asia/Kolkata,citizen,True,1,"Ji, for almost a week. I am reporting that the wash area is broken and unclean. dayavittu sahaya maadi.",kn,True,2025-03-24 09:21:18,asr_kn_v3,"ji, for almost a week. i am reporting that the wash area is broken and unclean. dayavittu sahaya maadi.",103,19,grievance_general,information_request,0.45,grievance_general,0.478,neutral,-0.18,low,0.25,1,19.863137,75.332951,reverse_geocode,3.18,"Ward 01, Aurangabad-ish",ULB_AUR,W01,Ward 01,431001,nominatim,2025-03-24 09:21:50,tet8fp,True,2025-03-24 09:19:36,True,8,1,72,5,0,0,0,0,10.0,0.289,LOW,-1
PGR202500198,portal,2025-02-18 16:49:16,Asia/Kolkata,citizen,True,1,"Good evening, for two days. Residents are reporting waterlogging is happening after even light rain. the complaint has been logged in the app. please help.",en,True,2025-02-18 16:51:15,asr_en_v3,"good evening, for two days. residents are reporting waterlogging is happening after even light rain. the complaint has been logged in the app. please help.",155,25,drainage,waterlogging,0.75,drainage,0.7702,neutral,-0.18,low,0.25,1,19.925804,79.395403,gps,31.46,"Ward 01, Chandrapur-ish",ULB_CHD,W01,Ward 01,442401,nominatim,2025-02-18 16:49:47,tg83qe,True,2025-02-18 16:49:16,True,20,1,24,5,0,0,0,0,11.0,0.45,MEDIUM,-1
PGR202500199,mobile,2025-03-23 20:11:51,Asia/Kolkata,citizen,True,1,"Hi, since Monday. tap pressure is very low. it feels like a drought and the borewell is almost dry. the complaint has been logged in the app. krupaya sahayya kara.",mr,True,2025-03-23 20:12:12,asr_mr_v3,"hi, since monday. tap pressure is very low. it feels like a drought and the borewell is almost dry. the complaint has been logged in the app. krupaya sahayya kara.",163,30,water_supply,no_supply,0.75,water_supply,0.5326,neutral,-0.0,low,0.25,1,19.976238,73.730262,gps,23.68,"Ward 09, Nashik-ish",ULB_NAS,W09,Ward 09,422001,nominatim,2025-03-23 20:13:24,tes3tu,True,2025-03-23 20:11:51,True,18,1,48,5,1,0,0,0,16.0,0.572,MEDIUM,-1
PGR202500200,portal,2025-06-25 06:49:52,Asia/Kolkata,citizen,True,1,"Hi, for 48 hours. We are experiencing the drain is blocked and water is stagnant. the complaint has been logged in the app. kripya madad kijiye.",hi,True,2025-06-25 06:51:04,asr_hi_v3,"hi, for 48 hours. we are experiencing the drain is blocked and water is stagnant. the complaint has been logged in the app. kripya madad kijiye.",144,26,grievance_general,information_request,0.45,grievance_general,0.5353,neutral,-0.0,low,0.25,1,19.903174,79.348779,gps,29.17,"Ward 15, Chandrapur-ish",ULB_CHD,W15,Ward 15,442401,nominatim,2025-06-25 06:51:47,tg83jx,True,2025-06-25 06:49:52,True,14,1,24,3,0,0,1,0,6.0,0.368,MEDIUM,grievance_general_8
PGR202500201,ivr,2025-03-27 22:32:55,Asia/Kolkata,citizen,True,1,"Ji, for two days. Residents are reporting tap pressure is very low. kripya madad kijiye.",hi,True,2025-03-27 22:34:37,asr_hi_v3,"ji, for two days. residents are reporting tap pressure is very low. kripya madad kijiye.",88,15,water_supply,no_supply,0.75,water_supply,0.5776,neutral,-0.0,low,0.25,1,19.948784,75.297095,photo_exif,7.59,"Ward 18, Aurangabad-ish",ULB_AUR,W18,Ward 18,431001,nominatim,2025-03-27 22:35:03,tet93r,True,2025-03-27 22:32:55,True,13,1,48,3,0,0,1,0,5.0,0.527,MEDIUM,water_supply_4
PGR202500202,portal,2025-06-17 06:53:24,Asia/Kolkata,citizen,True,1,"Hi, since Monday. the bin is overflowing and animals gather there. the complaint has been logged in the app. krupaya sahayya kara.",mr,True,2025-06-17 06:54:31,asr_mr_v3,"hi, since monday. the bin is overflowing and animals gather there. the complaint has been logged in the app. krupaya sahayya kara.",130,22,drainage,manhole_overflow,0.75,drainage,0.821,neutral,-0.18,low,0.43,1,20.085843,73.755723,photo_exif,3.0,"Ward 02, Nashik-ish",ULB_NAS,W02,Ward 02,422001,nominatim,2025-06-17 06:54:01,tes6q2,True,2025-06-17 06:53:24,True,16,1,48,5,1,0,0,0,11.0,0.609,HIGH,-1
PGR202500203,mobile,2025-04-16 06:14:10,Asia/Kolkata,citizen,True,1,"Namaste, for 48 hours. We are experiencing the pole looks damaged and wires are exposed. garami madhe jalsankat aahe. krupaya sahayya kara.",mr,True,2025-04-16 06:15:58,asr_mr_v3,"namaste, for 48 hours. we are experiencing the pole looks damaged and wires are exposed. garami madhe jalsankat aahe. krupaya sahayya kara.",139,22,utilities_other,cable_hazard,0.75,utilities_other,0.7144,neutral,-0.0,low,0.25,1,20.047185,73.7081,gps,29.95,"Ward 05, Nashik-ish",ULB_NAS,W05,Ward 05,422001,nominatim,2025-04-16 06:14:30,tes6j3,True,2025-04-16 06:14:10,True,23,1,72,4,0,0,1,0,10.0,0.369,MEDIUM,-1
PGR202500204,ivr,2025-05-16 22:56:43,Asia/Kolkata,citizen,True,1,"Hello, for almost a week. Residents are reporting the manhole is overflowing on the street. kripya madad kijiye.",hi,True,2025-05-16 22:58:01,asr_hi_v3,"hello, for almost a week. residents are reporting the manhole is overflowing on the street. kripya madad kijiye.",112,18,drainage,manhole_overflow,0.8999999999999999,drainage,0.7059,neutral,-0.18,low,0.43,1,20.024348,73.830914,gps,21.68,"Ward 09, Nashik-ish",ULB_NAS,W09,Ward 09,422001,nominatim,2025-05-16 22:57:47,tes9bj,True,2025-05-16 22:56:43,True,18,1,96,3,0,0,1,0,3.0,0.566,MEDIUM,-1
PGR202500205,mobile,2025-04-10 14:42:10,Asia/Kolkata,citizen,True,1,"Namaste, since last night. We are experiencing a license check is required for these stalls. dayavittu sahaya maadi.",kn,True,2025-04-10 14:43:08,asr_kn_v3,"namaste, since last night. we are experiencing a license check is required for these stalls. dayavittu sahaya maadi.",116,18,markets,license_check,0.75,markets,0.8654,neutral,-0.0,low,0.25,1,19.955085,79.285675,gps,38.37,"Ward 12, Chandrapur-ish",ULB_CHD,W12,Ward 12,442401,nominatim,2025-04-10 14:42:49,tg83s0,True,2025-04-10 14:42:10,True,17,1,72,3,0,0,1,0,5.0,0.367,MEDIUM,-1
PGR202500206,ivr,2025-03-12 21:07:54,Asia/Kolkata,agent,True,1,"Hi, since yesterday. I am reporting that the bin is overflowing and animals gather there. the complaint has been logged in the app. krupaya sahayya kara.",mr,True,2025-03-12 21:09:45,asr_mr_v3,"hi, since yesterday. i am reporting that the bin is overflowing and animals gather there. the complaint has been logged in the app. krupaya sahayya kara.",153,26,drainage,manhole_overflow,0.75,drainage,0.8118,neutral,-0.18,low,0.43,1,19.924275,75.444027,gps,7.35,"Ward 20, Aurangabad-ish",ULB_AUR,W20,Ward 20,431001,nominatim,2025-03-12 21:09:35,tet9kg,True,2025-03-12 21:07:54,True,12,1,72,4,0,0,1,0,5.0,0.567,MEDIUM,-1
PGR202500207,mobile,2025-05-26 15:13:32,Asia/Kolkata,citizen,True,1,"Hello, in Nashik near Ward 14, for almost a week. Residents are reporting a service request has no update. kripya madad kijiye.",hi,True,2025-05-26 15:15:15,asr_hi_v3,"hello, in nashik near ward 14, for almost a week. residents are reporting a service request has no update. kripya madad kijiye.",127,22,grievance_general,information_request,0.45,grievance_general,0.4342,neutral,-0.0,low,0.25,1,20.018879,73.827184,photo_exif,32.65,"Ward 14, Nashik-ish",ULB_NAS,W14,Ward 14,422001,nominatim,2025-05-26 15:16:19,tes3zu,True,2025-05-26 15:13:32,True,15,2,24,4,0,0,1,0,11.0,0.42,MEDIUM,-1
PGR202500208,portal,2025-06-26 09:02:04,Asia/Kolkata,citizen,True,1,"Hello, for 48 hours. the pole looks damaged and wires are exposed. please help.",en,True,2025-06-26 09:02:42,asr_en_v3,"hello, for 48 hours. the pole looks damaged and wires are exposed. please help.",79,14,utilities_other,cable_hazard,0.75,utilities_other,0.8659,neutral,-0.18,low,0.25,1,19.918562,75.298298,gps,6.67,"Ward 11, Aurangabad-ish",ULB_AUR,W11,Ward 11,431001,nominatim,2025-06-26 09:03:09,tet936,True,2025-06-26 09:02:04,True,18,1,24,7,1,1,0,0,42.0,0.422,MEDIUM,-1
PGR202500209,mobile,2025-03-12 12:41:21,Asia/Kolkata,citizen,True,1,"Good morning, since yesterday. the community tap is dry in the morning. please help.",en,True,2025-03-12 12:42:04,asr_en_v3,"good morning, since yesterday. the community tap is dry in the morning. please help.",84,14,water_supply,no_supply,0.75,water_supply,0.6934,neutral,-0.18,low,0.25,1,20.001023,79.29203,gps,35.73,"Ward 02, Chandrapur-ish",ULB_CHD,W02,Ward 02,442401,nominatim,2025-03-12 12:42:53,tg83u3,True,2025-03-12 12:41:21,True,18,2,24,5,1,0,0,0,11.0,0.62,HIGH,water_supply_8
PGR202500210,mobile,2025-05-28 19:30:10,Asia/Kolkata,contractor,False,1,"Good evening, for the past three days. We are experiencing the drain is blocked and water is stagnant. the complaint has been logged in the app. we also tried the IVR earlier. krupaya sahayya kara.",mr,True,2025-05-28 19:31:12,asr_mr_v3,"good evening, for the past three days. we are experiencing the drain is blocked and water is stagnant. the complaint has been logged in the app. we also tried the ivr earlier. krupaya sahayya kara.",197,35,grievance_general,information_request,0.45,grievance_general,0.4853,neutral,-0.0,low,0.43,1,19.988616,79.266815,gps,68.12,"Ward 02, Chandrapur-ish",ULB_CHD,W02,Ward 02,442401,nominatim,2025-05-28 19:31:04,tg83ey,True,2025-05-28 19:30:10,True,18,2,24,5,0,0,0,0,10.0,0.379,MEDIUM,grievance_general_1
PGR202500211,ivr,2025-03-12 04:06:14,Asia/Kolkata,citizen,True,1,"Ji, since yesterday. the road surface is broken at the crossing. please help.",en,True,2025-03-12 04:06:48,asr_en_v3,"ji, since yesterday. the road surface is broken at the crossing. please help.",77,13,roads,resurfacing,0.75,roads,0.8638,negative,-0.36,low,0.25,1,19.843258,75.356724,gps,14.1,"Ward 04, Aurangabad-ish",ULB_AUR,W04,Ward 04,431001,nominatim,2025-03-12 04:06:41,tet8fu,True,2025-03-12 04:06:14,True,13,1,48,4,0,0,1,0,9.0,0.369,MEDIUM,-1
PGR202500212,mobile,2025-05-19 12:48:16,Asia/Kolkata,citizen,True,1,"Hello, since yesterday. We are experiencing garbage pickup has been missed repeatedly. krupaya sahayya kara.",mr,True,2025-05-19 12:49:40,asr_mr_v3,"hello, since yesterday. we are experiencing garbage pickup has been missed repeatedly. krupaya sahayya kara.",108,15,solid_waste,missed_pickup,0.75,solid_waste,0.824,negative,-0.36,low,0.25,1,19.953489,79.377565,gps,30.43,"Ward 14, Chandrapur-ish",ULB_CHD,W14,Ward 14,442401,nominatim,2025-05-19 12:50:28,tg83w2,True,2025-05-19 12:48:16,True,18,1,48,5,1,0,0,0,13.0,0.41,MEDIUM,-1
PGR202500213,mobile,2025-05-30 08:25:24,Asia/Kolkata,agent,True,1,"Namaste, for 48 hours. tap pressure is very low. pani ki kami ho rahi hai please arrange tankers. krupaya sahayya kara.",mr,True,2025-05-30 08:26:57,asr_mr_v3,"namaste, for 48 hours. tap pressure is very low. pani ki kami ho rahi hai please arrange tankers. krupaya sahayya kara.",119,21,water_supply,no_supply,0.98,water_supply,0.8601,neutral,-0.18,low,0.25,1,20.019458,79.266082,manual,7.12,"Ward 07, Chandrapur-ish",ULB_CHD,W07,Ward 07,442401,nominatim,2025-05-30 08:26:25,tg83gs,True,2025-05-30 08:25:24,True,16,1,48,5,0,0,0,0,8.0,0.448,MEDIUM,-1
PGR202500214,mobile,2025-04-09 09:42:04,Asia/Kolkata,citizen,True,1,"Good evening, since yesterday. We are experiencing the whole stretch is dark after evening. the complaint has been logged in the app. please help.",en,True,2025-04-09 09:43:51,asr_en_v3,"good evening, since yesterday. we are experiencing the whole stretch is dark after evening. the complaint has been logged in the app. please help.",146,24,grievance_general,information_request,0.45,grievance_general,0.5503,neutral,-0.18,low,0.25,1,19.840708,75.32152,gps,26.4,"Ward 05, Aurangabad-ish",ULB_AUR,W05,Ward 05,431001,nominatim,2025-04-09 09:43:51,tet8cg,True,2025-04-09 09:42:04,True,17,1,72,5,0,0,0,0,7.0,0.288,LOW,-1
PGR202500215,portal,2025-05-22 12:54:37,Asia/Kolkata,citizen,True,1,"Good evening, for two days. there is illegal construction on the terrace. we also tried the IVR earlier. kripya madad kijiye.",hi,True,2025-05-22 12:55:35,asr_hi_v3,"good evening, for two days. there is illegal construction on the terrace. we also tried the ivr earlier. kripya madad kijiye.",125,21,building_safety,illegal_construction,0.75,building_safety,0.7328,neutral,-0.0,low,0.25,1,19.947049,79.324086,reverse_geocode,16.9,"Ward 14, Chandrapur-ish",ULB_CHD,W14,Ward 14,442401,nominatim,2025-05-22 12:56:46,tg83mp,True,2025-05-22 12:54:37,True,18,1,48,4,0,0,1,0,6.0,0.527,MEDIUM,-1
PGR202500216,csc,2025-03-13 20:04:10,Asia/Kolkata,citizen,True,1,"Ji, since yesterday. I am reporting that the bin is overflowing and animals gather there. we also tried the IVR earlier. kripya madad kijiye.",hi,True,2025-03-13 20:06:00,asr_hi_v3,"ji, since yesterday. i am reporting that the bin is overflowing and animals gather there. we also tried the ivr earlier. kripya madad kijiye.",141,24,drainage,manhole_overflow,0.75,drainage,0.7543,neutral,-0.18,low,0.43,1,19.999867,79.365584,gps,21.95,"Ward 17, Chandrapur-ish",ULB_CHD,W17,Ward 17,442401,nominatim,2025-03-13 20:06:44,tg83y0,True,2025-03-13 20:04:10,True,13,1,72,3,0,0,1,0,4.0,0.566,MEDIUM,-1
PGR202500217,whatsapp,2025-02-12 21:18:45,Asia/Kolkata,citizen,True,1,"Namaste, for the past three days. garbage pickup has been missed repeatedly. dayavittu sahaya maadi.",kn,True,2025-02-12 21:20:01,asr_kn_v3,"namaste, for the past three days. garbage pickup has been missed repeatedly. dayavittu sahaya maadi.",100,15,solid_waste,missed_pickup,0.75,solid_waste,0.6869,negative,-0.36,low,0.43,1,19.952828,73.791004,gps,6.32,"Ward 09, Nashik-ish",ULB_NAS,W09,Ward 09,422001,nominatim,2025-02-12 21:19:34,tes3x0,True,2025-02-12 21:18:45,True,18,1,72,3,1,0,1,0,6.0,0.527,MEDIUM,-1
PGR202500218,mobile,2025-02-15 11:00:26,Asia/Kolkata,citizen,True,1,"Good evening, since last night. Residents are reporting the whole stretch is dark after evening. please help.",en,True,2025-02-15 11:01:05,asr_en_v3,"good evening, since last night. residents are reporting the whole stretch is dark after evening. please help.",109,17,grievance_general,information_request,0.45,grievance_general,0.6006,neutral,-0.18,low,0.25,1,19.96653,79.319059,gps,31.71,"Ward 18, Chandrapur-ish",ULB_CHD,W18,Ward 18,442401,nominatim,2025-02-15 11:02:18,tg83sf,True,2025-02-15 11:00:26,True,11,2,72,5,0,0,0,0,10.0,0.339,LOW,grievance_general_7
PGR202500219,portal,2025-04-09 01:17:06,Asia/Kolkata,citizen,True,1,"Namaste, for 48 hours. I am reporting that the tanker did not arrive today. the complaint has been logged in the app. we also tried the IVR earlier. kripya madad kijiye.",hi,True,2025-04-09 01:17:56,asr_hi_v3,"namaste, for 48 hours. i am reporting that the tanker did not arrive today. the complaint has been logged in the app. we also tried the ivr earlier. kripya madad kijiye.",169,31,water_supply,no_supply,0.75,water_supply,0.5277,neutral,-0.0,low,0.25,1,19.89829,79.309621,gps,3.0,"Ward 15, Chandrapur-ish",ULB_CHD,W15,Ward 15,442401,nominatim,2025-04-09 01:19:51,tg83hw,True,2025-04-09 01:17:06,True,14,1,24,5,1,0,0,0,14.0,0.571,MEDIUM,-1
PGR202500220,mobile,2025-06-16 09:22:06,Asia/Kolkata,citizen,True,1,"Good morning, for the past three days. I am reporting that there are big potholes on the road. kripya madad kijiye.",hi,True,2025-06-16 09:22:39,asr_hi_v3,"good morning, for the past three days. i am reporting that there are big potholes on the road. kripya madad kijiye.",115,21,roads,potholes,0.75,roads,0.829,neutral,-0.0,low,0.43,1,19.937632,79.278157,gps,38.62,"Ward 15, Chandrapur-ish",ULB_CHD,W15,Ward 15,442401,nominatim,2025-06-16 09:23:43,tg83kj,True,2025-06-16 09:22:06,True,14,1,48,5,0,0,0,0,9.0,0.328,LOW,-1
PGR202500221,portal,2025-02-20 03:16:35,Asia/Kolkata,citizen,False,1,"Ji, since yesterday. tap pressure is very low. we also tried the IVR earlier. kripya madad kijiye.",hi,True,2025-02-20 03:17:02,asr_hi_v3,"ji, since yesterday. tap pressure is very low. we also tried the ivr earlier. kripya madad kijiye.",98,17,water_supply,no_supply,0.75,water_supply,0.5428,neutral,-0.0,low,0.25,1,19.985883,79.29821,gps,13.86,"Ward 18, Chandrapur-ish",ULB_CHD,W18,Ward 18,442401,nominatim,2025-02-20 03:17:01,tg83sq,True,2025-02-20 03:16:35,True,11,1,48,5,0,0,0,0,12.0,0.45,MEDIUM,water_supply_15
PGR202500222,whatsapp,2025-04-10 08:47:40,Asia/Kolkata,citizen,True,1,"Ji, in Chandrapur near Ward 04, for 48 hours. there are big potholes on the road. the complaint has been logged in the app. we also tried the IVR earlier. please help.",en,True,2025-04-10 08:48:06,asr_en_v3,"ji, in chandrapur near ward 04, for 48 hours. there are big potholes on the road. the complaint has been logged in the app. we also tried the ivr earlier. please help.",167,32,roads,potholes,0.75,roads,0.6689,neutral,-0.18,low,0.25,1,19.962458,79.32736,manual,3.0,"Ward 04, Chandrapur-ish",ULB_CHD,W04,Ward 04,442401,nominatim,2025-04-10 08:48:41,tg83t4,True,2025-04-10 08:47:40,True,19,1,96,4,0,0,1,0,12.0,0.37,MEDIUM,-1
PGR202500223,portal,2025-05-17 14:30:54,Asia/Kolkata,citizen,True,1,"Hello, for 48 hours. Residents are reporting the bin is overflowing and animals gather there. please help.",en,True,2025-05-17 14:32:39,asr_en_v3,"hello, for 48 hours. residents are reporting the bin is overflowing and animals gather there. please help.",106,17,drainage,manhole_overflow,0.75,drainage,0.8093,negative,-0.36,low,0.43,1,19.931614,75.274403,reverse_geocode,43.92,"Ward 16, Aurangabad-ish",ULB_AUR,W16,Ward 16,431001,nominatim,2025-05-17 14:33:21,tet92u,True,2025-05-17 14:30:54,True,12,1,24,3,0,0,1,0,9.0,0.568,MEDIUM,-1
PGR202500224,portal,2025-03-03 08:30:29,Asia/Kolkata,citizen,True,1,"Hi, since yesterday. I am reporting that we suspect a pipeline leak nearby. groundwater is very low this season. the complaint has been logged in the app. please help.",en,True,2025-03-03 08:32:23,asr_en_v3,"hi, since yesterday. i am reporting that we suspect a pipeline leak nearby. groundwater is very low this season. the complaint has been logged in the app. please help.",167,29,water_supply,burst_pipeline,0.75,water_supply,0.6281,neutral,-0.18,low,0.25,1,19.895997,79.295048,manual,18.99,"Ward 20, Chandrapur-ish",ULB_CHD,W20,Ward 20,442401,nominatim,2025-03-03 08:32:55,tg83hm,True,2025-03-03 08:30:29,True,13,1,24,3,0,0,1,0,8.0,0.528,MEDIUM,-1
PGR202500225,mobile,2025-05-20 05:49:07,Asia/Kolkata,citizen,True,1,"Hi, for almost a week. We are experiencing the septic tank has overflowed onto the street. the complaint has been logged in the app. krupaya sahayya kara.",mr,True,2025-05-20 05:49:46,asr_mr_v3,"hi, for almost a week. we are experiencing the septic tank has overflowed onto the street. the complaint has been logged in the app. krupaya sahayya kara.",154,27,sanitation,septic_overflow,0.75,sanitation,0.8327,neutral,-0.18,low,0.43,1,19.94037,79.294781,gps,48.61,"Ward 20, Chandrapur-ish",ULB_CHD,W20,Ward 20,442401,nominatim,2025-05-20 05:50:17,tg83kq,True,2025-05-20 05:49:07,True,13,1,24,5,0,0,0,0,17.0,0.492,MEDIUM,-1
PGR202500226,ivr,2025-03-18 21:26:37,Asia/Kolkata,citizen,True,1,"Hello, since Monday. Residents are reporting the whole stretch is dark after evening. krupaya sahayya kara.",mr,True,2025-03-18 21:28:04,asr_mr_v3,"hello, since monday. residents are reporting the whole stretch is dark after evening. krupaya sahayya kara.",107,16,grievance_general,information_request,0.45,grievance_general,0.6639,neutral,-0.0,low,0.25,1,19.986846,79.28679,reverse_geocode,38.32,"Ward 12, Chandrapur-ish",ULB_CHD,W12,Ward 12,442401,nominatim,2025-03-18 21:27:28,tg83sn,True,2025-03-18 21:26:37,True,17,1,24,3,0,0,1,0,8.0,0.368,MEDIUM,grievance_general_1
PGR202500227,portal,2025-06-02 07:10:42,Asia/Kolkata,citizen,True,1,"Good morning, since Monday. Residents are reporting waterlogging is happening after even light rain. krupaya sahayya kara.",mr,True,2025-06-02 07:10:56,asr_mr_v3,"good morning, since monday. residents are reporting waterlogging is happening after even light rain. krupaya sahayya kara.",122,17,drainage,waterlogging,0.75,drainage,0.7936,neutral,-0.0,low,0.25,1,19.962716,73.78276,reverse_geocode,8.03,"Ward 16, Nashik-ish",ULB_NAS,W16,Ward 16,422001,nominatim,2025-06-02 07:11:48,tes3wf,True,2025-06-02 07:10:42,True,19,1,72,4,1,0,1,0,8.0,0.648,HIGH,-1
PGR202500228,mobile,2025-04-28 21:11:25,Asia/Kolkata,contractor,True,1,"Ji, for two days. We are experiencing the signal is not working at the junction. krupaya sahayya kara.",mr,True,2025-04-28 21:11:50,asr_mr_v3,"ji, for two days. we are experiencing the signal is not working at the junction. krupaya sahayya kara.",102,18,grievance_general,information_request,0.45,grievance_general,0.4592,neutral,-0.0,low,0.25,1,19.916007,75.420112,gps,18.73,"Ward 18, Aurangabad-ish",ULB_AUR,W18,Ward 18,431001,nominatim,2025-04-28 21:12:23,tet9k1,True,2025-04-28 21:11:25,True,13,1,72,7,1,1,0,0,49.0,0.425,MEDIUM,grievance_general_4
PGR202500229,mobile,2025-04-24 00:51:57,Asia/Kolkata,citizen,False,1,"Namaste, since Monday. a license check is required for these stalls. paani nahi aa raha hai. kripya madad kijiye.",hi,True,2025-04-24 00:53:22,asr_hi_v3,"namaste, since monday. a license check is required for these stalls. paani nahi aa raha hai. kripya madad kijiye.",113,19,water_supply,no_supply,0.75,markets,0.594,neutral,-0.18,low,0.25,1,20.060002,73.811577,gps,21.82,"Ward 18, Nashik-ish",ULB_NAS,W18,Ward 18,422001,nominatim,2025-04-24 00:54:15,tes6pe,True,2025-04-24 00:51:57,True,16,1,24,4,0,0,1,0,11.0,0.53,MEDIUM,-1
PGR202500230,mobile,2025-02-27 12:22:55,Asia/Kolkata,citizen,True,1,"Good evening, for almost a week. We are experiencing there is a strong smell from the open drain. the complaint has been logged in the app. summer mein dikkat ho rahi hai. kripya madad kijiye.",hi,True,2025-02-27 12:23:10,asr_hi_v3,"good evening, for almost a week. we are experiencing there is a strong smell from the open drain. the complaint has been logged in the app. summer mein dikkat ho rahi hai. kripya madad kijiye.",192,35,grievance_general,information_request,0.45,grievance_general,0.4128,neutral,-0.0,low,0.25,1,19.981387,79.352208,gps,42.89,"Ward 18, Chandrapur-ish",ULB_CHD,W18,Ward 18,442401,nominatim,2025-02-27 12:25:29,tg83tt,True,2025-02-27 12:22:55,True,11,2,48,5,0,0,0,0,12.0,0.34,LOW,grievance_general_0
PGR202500231,mobile,2025-04-11 11:32:28,Asia/Kolkata,citizen,True,1,"Hello, since Monday. We are experiencing the drain is blocked and water is stagnant. barah e karam madad karein.",ur,True,2025-04-11 11:33:04,asr_ur_v3,"hello, since monday. we are experiencing the drain is blocked and water is stagnant. barah e karam madad karein.",112,19,grievance_general,information_request,0.45,grievance_general,0.6063,neutral,-0.0,low,0.25,1,19.912811,79.332614,reverse_geocode,128.58,"Ward 17, Chandrapur-ish",ULB_CHD,W17,Ward 17,442401,nominatim,2025-04-11 11:32:55,tg83m3,True,2025-04-11 11:32:28,True,13,1,48,4,0,0,1,0,8.0,0.368,MEDIUM,-1
PGR202500232,mobile,2025-06-09 11:48:40,Asia/Kolkata,citizen,True,1,"Hi, since last night. Residents are reporting the bin is overflowing and animals gather there. the complaint has been logged in the app. kripya madad kijiye.",hi,True,2025-06-09 11:50:31,asr_hi_v3,"hi, since last night. residents are reporting the bin is overflowing and animals gather there. the complaint has been logged in the app. kripya madad kijiye.",157,26,drainage,manhole_overflow,0.75,drainage,0.7927,neutral,-0.18,low,0.43,1,20.065591,73.763424,gps,22.64,"Ward 08, Nashik-ish",ULB_NAS,W08,Ward 08,422001,nominatim,2025-06-09 11:50:58,tes6ns,True,2025-06-09 11:48:40,True,9,1,24,5,1,0,0,0,13.0,0.61,HIGH,-1
PGR202500233,portal,2025-02-03 22:17:10,Asia/Kolkata,citizen,True,1,"Hi, for two days. Residents are reporting tap pressure is very low. kripya madad kijiye.",hi,True,2025-02-03 22:17:57,asr_hi_v3,"hi, for two days. residents are reporting tap pressure is very low. kripya madad kijiye.",88,15,water_supply,no_supply,0.75,water_supply,0.5839,neutral,-0.0,low,0.25,1,19.971556,79.322222,gps,17.0,"Ward 15, Chandrapur-ish",ULB_CHD,W15,Ward 15,442401,nominatim,2025-02-03 22:19:30,tg83t5,True,2025-02-03 22:17:10,True,14,1,96,5,0,1,0,0,20.0,0.453,MEDIUM,-1
PGR202500234,portal,2025-05-25 18:40:12,Asia/Kolkata,citizen,True,1,"Good morning, for 48 hours. there are big potholes on the road. the complaint has been logged in the app. please help.",en,True,2025-05-25 18:40:35,asr_en_v3,"good morning, for 48 hours. there are big potholes on the road. the complaint has been logged in the app. please help.",118,22,roads,potholes,0.75,roads,0.8396,neutral,-0.18,low,0.25,1,19.875474,75.268011,photo_exif,19.24,"Ward 09, Aurangabad-ish",ULB_AUR,W09,Ward 09,431001,nominatim,2025-05-25 18:42:10,tet90f,True,2025-05-25 18:40:12,True,17,1,48,4,1,0,1,0,10.0,0.489,MEDIUM,-1
PGR202500235,mobile,2025-04-15 21:56:40,Asia/Kolkata,agent,True,1,"Ji, in Aurangabad near Ward 17, since Monday. I am reporting that an old building has a dangerous cracked wall. the complaint has been logged in the app. kripya madad kijiye.",hi,True,2025-04-15 21:57:58,asr_hi_v3,"ji, in aurangabad near ward 17, since monday. i am reporting that an old building has a dangerous cracked wall. the complaint has been logged in the app. kripya madad kijiye.",174,31,building_safety,dangerous_structure,0.98,building_safety,0.6925,negative,-0.36,low,0.43,1,19.899933,75.423137,gps,39.57,"Ward 17, Aurangabad-ish",ULB_AUR,W17,Ward 17,431001,nominatim,2025-04-15 21:59:19,tet9hq,True,2025-04-15 21:56:40,True,12,1,96,3,1,0,1,0,7.0,0.688,HIGH,-1
PGR202500236,portal,2025-05-19 22:03:59,Asia/Kolkata,citizen,True,1,"Good morning, for 48 hours. We are experiencing the tanker did not arrive today. the complaint has been logged in the app. we also tried the IVR earlier. krupaya sahayya kara.",mr,True,2025-05-19 22:04:25,asr_mr_v3,"good morning, for 48 hours. we are experiencing the tanker did not arrive today. the complaint has been logged in the app. we also tried the ivr earlier. krupaya sahayya kara.",175,31,water_supply,no_supply,0.75,water_supply,0.5254,neutral,-0.0,low,0.25,1,19.971215,73.773221,photo_exif,20.06,"Ward 17, Nashik-ish",ULB_NAS,W17,Ward 17,422001,nominatim,2025-05-19 22:04:25,tes3wg,True,2025-05-19 22:03:59,True,20,1,48,3,0,0,1,0,7.0,0.528,MEDIUM,-1
PGR202500237,whatsapp,2025-05-11 11:52:21,Asia/Kolkata,citizen,True,1,"Ji, since yesterday. We are experiencing an illegal dumpsite is growing near the corner. please help.",en,True,2025-05-11 11:53:18,asr_en_v3,"ji, since yesterday. we are experiencing an illegal dumpsite is growing near the corner. please help.",101,16,solid_waste,dumpsite,0.75,solid_waste,0.8357,neutral,-0.18,low,0.25,1,19.8073,75.255926,manual,14.08,"Ward 19, Aurangabad-ish",ULB_AUR,W19,Ward 19,431001,nominatim,2025-05-11 11:54:32,tet88m,True,2025-05-11 11:52:21,True,12,1,96,5,0,0,0,0,13.0,0.29,LOW,-1
PGR202500238,csc,2025-04-06 19:32:05,Asia/Kolkata,citizen,True,1,"Namaste, for 48 hours. Residents are reporting waterlogging is happening after even light rain. the complaint has been logged in the app. kripya madad kijiye.",hi,True,2025-04-06 19:33:34,asr_hi_v3,"namaste, for 48 hours. residents are reporting waterlogging is happening after even light rain. the complaint has been logged in the app. kripya madad kijiye.",158,25,drainage,waterlogging,0.75,drainage,0.7688,neutral,-0.0,low,0.25,1,20.018552,79.324021,manual,11.53,"Ward 12, Chandrapur-ish",ULB_CHD,W12,Ward 12,442401,nominatim,2025-04-06 19:32:45,tg83vh,True,2025-04-06 19:32:05,True,17,1,24,4,0,0,1,0,8.0,0.528,MEDIUM,-1
PGR202500239,portal,2025-03-19 07:12:06,Asia/Kolkata,citizen,True,1,"Ji, for 48 hours. I am reporting that a loose cable is creating a hazard. the complaint has been logged in the app. kripya madad kijiye.",hi,True,2025-03-19 07:12:38,asr_hi_v3,"ji, for 48 hours. i am reporting that a loose cable is creating a hazard. the complaint has been logged in the app. kripya madad kijiye.",136,26,utilities_other,cable_hazard,0.75,utilities_other,0.8231,neutral,-0.0,low,0.25,1,19.929773,79.291232,reverse_geocode,11.69,"Ward 10, Chandrapur-ish",ULB_CHD,W10,Ward 10,442401,nominatim,2025-03-19 07:14:49,tg83kk,True,2025-03-19 07:12:06,True,13,1,72,4,1,0,1,0,8.0,0.488,MEDIUM,-1
PGR202500240,mobile,2025-05-06 02:18:41,Asia/Kolkata,citizen,False,1,"Ji, for almost a week. I am reporting that there are big potholes on the road. the complaint has been logged in the app. krupaya sahayya kara.",mr,True,2025-05-06 02:20:25,asr_mr_v3,"ji, for almost a week. i am reporting that there are big potholes on the road. the complaint has been logged in the app. krupaya sahayya kara.",142,27,roads,potholes,0.75,roads,0.8066,neutral,-0.0,low,0.25,1,19.947002,75.30045,gps,3.0,"Ward 04, Aurangabad-ish",ULB_AUR,W04,Ward 04,431001,nominatim,2025-05-06 02:20:20,tet93x,True,2025-05-06 02:18:41,True,13,1,48,4,0,0,1,0,9.0,0.369,MEDIUM,-1
PGR202500241,ivr,2025-02-22 00:48:26,Asia/Kolkata,citizen,True,1,"Good evening, for the past three days. I am reporting that a loose cable is creating a hazard. please help.",en,True,2025-02-22 00:49:50,asr_en_v3,"good evening, for the past three days. i am reporting that a loose cable is creating a hazard. please help.",107,20,utilities_other,cable_hazard,0.75,utilities_other,0.7874,neutral,-0.18,low,0.43,1,19.908856,75.306752,reverse_geocode,8.74,"Ward 13, Aurangabad-ish",ULB_AUR,W13,Ward 13,431001,nominatim,2025-02-22 00:49:00,tet938,True,2025-02-22 00:48:26,True,16,1,48,3,1,0,1,0,9.0,0.528,MEDIUM,-1
PGR202500242,mobile,2025-04-29 14:45:09,Asia/Kolkata,agent,True,1,"Good evening, for almost a week. Residents are reporting the drain is blocked and water is stagnant. we also tried the IVR earlier. krupaya sahayya kara.",mr,True,2025-04-29 14:47:00,asr_mr_v3,"good evening, for almost a week. residents are reporting the drain is blocked and water is stagnant. we also tried the ivr earlier. krupaya sahayya kara.",153,26,grievance_general,information_request,0.45,grievance_general,0.5719,neutral,-0.0,low,0.25,1,19.889869,79.352491,reverse_geocode,42.48,"Ward 12, Chandrapur-ish",ULB_CHD,W12,Ward 12,442401,nominatim,2025-04-29 14:47:28,tg83js,True,2025-04-29 14:45:09,True,17,1,48,3,0,0,1,0,6.0,0.368,MEDIUM,grievance_general_8
PGR202500243,mobile,2025-02-15 04:54:03,Asia/Kolkata,citizen,False,1,"Ji, since yesterday. I am reporting that an illegal dumpsite is growing near the corner. the complaint has been logged in the app. please help.",en,True,2025-02-15 04:55:40,asr_en_v3,"ji, since yesterday. i am reporting that an illegal dumpsite is growing near the corner. the complaint has been logged in the app. please help.",143,25,solid_waste,dumpsite,0.75,solid_waste,0.8129,neutral,-0.18,low,0.25,1,19.950245,73.83515,reverse_geocode,110.58,"Ward 11, Nashik-ish",ULB_NAS,W11,Ward 11,422001,nominatim,2025-02-15 04:56:22,tes92p,True,2025-02-15 04:54:03,True,17,1,24,5,0,0,0,0,14.0,0.291,LOW,-1
PGR202500244,ivr,2025-05-09 11:26:51,Asia/Kolkata,citizen,False,1,"Hi, since Monday. I am reporting that waterlogging is happening after even light rain. the complaint has been logged in the app. krupaya sahayya kara.",mr,True,2025-05-09 11:27:55,asr_mr_v3,"hi, since monday. i am reporting that waterlogging is happening after even light rain. the complaint has been logged in the app. krupaya sahayya kara.",150,25,drainage,waterlogging,0.75,drainage,0.7751,neutral,-0.0,low,0.25,1,19.915053,79.361916,gps,30.57,"Ward 14, Chandrapur-ish",ULB_CHD,W14,Ward 14,442401,nominatim,2025-05-09 11:28:25,tg83mc,True,2025-05-09 11:26:51,True,18,1,24,3,0,0,1,0,5.0,0.527,MEDIUM,-1
PGR202500245,portal,2025-05-06 07:28:58,Asia/Kolkata,citizen,True,1,"Good evening, since Monday. We are experiencing the public toilet is not functioning. the complaint has been logged in the app. garami madhe jalsankat aahe. krupaya sahayya kara.",mr,True,2025-05-06 07:29:09,asr_mr_v3,"good evening, since monday. we are experiencing the public toilet is not functioning. the complaint has been logged in the app. garami madhe jalsankat aahe. krupaya sahayya kara.",178,28,sanitation,public_toilet_faulty,0.75,sanitation,0.6016,neutral,-0.0,low,0.25,1,20.065463,73.844821,gps,17.18,"Ward 18, Nashik-ish",ULB_NAS,W18,Ward 18,422001,nominatim,2025-05-06 07:30:07,tesd0k,True,2025-05-06 07:28:58,True,16,1,72,4,0,0,1,0,8.0,0.528,MEDIUM,-1
PGR202500246,portal,2025-02-13 15:59:58,Asia/Kolkata,citizen,True,1,"Hello, for two days. I am reporting that hawkers have encroached on the footpath. the complaint has been logged in the app. kripya madad kijiye.",hi,True,2025-02-13 16:01:31,asr_hi_v3,"hello, for two days. i am reporting that hawkers have encroached on the footpath. the complaint has been logged in the app. kripya madad kijiye.",144,25,grievance_general,information_request,0.45,grievance_general,0.4814,neutral,-0.0,low,0.25,1,19.803673,75.390747,gps,28.52,"Ward 03, Aurangabad-ish",ULB_AUR,W03,Ward 03,431001,nominatim,2025-02-13 16:00:20,tet8et,True,2025-02-13 15:59:58,True,19,1,96,5,1,1,0,0,42.0,0.422,MEDIUM,-1
PGR202500247,portal,2025-05-25 14:57:22,Asia/Kolkata,citizen,True,1,"Good morning, since yesterday. a service request has no update. the complaint has been logged in the app. krupaya sahayya kara.",mr,True,2025-05-25 14:59:17,asr_mr_v3,"good morning, since yesterday. a service request has no update. the complaint has been logged in the app. krupaya sahayya kara.",127,21,grievance_general,information_request,0.45,grievance_general,0.485,neutral,-0.0,low,0.25,1,19.948522,75.298525,gps,17.58,"Ward 09, Aurangabad-ish",ULB_AUR,W09,Ward 09,431001,nominatim,2025-05-25 15:00:07,tet93r,True,2025-05-25 14:57:22,True,17,1,24,5,0,0,0,0,10.0,0.289,LOW,-1
PGR202500248,portal,2025-04-04 08:54:23,Asia/Kolkata,citizen,True,1,"Hello, for two days. I am reporting that the streetlight near our lane is not working. the complaint has been logged in the app. we also tried the IVR earlier. krupaya sahayya kara.",mr,True,2025-04-04 08:55:27,asr_mr_v3,"hello, for two days. i am reporting that the streetlight near our lane is not working. the complaint has been logged in the app. we also tried the ivr earlier. krupaya sahayya kara.",181,33,streetlights,lamp_faulty,0.75,streetlights,0.8604,neutral,-0.0,low,0.25,1,19.991136,73.862705,reverse_geocode,12.78,"Ward 15, Nashik-ish",ULB_NAS,W15,Ward 15,422001,nominatim,2025-04-04 08:55:12,tes98z,True,2025-04-04 08:54:23,True,14,1,48,3,0,0,1,0,8.0,0.368,MEDIUM,-1
PGR202500249,mobile,2025-05-30 00:47:27,Asia/Kolkata,citizen,True,1,"Good evening, since last night. We are experiencing the tanker did not arrive today. we also tried the IVR earlier. please help.",en,True,2025-05-30 00:48:28,asr_en_v3,"good evening, since last night. we are experiencing the tanker did not arrive today. we also tried the ivr earlier. please help.",128,22,water_supply,no_supply,0.75,water_supply,0.526,neutral,-0.18,low,0.25,1,19.82406,75.382117,manual,22.71,"Ward 17, Aurangabad-ish",ULB_AUR,W17,Ward 17,431001,nominatim,2025-05-30 00:50:01,tet8g2,True,2025-05-30 00:47:27,True,12,1,48,4,1,0,1,0,11.0,0.65,HIGH,water_supply_6
PGR202500250,mobile,2025-02-07 05:48:39,Asia/Kolkata,agent,True,1,"Good morning, for 48 hours. I am reporting that staff behaviour was unhelpful at the office. the complaint has been logged in the app. pani nahiye. krupaya sahayya kara.",mr,True,2025-02-07 05:50:07,asr_mr_v3,"good morning, for 48 hours. i am reporting that staff behaviour was unhelpful at the office. the complaint has been logged in the app. pani nahiye. krupaya sahayya kara.",169,29,grievance_general,staff_behavior,0.75,grievance_general,0.5185,negative,-0.36,low,0.25,1,20.063254,73.707432,reverse_geocode,12.56,"Ward 16, Nashik-ish",ULB_NAS,W16,Ward 16,422001,nominatim,2025-02-07 05:50:33,tes6jk,True,2025-02-07 05:48:39,True,19,1,48,5,0,0,0,0,12.0,0.29,LOW,-1
PGR202500251,mobile,2025-02-27 22:02:36,Asia/Kolkata,citizen,True,1,"Hello, since yesterday. Residents are reporting hawkers have encroached on the footpath. dayavittu sahaya maadi.",kn,True,2025-02-27 22:04:33,asr_kn_v3,"hello, since yesterday. residents are reporting hawkers have encroached on the footpath. dayavittu sahaya maadi.",112,15,grievance_general,information_request,0.45,grievance_general,0.478,neutral,-0.0,low,0.25,1,19.883064,75.365175,reverse_geocode,11.86,"Ward 16, Aurangabad-ish",ULB_AUR,W16,Ward 16,431001,nominatim,2025-02-27 22:04:45,tet94g,True,2025-02-27 22:02:36,True,12,1,24,4,0,0,1,0,12.0,0.37,MEDIUM,-1
PGR202500252,mobile,2025-04-16 02:22:00,Asia/Kolkata,citizen,False,1,"Hi, for the past three days. Residents are reporting the septic tank has overflowed onto the street. please help.",en,True,2025-04-16 02:22:52,asr_en_v3,"hi, for the past three days. residents are reporting the septic tank has overflowed onto the street. please help.",113,19,sanitation,septic_overflow,0.75,sanitation,0.8459,negative,-0.36,medium,0.61,1,19.922482,79.381452,gps,33.83,"Ward 18, Chandrapur-ish",ULB_CHD,W18,Ward 18,442401,nominatim,2025-04-16 02:24:11,tg83q6,True,2025-04-16 02:22:00,True,11,1,72,4,0,0,1,0,9.0,0.608,HIGH,-1
PGR202500253,ivr,2025-03-01 05:36:38,Asia/Kolkata,citizen,True,1,"Hi, since last night. We are experiencing an illegal dumpsite is growing near the corner. the complaint has been logged in the app. paani nahi aa raha hai. kripya madad kijiye.",hi,True,2025-03-01 05:37:37,asr_hi_v3,"hi, since last night. we are experiencing an illegal dumpsite is growing near the corner. the complaint has been logged in the app. paani nahi aa raha hai. kripya madad kijiye.",176,31,water_supply,no_supply,0.75,solid_waste,0.5089,neutral,-0.18,low,0.25,1,19.974412,73.772839,gps,23.65,"Ward 20, Nashik-ish",ULB_NAS,W20,Ward 20,422001,nominatim,2025-03-01 05:39:15,tes3ws,True,2025-03-01 05:36:38,True,11,1,48,4,1,0,1,0,10.0,0.649,HIGH,-1
PGR202500254,mobile,2025-03-22 11:30:00,Asia/Kolkata,citizen,True,1,"Namaste, for almost a week. Residents are reporting tap pressure is very low. krupaya sahayya kara.",mr,True,2025-03-22 11:30:41,asr_mr_v3,"namaste, for almost a week. residents are reporting tap pressure is very low. krupaya sahayya kara.",99,16,water_supply,no_supply,0.75,water_supply,0.5931,neutral,-0.0,low,0.25,1,20.0773,73.738129,gps,15.29,"Ward 13, Nashik-ish",ULB_NAS,W13,Ward 13,422001,nominatim,2025-03-22 11:30:25,tes6jy,True,2025-03-22 11:30:00,True,16,1,48,4,0,0,1,0,8.0,0.528,MEDIUM,-1
PGR202500255,portal,2025-05-11 02:09:22,Asia/Kolkata,citizen,True,1,"Hello, for the past three days. the tanker did not arrive today. krupaya sahayya kara.",mr,True,2025-05-11 02:10:54,asr_mr_v3,"hello, for the past three days. the tanker did not arrive today. krupaya sahayya kara.",86,15,water_supply,no_supply,0.75,water_supply,0.6136,neutral,-0.0,low,0.43,1,20.073206,73.715814,gps,5.51,"Ward 05, Nashik-ish",ULB_NAS,W05,Ward 05,422001,nominatim,2025-05-11 02:12:20,tes6jq,True,2025-05-11 02:09:22,True,23,1,48,3,0,0,1,0,8.0,0.568,MEDIUM,-1
PGR202500256,csc,2025-02-22 16:17:13,Asia/Kolkata,agent,False,1,"Good morning, for 48 hours. Residents are reporting staff behaviour was unhelpful at the office. the complaint has been logged in the app. please help.",en,True,2025-02-22 16:18:35,asr_en_v3,"good morning, for 48 hours. residents are reporting staff behaviour was unhelpful at the office. the complaint has been logged in the app. please help.",151,25,grievance_general,staff_behavior,0.75,grievance_general,0.547,neutral,-0.18,low,0.25,1,19.948492,79.2613,gps,3.0,"Ward 12, Chandrapur-ish",ULB_CHD,W12,Ward 12,442401,nominatim,2025-02-22 16:17:39,tg837x,True,2025-02-22 16:17:13,True,17,2,48,4,0,0,1,0,9.0,0.419,MEDIUM,grievance_general_9
PGR202500257,csc,2025-05-13 15:43:49,Asia/Kolkata,citizen,False,1,"Ji, for almost a week. Residents are reporting there is no water in the tap. summer water crisis is likely so please plan supply. the complaint has been logged in the app. kripya madad kijiye.",hi,True,2025-05-13 15:44:57,asr_hi_v3,"ji, for almost a week. residents are reporting there is no water in the tap. summer water crisis is likely so please plan supply. the complaint has been logged in the app. kripya madad kijiye.",192,35,water_supply,no_supply,0.98,water_supply,0.4381,neutral,-0.18,low,0.43,1,19.974907,79.36859,gps,23.36,"Ward 15, Chandrapur-ish",ULB_CHD,W15,Ward 15,442401,nominatim,2025-05-13 15:46:48,tg83wh,True,2025-05-13 15:43:49,True,14,1,96,6,0,1,0,0,30.0,0.497,MEDIUM,water_supply_1
PGR202500258,portal,2025-02-16 12:15:02,Asia/Kolkata,citizen,True,1,"Namaste, for 48 hours. We are experiencing hawkers have encroached on the footpath. the complaint has been logged in the app. we also tried the IVR earlier. please help.",en,True,2025-02-16 12:15:43,asr_en_v3,"namaste, for 48 hours. we are experiencing hawkers have encroached on the footpath. the complaint has been logged in the app. we also tried the ivr earlier. please help.",169,29,grievance_general,information_request,0.45,grievance_general,0.4082,neutral,-0.18,low,0.25,1,19.927479,75.446252,gps,44.2,"Ward 03, Aurangabad-ish",ULB_AUR,W03,Ward 03,431001,nominatim,2025-02-16 12:16:03,tet9kg,True,2025-02-16 12:15:02,True,19,1,72,5,1,0,0,0,8.0,0.408,MEDIUM,-1
PGR202500259,portal,2025-02-27 06:39:59,Asia/Kolkata,citizen,True,1,"Good morning, for the past three days. We are experiencing a loose cable is creating a hazard. the complaint has been logged in the app. krupaya sahayya kara.",mr,True,2025-02-27 06:40:09,asr_mr_v3,"good morning, for the past three days. we are experiencing a loose cable is creating a hazard. the complaint has been logged in the app. krupaya sahayya kara.",158,28,utilities_other,cable_hazard,0.75,utilities_other,0.7334,neutral,-0.0,low,0.43,1,19.974082,79.365359,reverse_geocode,23.05,"Ward 16, Chandrapur-ish",ULB_CHD,W16,Ward 16,442401,nominatim,2025-02-27 06:42:34,tg83wh,True,2025-02-27 06:39:59,True,11,1,24,4,1,0,1,0,5.0,0.527,MEDIUM,-1
PGR202500260,whatsapp,2025-04-30 03:31:13,Asia/Kolkata,citizen,True,1,"Hi, since Monday. We are experiencing there is a strong smell from the open drain. krupaya sahayya kara.",mr,True,2025-04-30 03:31:49,asr_mr_v3,"hi, since monday. we are experiencing there is a strong smell from the open drain. krupaya sahayya kara.",104,18,grievance_general,information_request,0.45,grievance_general,0.5712,neutral,-0.0,low,0.25,1,20.025864,73.882547,gps,3.0,"Ward 11, Nashik-ish",ULB_NAS,W11,Ward 11,422001,nominatim,2025-04-30 03:31:46,tes9cj,True,2025-04-30 03:31:13,True,17,2,72,5,0,0,0,0,9.0,0.339,LOW,grievance_general_10
PGR202500261,portal,2025-05-31 00:32:21,Asia/Kolkata,citizen,True,1,"Namaste, in Nashik near Ward 19, since last night. We are experiencing there is no water in the tap. it feels like a drought and the borewell is almost dry. kripya madad kijiye.",hi,True,2025-05-31 00:32:49,asr_hi_v3,"namaste, in nashik near ward 19, since last night. we are experiencing there is no water in the tap. it feels like a drought and the borewell is almost dry. kripya madad kijiye.",177,33,water_supply,no_supply,0.98,water_supply,0.4639,neutral,-0.18,low,0.43,1,,,gps,23.38,"Ward 19, Nashik-ish",ULB_NAS,W19,Ward 19,422001,nominatim,2025-05-31 00:33:54,UNKNOWN,True,2025-05-31 00:32:21,False,13,3,96,5,0,1,0,0,29.0,0.597,MEDIUM,-1
PGR202500262,csc,2025-02-26 14:08:04,Asia/Kolkata,citizen,True,1,"Hello, since yesterday. Residents are reporting garbage pickup has been missed repeatedly. please help.",en,True,2025-02-26 14:09:38,asr_en_v3,"hello, since yesterday. residents are reporting garbage pickup has been missed repeatedly. please help.",103,14,solid_waste,missed_pickup,0.75,solid_waste,0.8291,negative,-0.54,low,0.25,1,19.985318,73.799348,gps,19.2,"Ward 05, Nashik-ish",ULB_NAS,W05,Ward 05,422001,nominatim,2025-02-26 14:09:50,tes3xq,True,2025-02-26 14:08:04,True,23,1,48,4,1,0,1,0,14.0,0.491,MEDIUM,-1
PGR202500263,ivr,2025-03-17 23:58:26,Asia/Kolkata,citizen,True,1,"Hi, in Chandrapur, for 48 hours. Residents are reporting we need information on the process. we also tried the IVR earlier. krupaya sahayya kara.",mr,True,2025-03-17 23:58:38,asr_mr_v3,"hi, in chandrapur, for 48 hours. residents are reporting we need information on the process. we also tried the ivr earlier. krupaya sahayya kara.",145,24,grievance_general,information_request,0.75,grievance_general,0.4475,neutral,-0.0,low,0.25,1,19.982175,79.280408,reverse_geocode,32.96,Chandrapur-ish,ULB_CHD,Non,,442401,nominatim,2025-03-18 00:01:18,tg83sj,True,2025-03-17 23:58:26,True,4,1,48,4,0,0,1,0,12.0,0.37,MEDIUM,grievance_general_1
PGR202500264,csc,2025-06-19 18:25:55,Asia/Kolkata,citizen,True,1,"Good morning, for two days. there is no water in the tap. we also tried the IVR earlier. please help.",en,True,2025-06-19 18:26:14,asr_en_v3,"good morning, for two days. there is no water in the tap. we also tried the ivr earlier. please help.",101,20,water_supply,no_supply,0.98,water_supply,0.498,negative,-0.36,low,0.43,1,19.909588,79.396706,reverse_geocode,29.1,"Ward 09, Chandrapur-ish",ULB_CHD,W09,Ward 09,442401,nominatim,2025-06-19 18:26:34,tg83q8,True,2025-06-19 18:25:55,True,20,1,24,5,1,0,0,0,13.0,0.61,HIGH,-1
PGR202500265,mobile,2025-06-29 10:51:39,Asia/Kolkata,citizen,True,1,"Ji, since last night. the septic tank has overflowed onto the street. summer water crisis is likely so please plan supply. the complaint has been logged in the app. please jaldi se kijiye. kripya madad kijiye.",hi,True,2025-06-29 10:52:24,asr_hi_v3,"ji, since last night. the septic tank has overflowed onto the street. summer water crisis is likely so please plan supply. the complaint has been logged in the app. please jaldi se kijiye. kripya madad kijiye.",209,36,sanitation,septic_overflow,0.75,sanitation,0.5487,neutral,-0.18,low,0.43,1,19.940845,79.277272,gps,24.79,"Ward 12, Chandrapur-ish",ULB_CHD,W12,Ward 12,442401,nominatim,2025-06-29 10:52:04,tg837y,True,2025-06-29 10:51:39,True,17,1,48,4,1,0,1,0,8.0,0.688,HIGH,-1
PGR202500266,portal,2025-04-29 03:49:11,Asia/Kolkata,citizen,True,1,"Hello, for two days. I am reporting that the public toilet is not functioning. the complaint has been logged in the app. krupaya sahayya kara.",mr,True,2025-04-29 03:50:16,asr_mr_v3,"hello, for two days. i am reporting that the public toilet is not functioning. the complaint has been logged in the app. krupaya sahayya kara.",142,25,sanitation,public_toilet_faulty,0.75,sanitation,0.7761,neutral,-0.0,low,0.25,1,19.926405,79.309606,gps,28.18,"Ward 14, Chandrapur-ish",ULB_CHD,W14,Ward 14,442401,nominatim,2025-04-29 03:51:14,tg83ke,True,2025-04-29 03:49:11,True,18,1,48,5,0,0,0,0,16.0,0.452,MEDIUM,-1
PGR202500267,mobile,2025-03-25 00:43:52,Asia/Kolkata,citizen,True,1,"Good morning, since yesterday. we suspect a pipeline leak nearby. pressure bahut kam hai. please help.",en,True,2025-03-25 00:44:33,asr_en_v3,"good morning, since yesterday. we suspect a pipeline leak nearby. pressure bahut kam hai. please help.",102,16,water_supply,burst_pipeline,0.75,water_supply,0.6124,neutral,-0.18,low,0.25,1,19.967232,79.388452,photo_exif,4.95,"Ward 12, Chandrapur-ish",ULB_CHD,W12,Ward 12,442401,nominatim,2025-03-25 00:44:19,tg83wd,True,2025-03-25 00:43:52,True,17,1,24,3,0,0,1,0,7.0,0.528,MEDIUM,water_supply_1
PGR202500268,portal,2025-05-03 20:49:36,Asia/Kolkata,contractor,True,1,"Good evening, since yesterday. I am reporting that the drain is blocked and water is stagnant. we also tried the IVR earlier. kripya madad kijiye.",hi,True,2025-05-03 20:51:18,asr_hi_v3,"good evening, since yesterday. i am reporting that the drain is blocked and water is stagnant. we also tried the ivr earlier. kripya madad kijiye.",146,25,grievance_general,information_request,0.45,grievance_general,0.5584,neutral,-0.0,low,0.25,1,20.018123,79.347755,reverse_geocode,3.0,"Ward 19, Chandrapur-ish",ULB_CHD,W19,Ward 19,442401,nominatim,2025-05-03 20:52:00,tg83vs,True,2025-05-03 20:49:36,True,15,1,24,5,1,0,0,0,19.0,0.413,MEDIUM,-1
PGR202500269,whatsapp,2025-04-30 15:17:44,Asia/Kolkata,citizen,True,1,"Good evening, for two days. I am reporting that the whole stretch is dark after evening. the complaint has been logged in the app. we also tried the IVR earlier. kripya madad kijiye.",hi,True,2025-04-30 15:19:43,asr_hi_v3,"good evening, for two days. i am reporting that the whole stretch is dark after evening. the complaint has been logged in the app. we also tried the ivr earlier. kripya madad kijiye.",182,33,grievance_general,information_request,0.45,grievance_general,0.5389,neutral,-0.0,low,0.25,1,19.977989,79.298274,reverse_geocode,17.17,"Ward 04, Chandrapur-ish",ULB_CHD,W04,Ward 04,442401,nominatim,2025-04-30 15:18:10,tg83sk,True,2025-04-30 15:17:44,True,19,1,96,5,1,0,0,0,15.0,0.411,MEDIUM,grievance_general_1
PGR202500270,portal,2025-03-17 05:06:39,Asia/Kolkata,citizen,True,1,"Ji, for two days. Residents are reporting resurfacing has been pending for many weeks. kripya madad kijiye.",hi,True,2025-03-17 05:07:09,asr_hi_v3,"ji, for two days. residents are reporting resurfacing has been pending for many weeks. kripya madad kijiye.",107,17,grievance_general,information_request,0.45,grievance_general,0.6723,neutral,-0.0,low,0.25,1,19.928574,75.29356,gps,26.16,"Ward 15, Aurangabad-ish",ULB_AUR,W15,Ward 15,431001,nominatim,2025-03-17 05:09:34,tet937,True,2025-03-17 05:06:39,True,9,2,24,4,0,0,1,0,9.0,0.419,MEDIUM,-1
PGR202500271,portal,2025-02-04 10:05:38,Asia/Kolkata,citizen,True,1,"Good morning, for the past three days. Residents are reporting there are big potholes on the road. the complaint has been logged in the app. roz subah tap dry milta hai. kripya madad kijiye.",hi,True,2025-02-04 10:07:28,asr_hi_v3,"good morning, for the past three days. residents are reporting there are big potholes on the road. the complaint has been logged in the app. roz subah tap dry milta hai. kripya madad kijiye.",190,34,water_supply,no_supply,0.75,roads,0.4473,neutral,-0.0,low,0.43,1,19.965957,73.894651,manual,4.61,"Ward 20, Nashik-ish",ULB_NAS,W20,Ward 20,422001,nominatim,2025-02-04 10:07:23,tes99d,True,2025-02-04 10:05:38,True,11,1,24,3,0,0,1,0,8.0,0.568,MEDIUM,-1
PGR202500272,mobile,2025-02-23 17:23:37,Asia/Kolkata,citizen,True,1,"Hello, for almost a week. I am reporting that the community tap is dry in the morning. krupaya sahayya kara.",mr,True,2025-02-23 17:25:08,asr_mr_v3,"hello, for almost a week. i am reporting that the community tap is dry in the morning. krupaya sahayya kara.",108,20,water_supply,no_supply,0.75,water_supply,0.6323,neutral,-0.0,low,0.25,1,20.000979,79.295547,manual,30.57,"Ward 05, Chandrapur-ish",ULB_CHD,W05,Ward 05,442401,nominatim,2025-02-23 17:26:28,tg83u3,True,2025-02-23 17:23:37,True,20,2,24,4,0,0,1,0,11.0,0.58,MEDIUM,water_supply_8
PGR202500273,whatsapp,2025-06-24 18:48:46,Asia/Kolkata,citizen,True,1,"Namaste, for 48 hours. the public toilet is not functioning. paani nahi aa raha hai. kripya madad kijiye.",hi,True,2025-06-24 18:50:45,asr_hi_v3,"namaste, for 48 hours. the public toilet is not functioning. paani nahi aa raha hai. kripya madad kijiye.",105,18,water_supply,no_supply,0.75,sanitation,0.3639,neutral,-0.18,low,0.25,1,20.051276,73.793404,gps,31.45,"Ward 06, Nashik-ish",ULB_NAS,W06,Ward 06,422001,nominatim,2025-06-24 18:49:26,tes6p4,True,2025-06-24 18:48:46,True,17,1,48,5,1,0,0,0,10.0,0.569,MEDIUM,-1
PGR202500274,mobile,2025-04-04 17:21:27,Asia/Kolkata,citizen,False,1,"Hi, for the past three days. Residents are reporting there is a strong smell from the open drain. please help.",en,True,2025-04-04 17:21:35,asr_en_v3,"hi, for the past three days. residents are reporting there is a strong smell from the open drain. please help.",110,20,grievance_general,information_request,0.45,grievance_general,0.4738,neutral,-0.18,low,0.43,1,19.925238,79.293016,reverse_geocode,20.7,"Ward 10, Chandrapur-ish",ULB_CHD,W10,Ward 10,442401,nominatim,2025-04-04 17:22:30,tg83k7,True,2025-04-04 17:21:27,True,13,1,48,4,0,0,1,0,7.0,0.408,MEDIUM,grievance_general_2
PGR202500275,mobile,2025-04-14 08:17:32,Asia/Kolkata,citizen,True,1,"Hi, for the past three days. I am reporting that stray dogs are aggressive near the market. it feels like a drought and the borewell is almost dry. pani nahiye. krupaya sahayya kara.",mr,True,2025-04-14 08:18:14,asr_mr_v3,"hi, for the past three days. i am reporting that stray dogs are aggressive near the market. it feels like a drought and the borewell is almost dry. pani nahiye. krupaya sahayya kara.",182,33,public_health,stray_dogs,0.8999999999999999,public_health,0.6876,neutral,-0.18,low,0.43,1,19.970404,73.809864,gps,6.99,"Ward 15, Nashik-ish",ULB_NAS,W15,Ward 15,422001,nominatim,2025-04-14 08:19:04,tes3xe,True,2025-04-14 08:17:32,True,14,1,72,3,0,0,1,0,7.0,0.568,MEDIUM,-1
PGR202500276,mobile,2025-04-12 01:35:13,Asia/Kolkata,citizen,False,1,"Good morning, for the past three days. Residents are reporting an old building has a dangerous cracked wall. the complaint has been logged in the app. we also tried the IVR earlier. please help.",en,True,2025-04-12 01:35:26,asr_en_v3,"good morning, for the past three days. residents are reporting an old building has a dangerous cracked wall. the complaint has been logged in the app. we also tried the ivr earlier. please help.",194,34,building_safety,dangerous_structure,0.98,building_safety,0.7576,negative,-0.36,medium,0.61,1,19.942524,79.326828,reverse_geocode,5.31,"Ward 20, Chandrapur-ish",ULB_CHD,W20,Ward 20,442401,nominatim,2025-04-12 01:35:37,tg83mn,True,2025-04-12 01:35:13,True,13,1,48,4,0,0,1,0,8.0,0.608,HIGH,-1
PGR202500277,mobile,2025-05-29 09:50:47,Asia/Kolkata,citizen,False,1,"Good morning, since yesterday. We are experiencing the septic tank has overflowed onto the street. we also tried the IVR earlier. kirpa karke madad karo.",pa,True,2025-05-29 09:51:28,asr_pa_v3,"good morning, since yesterday. we are experiencing the septic tank has overflowed onto the street. we also tried the ivr earlier. kirpa karke madad karo.",153,25,sanitation,septic_overflow,0.75,sanitation,0.6926,neutral,-0.18,low,0.43,1,19.91015,79.390792,gps,35.39,"Ward 16, Chandrapur-ish",ULB_CHD,W16,Ward 16,442401,nominatim,2025-05-29 09:51:23,tg83q8,True,2025-05-29 09:50:47,True,11,1,24,5,0,0,0,0,12.0,0.49,MEDIUM,-1
PGR202500278,portal,2025-02-10 17:50:37,Asia/Kolkata,citizen,True,1,"Namaste, for two days. I am reporting that the grass is drying up because irrigation is off. the complaint has been logged in the app. we also tried the IVR earlier. dayavittu sahaya maadi.",kn,True,2025-02-10 17:51:54,asr_kn_v3,"namaste, for two days. i am reporting that the grass is drying up because irrigation is off. the complaint has been logged in the app. we also tried the ivr earlier. dayavittu sahaya maadi.",189,34,parks,lawn_irrigation,0.75,parks,0.7284,neutral,-0.0,low,0.25,1,19.969403,79.38494,gps,3.0,"Ward 16, Chandrapur-ish",ULB_CHD,W16,Ward 16,442401,nominatim,2025-02-10 17:51:49,tg83w7,True,2025-02-10 17:50:37,True,11,1,48,3,0,0,1,0,9.0,0.369,MEDIUM,-1
PGR202500279,portal,2025-02-13 09:49:40,Asia/Kolkata,citizen,True,1,"Good evening, for the past three days. I am reporting that the tanker did not arrive today. the complaint has been logged in the app. kripya madad kijiye.",hi,True,2025-02-13 09:50:28,asr_hi_v3,"good evening, for the past three days. i am reporting that the tanker did not arrive today. the complaint has been logged in the app. kripya madad kijiye.",154,28,water_supply,no_supply,0.75,water_supply,0.5591,neutral,-0.0,low,0.43,1,19.966391,73.82457,photo_exif,35.97,Nashik-ish,ULB_NAS,Non,,422001,nominatim,2025-02-13 09:51:57,tes3xf,True,2025-02-13 09:49:40,True,8,1,24,4,0,0,1,0,8.0,0.568,MEDIUM,-1
PGR202500280,mobile,2025-03-14 09:03:00,Asia/Kolkata,citizen,True,1,"Namaste, in Nashik near Ward 13, for 48 hours. an electrical cabinet is open near the path. the complaint has been logged in the app. roz subah tap dry milta hai. kripya madad kijiye.",hi,True,2025-03-14 09:03:53,asr_hi_v3,"namaste, in nashik near ward 13, for 48 hours. an electrical cabinet is open near the path. the complaint has been logged in the app. roz subah tap dry milta hai. kripya madad kijiye.",183,34,water_supply,no_supply,0.75,water_supply,0.3118,neutral,-0.0,low,0.25,1,20.077419,73.766184,manual,17.52,"Ward 13, Nashik-ish",ULB_NAS,W13,Ward 13,422001,nominatim,2025-03-14 09:05:13,tes6nw,True,2025-03-14 09:03:00,True,16,2,72,4,0,0,1,0,8.0,0.578,MEDIUM,water_supply_12
PGR202500281,mobile,2025-04-14 23:58:11,Asia/Kolkata,citizen,True,1,"Good morning, for 48 hours. Residents are reporting waterlogging is happening after even light rain. the complaint has been logged in the app. please help.",en,True,2025-04-14 23:58:48,asr_en_v3,"good morning, for 48 hours. residents are reporting waterlogging is happening after even light rain. the complaint has been logged in the app. please help.",155,25,drainage,waterlogging,0.75,drainage,0.7605,neutral,-0.18,low,0.25,1,19.979271,73.753004,gps,18.56,"Ward 05, Nashik-ish",ULB_NAS,W05,Ward 05,422001,nominatim,2025-04-14 23:58:44,tes3wm,True,2025-04-14 23:58:11,True,23,2,24,5,0,0,0,0,8.0,0.498,MEDIUM,-1
PGR202500282,mobile,2025-05-12 16:02:46,Asia/Kolkata,citizen,True,1,"Hello, since yesterday. the grass is drying up because irrigation is off. pani ki kami ho rahi hai please arrange tankers. kripya madad kijiye.",hi,True,2025-05-12 16:03:03,asr_hi_v3,"hello, since yesterday. the grass is drying up because irrigation is off. pani ki kami ho rahi hai please arrange tankers. kripya madad kijiye.",143,24,water_supply,no_supply,0.8999999999999999,parks,0.4868,neutral,-0.18,low,0.25,1,19.99094,73.78944,photo_exif,5.62,"Ward 10, Nashik-ish",ULB_NAS,W10,Ward 10,422001,nominatim,2025-05-12 16:03:15,tes3xp,True,2025-05-12 16:02:46,True,11,1,48,6,0,1,0,0,55.0,0.468,MEDIUM,water_supply_3
PGR202500283,mobile,2025-04-15 14:32:42,Asia/Kolkata,citizen,True,1,"Hello, for 48 hours. Residents are reporting a license check is required for these stalls. the complaint has been logged in the app. kirpa karke madad karo.",pa,True,2025-04-15 14:33:07,asr_pa_v3,"hello, for 48 hours. residents are reporting a license check is required for these stalls. the complaint has been logged in the app. kirpa karke madad karo.",156,27,markets,license_check,0.75,markets,0.8187,neutral,-0.0,low,0.25,1,19.848895,75.304255,gps,17.8,Aurangabad-ish,ULB_AUR,Non,,431001,nominatim,2025-04-15 14:34:46,tet8ct,True,2025-04-15 14:32:42,True,6,1,96,6,0,1,0,0,37.0,0.3,LOW,-1
PGR202500284,mobile,2025-04-08 04:12:17,Asia/Kolkata,contractor,False,1,"Good evening, for almost a week. Residents are reporting an old building has a dangerous cracked wall. please help.",en,True,2025-04-08 04:13:39,asr_en_v3,"good evening, for almost a week. residents are reporting an old building has a dangerous cracked wall. please help.",115,19,building_safety,dangerous_structure,0.98,building_safety,0.8462,negative,-0.36,low,0.43,1,19.897277,75.260606,gps,29.2,"Ward 01, Aurangabad-ish",ULB_AUR,W01,Ward 01,431001,nominatim,2025-04-08 04:13:34,tet90w,True,2025-04-08 04:12:17,True,8,1,24,4,0,0,1,0,12.0,0.57,MEDIUM,-1
PGR202500285,portal,2025-06-21 16:10:29,Asia/Kolkata,citizen,True,1,"Ji, since Monday. Residents are reporting mosquito breeding is visible due to stagnant water. krupaya sahayya kara.",mr,True,2025-06-21 16:11:02,asr_mr_v3,"ji, since monday. residents are reporting mosquito breeding is visible due to stagnant water. krupaya sahayya kara.",115,17,public_health,mosquito_breeding,0.8999999999999999,public_health,0.7846,neutral,-0.18,low,0.25,1,20.001055,73.83795,manual,3.0,"Ward 18, Nashik-ish",ULB_NAS,W18,Ward 18,422001,nominatim,2025-06-21 16:12:55,tes9b1,True,2025-06-21 16:10:29,True,16,1,48,4,0,0,1,0,6.0,0.527,MEDIUM,-1
PGR202500286,mobile,2025-02-25 03:40:05,Asia/Kolkata,citizen,True,1,"Hi, since Monday. Residents are reporting the bin is overflowing and animals gather there. the complaint has been logged in the app. krupaya sahayya kara.",mr,True,2025-02-25 03:40:52,asr_mr_v3,"hi, since monday. residents are reporting the bin is overflowing and animals gather there. the complaint has been logged in the app. krupaya sahayya kara.",154,25,drainage,manhole_overflow,0.75,drainage,0.81,neutral,-0.18,low,0.43,1,19.976377,73.744186,gps,27.48,"Ward 17, Nashik-ish",ULB_NAS,W17,Ward 17,422001,nominatim,2025-02-25 03:41:12,tes3wh,True,2025-02-25 03:40:05,True,20,1,48,4,0,0,1,0,11.0,0.569,MEDIUM,-1
PGR202500287,mobile,2025-04-27 18:13:14,Asia/Kolkata,agent,True,1,"Hello, for 48 hours. garbage pickup has been missed repeatedly. the complaint has been logged in the app. barah e karam madad karein.",ur,True,2025-04-27 18:13:30,asr_ur_v3,"hello, for 48 hours. garbage pickup has been missed repeatedly. the complaint has been logged in the app. barah e karam madad karein.",133,23,solid_waste,missed_pickup,0.75,solid_waste,0.692,negative,-0.36,low,0.25,1,19.9801,73.700185,gps,21.34,"Ward 11, Nashik-ish",ULB_NAS,W11,Ward 11,422001,nominatim,2025-04-27 18:14:32,tes3tj,True,2025-04-27 18:13:14,True,17,1,96,3,0,0,1,0,15.0,0.371,MEDIUM,-1
PGR202500288,mobile,2025-04-23 08:04:50,Asia/Kolkata,citizen,True,1,"Good evening, for two days. I am reporting that resurfacing has been pending for many weeks. kripya madad kijiye.",hi,True,2025-04-23 08:06:09,asr_hi_v3,"good evening, for two days. i am reporting that resurfacing has been pending for many weeks. kripya madad kijiye.",113,19,grievance_general,information_request,0.45,grievance_general,0.6769,neutral,-0.0,low,0.25,1,19.946327,79.255844,reverse_geocode,10.34,"Ward 01, Chandrapur-ish",ULB_CHD,W01,Ward 01,442401,nominatim,2025-04-23 08:05:45,tg837x,True,2025-04-23 08:04:50,True,20,2,96,5,0,1,0,0,47.0,0.355,MEDIUM,grievance_general_9
PGR202500289,portal,2025-04-13 00:33:42,Asia/Kolkata,citizen,True,1,"Good evening, for almost a week. We are experiencing a service request has no update. pani ki kami ho rahi hai please arrange tankers. the complaint has been logged in the app. tanker kadi yetil. krupaya sahayya kara.",mr,True,2025-04-13 00:34:18,asr_mr_v3,"good evening, for almost a week. we are experiencing a service request has no update. pani ki kami ho rahi hai please arrange tankers. the complaint has been logged in the app. tanker kadi yetil. krupaya sahayya kara.",217,38,water_supply,no_supply,0.8999999999999999,water_supply,0.6275,neutral,-0.18,low,0.25,1,19.990941,73.898961,gps,32.82,"Ward 02, Nashik-ish",ULB_NAS,W02,Ward 02,422001,nominatim,2025-04-13 00:34:44,tes99x,True,2025-04-13 00:33:42,True,16,1,48,5,0,0,0,0,14.0,0.451,MEDIUM,-1
PGR202500290,mobile,2025-06-02 03:21:02,Asia/Kolkata,citizen,True,1,"Ji, for 48 hours. Residents are reporting a loose cable is creating a hazard. the complaint has been logged in the app. we also tried the IVR earlier. kripya madad kijiye.",hi,True,2025-06-02 03:22:26,asr_hi_v3,"ji, for 48 hours. residents are reporting a loose cable is creating a hazard. the complaint has been logged in the app. we also tried the ivr earlier. kripya madad kijiye.",171,31,utilities_other,cable_hazard,0.75,utilities_other,0.7679,neutral,-0.0,low,0.25,1,20.008575,79.282261,gps,13.03,"Ward 03, Chandrapur-ish",ULB_CHD,W03,Ward 03,442401,nominatim,2025-06-02 03:23:14,tg83u4,True,2025-06-02 03:21:02,True,13,1,48,4,1,0,1,0,6.0,0.488,MEDIUM,-1
PGR202500291,mobile,2025-03-13 01:06:44,Asia/Kolkata,citizen,True,1,"Good morning, for two days. the community tap is dry in the morning. pani ki kami ho rahi hai please arrange tankers. kripya madad kijiye.",hi,True,2025-03-13 01:07:41,asr_hi_v3,"good morning, for two days. the community tap is dry in the morning. pani ki kami ho rahi hai please arrange tankers. kripya madad kijiye.",138,25,water_supply,no_supply,0.98,water_supply,0.8852,neutral,-0.18,low,0.25,1,19.8465,75.342741,gps,25.2,"Ward 15, Aurangabad-ish",ULB_AUR,W15,Ward 15,431001,nominatim,2025-03-13 01:08:19,tet8fk,True,2025-03-13 01:06:44,True,9,1,24,4,0,0,1,0,9.0,0.529,MEDIUM,-1
PGR202500292,ivr,2025-06-24 01:34:55,Asia/Kolkata,citizen,True,1,"Namaste, since last night. We are experiencing the road surface is broken at the crossing. krupaya sahayya kara.",mr,True,2025-06-24 01:36:09,asr_mr_v3,"namaste, since last night. we are experiencing the road surface is broken at the crossing. krupaya sahayya kara.",112,18,roads,resurfacing,0.75,roads,0.8006,neutral,-0.18,low,0.25,1,20.076662,73.860529,reverse_geocode,44.29,"Ward 05, Nashik-ish",ULB_NAS,W05,Ward 05,422001,nominatim,2025-06-24 01:37:00,tesd0w,True,2025-06-24 01:34:55,True,23,1,48,6,0,1,0,0,34.0,0.299,LOW,-1
PGR202500293,mobile,2025-03-22 17:38:53,Asia/Kolkata,citizen,True,1,"Namaste, for two days. an illegal dumpsite is growing near the corner. kripya madad kijiye.",hi,True,2025-03-22 17:40:10,asr_hi_v3,"namaste, for two days. an illegal dumpsite is growing near the corner. kripya madad kijiye.",91,15,solid_waste,dumpsite,0.75,solid_waste,0.8285,neutral,-0.0,low,0.25,1,19.818936,75.27489,gps,41.6,"Ward 06, Aurangabad-ish",ULB_AUR,W06,Ward 06,431001,nominatim,2025-03-22 17:39:25,tet88z,True,2025-03-22 17:38:53,True,19,1,72,5,0,0,0,0,11.0,0.29,LOW,-1
PGR202500294,portal,2025-04-23 18:00:57,Asia/Kolkata,citizen,True,1,"Namaste, for two days. there are big potholes on the road. krupaya sahayya kara.",mr,True,2025-04-23 18:01:34,asr_mr_v3,"namaste, for two days. there are big potholes on the road. krupaya sahayya kara.",80,14,roads,potholes,0.75,roads,0.832,neutral,-0.0,low,0.25,1,19.86251,75.424019,gps,25.85,"Ward 18, Aurangabad-ish",ULB_AUR,W18,Ward 18,431001,nominatim,2025-04-23 18:02:42,tet8ur,True,2025-04-23 18:00:57,True,13,1,72,5,1,0,0,0,11.0,0.41,MEDIUM,-1
PGR202500295,portal,2025-04-20 02:25:13,Asia/Kolkata,citizen,True,1,"Hello, for the past three days. We are experiencing the public toilet is not functioning. krupaya sahayya kara.",mr,True,2025-04-20 02:26:18,asr_mr_v3,"hello, for the past three days. we are experiencing the public toilet is not functioning. krupaya sahayya kara.",111,18,sanitation,public_toilet_faulty,0.75,sanitation,0.771,neutral,-0.0,low,0.43,1,20.082313,73.721473,reverse_geocode,15.47,"Ward 18, Nashik-ish",ULB_NAS,W18,Ward 18,422001,nominatim,2025-04-20 02:26:46,tes6jx,True,2025-04-20 02:25:13,True,16,1,72,4,1,0,1,0,14.0,0.69,HIGH,-1
PGR202500296,mobile,2025-06-08 11:12:00,Asia/Kolkata,citizen,False,1,"Hi, since last night. We are experiencing the signal is not working at the junction. the complaint has been logged in the app. krupaya sahayya kara.",mr,True,2025-06-08 11:12:27,asr_mr_v3,"hi, since last night. we are experiencing the signal is not working at the junction. the complaint has been logged in the app. krupaya sahayya kara.",148,26,grievance_general,information_request,0.45,grievance_general,0.4135,neutral,-0.0,low,0.25,1,19.886145,75.281135,gps,10.46,"Ward 16, Aurangabad-ish",ULB_AUR,W16,Ward 16,431001,nominatim,2025-06-08 11:14:45,tet91h,True,2025-06-08 11:12:00,True,12,1,48,3,0,0,1,0,6.0,0.368,MEDIUM,-1
PGR202500297,portal,2025-04-07 20:04:52,Asia/Kolkata,citizen,True,1,"Hi, for two days. waterlogging is happening after even light rain. please help.",en,True,2025-04-07 20:05:47,asr_en_v3,"hi, for two days. waterlogging is happening after even light rain. please help.",79,13,drainage,waterlogging,0.75,drainage,0.7671,neutral,-0.18,low,0.25,1,20.052919,73.883287,gps,15.46,"Ward 07, Nashik-ish",ULB_NAS,W07,Ward 07,422001,nominatim,2025-04-07 20:06:19,tesd16,True,2025-04-07 20:04:52,True,7,1,24,5,1,0,0,0,8.0,0.568,MEDIUM,-1
PGR202500298,csc,2025-03-15 16:24:43,Asia/Kolkata,agent,True,1,"Good morning, for almost a week. I am reporting that waterlogging is happening after even light rain. krupaya sahayya kara.",mr,True,2025-03-15 16:26:19,asr_mr_v3,"good morning, for almost a week. i am reporting that waterlogging is happening after even light rain. krupaya sahayya kara.",123,20,drainage,waterlogging,0.75,drainage,0.7749,neutral,-0.0,low,0.25,1,19.943668,79.262462,reverse_geocode,28.16,"Ward 12, Chandrapur-ish",ULB_CHD,W12,Ward 12,442401,nominatim,2025-03-15 16:25:19,tg837w,True,2025-03-15 16:24:43,True,17,1,72,3,0,0,1,0,8.0,0.528,MEDIUM,-1
PGR202500299,csc,2025-02-04 05:48:12,Asia/Kolkata,citizen,True,1,"Hello, since Monday. We are experiencing garbage pickup has been missed repeatedly. the complaint has been logged in the app. we also tried the IVR earlier. please help.",en,True,2025-02-04 05:48:45,asr_en_v3,"hello, since monday. we are experiencing garbage pickup has been missed repeatedly. the complaint has been logged in the app. we also tried the ivr earlier. please help.",169,28,solid_waste,missed_pickup,0.75,solid_waste,0.7309,negative,-0.54,low,0.25,1,19.961096,79.311278,reverse_geocode,7.89,"Ward 05, Chandrapur-ish",ULB_CHD,W05,Ward 05,442401,nominatim,2025-02-04 05:50:23,tg83sc,True,2025-02-04 05:48:12,True,20,1,24,3,0,0,1,0,8.0,0.368,MEDIUM,-1
PGR202500300,mobile,2025-03-27 13:14:29,Asia/Kolkata,citizen,True,1,"Hi, in Chandrapur near Ward 18, since yesterday. the signal is not working at the junction. the complaint has been logged in the app. krupaya sahayya kara.",mr,True,2025-03-27 13:14:49,asr_mr_v3,"hi, in chandrapur near ward 18, since yesterday. the signal is not working at the junction. the complaint has been logged in the app. krupaya sahayya kara.",155,27,grievance_general,information_request,0.45,grievance_general,0.3769,neutral,-0.0,low,0.25,1,19.993526,79.301052,gps,31.36,"Ward 18, Chandrapur-ish",ULB_CHD,W18,Ward 18,442401,nominatim,2025-03-27 13:15:12,tg83sx,True,2025-03-27 13:14:29,True,11,1,48,3,0,0,1,0,9.0,0.369,MEDIUM,grievance_general_1
PGR202500301,mobile,2025-06-04 22:39:02,Asia/Kolkata,citizen,True,1,"Good evening, for 48 hours. the manhole is overflowing on the street. summer water crisis is likely so please plan supply. krupaya sahayya kara.",mr,True,2025-06-04 22:40:03,asr_mr_v3,"good evening, for 48 hours. the manhole is overflowing on the street. summer water crisis is likely so please plan supply. krupaya sahayya kara.",144,24,drainage,manhole_overflow,0.8999999999999999,drainage,0.4384,neutral,-0.18,low,0.43,1,19.931235,75.30474,manual,52.0,"Ward 02, Aurangabad-ish",ULB_AUR,W02,Ward 02,431001,nominatim,2025-06-04 22:41:47,tet93s,True,2025-06-04 22:39:02,True,14,2,72,4,1,0,1,0,11.0,0.739,HIGH,-1
PGR202500302,mobile,2025-02-02 11:41:53,Asia/Kolkata,citizen,True,1,"Namaste, since last night. Residents are reporting garbage pickup has been missed repeatedly. kripya madad kijiye.",hi,True,2025-02-02 11:42:47,asr_hi_v3,"namaste, since last night. residents are reporting garbage pickup has been missed repeatedly. kripya madad kijiye.",114,16,solid_waste,missed_pickup,0.75,solid_waste,0.7899,negative,-0.36,low,0.25,1,19.973628,73.761296,reverse_geocode,19.07,"Ward 15, Nashik-ish",ULB_NAS,W15,Ward 15,422001,nominatim,2025-02-02 11:43:14,tes3wk,True,2025-02-02 11:41:53,True,14,1,72,4,0,0,1,0,8.0,0.368,MEDIUM,-1
PGR202500303,portal,2025-06-15 10:10:42,Asia/Kolkata,citizen,False,1,"Good evening, since yesterday. an illegal dumpsite is growing near the corner. kripya madad kijiye.",hi,True,2025-06-15 10:12:37,asr_hi_v3,"good evening, since yesterday. an illegal dumpsite is growing near the corner. kripya madad kijiye.",99,15,solid_waste,dumpsite,0.75,solid_waste,0.8333,neutral,-0.0,low,0.25,1,19.884888,79.292187,gps,3.0,"Ward 11, Chandrapur-ish",ULB_CHD,W11,Ward 11,442401,nominatim,2025-06-15 10:13:07,tg83h7,True,2025-06-15 10:10:42,True,19,1,72,3,1,0,1,0,6.0,0.488,MEDIUM,-1
PGR202500304,portal,2025-04-23 10:10:38,Asia/Kolkata,agent,True,1,"Good evening, for two days. I am reporting that the manhole is overflowing on the street. the complaint has been logged in the app. krupaya sahayya kara.",mr,True,2025-04-23 10:11:46,asr_mr_v3,"good evening, for two days. i am reporting that the manhole is overflowing on the street. the complaint has been logged in the app. krupaya sahayya kara.",153,27,drainage,manhole_overflow,0.8999999999999999,drainage,0.6679,neutral,-0.18,low,0.43,1,20.049018,73.728457,reverse_geocode,3.0,"Ward 16, Nashik-ish",ULB_NAS,W16,Ward 16,422001,nominatim,2025-04-23 10:12:42,tes6j9,True,2025-04-23 10:10:38,True,19,1,24,3,0,0,1,0,8.0,0.568,MEDIUM,-1
PGR202500305,mobile,2025-02-22 00:53:48,Asia/Kolkata,citizen,True,1,"Hello, for 48 hours. the pole looks damaged and wires are exposed. the complaint has been logged in the app. krupaya sahayya kara.",mr,True,2025-02-22 00:55:46,asr_mr_v3,"hello, for 48 hours. the pole looks damaged and wires are exposed. the complaint has been logged in the app. krupaya sahayya kara.",130,23,utilities_other,cable_hazard,0.75,utilities_other,0.8323,neutral,-0.0,low,0.25,1,19.895591,79.269858,reverse_geocode,31.65,"Ward 10, Chandrapur-ish",ULB_CHD,W10,Ward 10,442401,nominatim,2025-02-22 00:55:22,tg835v,True,2025-02-22 00:53:48,True,13,1,48,3,0,0,1,0,10.0,0.369,MEDIUM,-1
PGR202500306,mobile,2025-03-18 07:50:43,Asia/Kolkata,citizen,True,1,"Good morning, for almost a week. tap pressure is very low. groundwater is very low this season. the complaint has been logged in the app. we also tried the IVR earlier. kripya madad kijiye.",hi,True,2025-03-18 07:51:58,asr_hi_v3,"good morning, for almost a week. tap pressure is very low. groundwater is very low this season. the complaint has been logged in the app. we also tried the ivr earlier. kripya madad kijiye.",189,34,water_supply,no_supply,0.75,water_supply,0.5697,neutral,-0.0,low,0.25,1,19.811633,75.424927,reverse_geocode,19.1,"Ward 04, Aurangabad-ish",ULB_AUR,W04,Ward 04,431001,nominatim,2025-03-18 07:52:36,tet8sq,True,2025-03-18 07:50:43,True,13,1,24,4,1,0,1,0,6.0,0.647,HIGH,-1
PGR202500307,whatsapp,2025-04-25 02:31:47,Asia/Kolkata,citizen,True,1,"Good evening, for the past three days. I am reporting that the whole stretch is dark after evening. kripya madad kijiye.",hi,True,2025-04-25 02:33:04,asr_hi_v3,"good evening, for the past three days. i am reporting that the whole stretch is dark after evening. kripya madad kijiye.",120,21,grievance_general,information_request,0.45,grievance_general,0.5605,neutral,-0.0,low,0.43,1,19.941617,75.259312,reverse_geocode,33.15,"Ward 16, Aurangabad-ish",ULB_AUR,W16,Ward 16,431001,nominatim,2025-04-25 02:32:36,tet92w,True,2025-04-25 02:31:47,True,12,1,72,3,1,0,1,0,8.0,0.528,MEDIUM,-1
PGR202500308,mobile,2025-03-20 08:29:30,Asia/Kolkata,citizen,True,1,"Good morning, since yesterday. We are experiencing an old building has a dangerous cracked wall. please help.",en,True,2025-03-20 08:30:40,asr_en_v3,"good morning, since yesterday. we are experiencing an old building has a dangerous cracked wall. please help.",109,17,building_safety,dangerous_structure,0.98,building_safety,0.8394,negative,-0.36,low,0.43,1,19.98641,79.360573,reverse_geocode,12.0,"Ward 13, Chandrapur-ish",ULB_CHD,W13,Ward 13,442401,nominatim,2025-03-20 08:30:01,tg83ty,True,2025-03-20 08:29:30,True,14,1,48,4,1,0,1,0,9.0,0.688,HIGH,-1
PGR202500309,portal,2025-02-17 06:52:21,Asia/Kolkata,citizen,True,1,"Good morning, for almost a week. I am reporting that the public toilet is not functioning. please help.",en,True,2025-02-17 06:52:56,asr_en_v3,"good morning, for almost a week. i am reporting that the public toilet is not functioning. please help.",103,18,sanitation,public_toilet_faulty,0.75,sanitation,0.7174,neutral,-0.18,low,0.25,1,19.949536,75.319574,photo_exif,32.46,"Ward 10, Aurangabad-ish",ULB_AUR,W10,Ward 10,431001,nominatim,2025-02-17 06:54:43,tet93z,True,2025-02-17 06:52:21,True,15,1,24,4,1,0,1,0,12.0,0.65,HIGH,-1
PGR202500310,portal,2025-05-11 21:33:35,Asia/Kolkata,citizen,True,1,"Hi, for 48 hours. I am reporting that the pole looks damaged and wires are exposed. the complaint has been logged in the app. kripya madad kijiye.",hi,True,2025-05-11 21:34:10,asr_hi_v3,"hi, for 48 hours. i am reporting that the pole looks damaged and wires are exposed. the complaint has been logged in the app. kripya madad kijiye.",146,27,utilities_other,cable_hazard,0.75,utilities_other,0.8063,neutral,-0.0,low,0.25,1,19.992826,73.790616,reverse_geocode,17.63,"Ward 08, Nashik-ish",ULB_NAS,W08,Ward 08,422001,nominatim,2025-05-11 21:36:28,tes3xp,True,2025-05-11 21:33:35,True,9,1,72,5,0,0,0,0,16.0,0.292,LOW,-1
PGR202500311,mobile,2025-05-12 20:03:50,Asia/Kolkata,citizen,True,1,"Good evening, since last night. We are experiencing an electrical cabinet is open near the path. the complaint has been logged in the app. kripya madad kijiye.",hi,True,2025-05-12 20:04:04,asr_hi_v3,"good evening, since last night. we are experiencing an electrical cabinet is open near the path. the complaint has been logged in the app. kripya madad kijiye.",159,27,grievance_general,information_request,0.45,grievance_general,0.5168,neutral,-0.0,low,0.25,1,19.999921,79.359289,manual,9.01,"Ward 07, Chandrapur-ish",ULB_CHD,W07,Ward 07,442401,nominatim,2025-05-12 20:06:27,tg83vb,True,2025-05-12 20:03:50,True,16,1,48,5,0,0,0,0,13.0,0.29,LOW,grievance_general_0
PGR202500312,mobile,2025-02-18 19:56:50,Asia/Kolkata,citizen,True,1,"Ji, in Aurangabad near Ward 10, since yesterday. tap pressure is very low. krupaya sahayya kara.",mr,True,2025-02-18 19:58:48,asr_mr_v3,"ji, in aurangabad near ward 10, since yesterday. tap pressure is very low. krupaya sahayya kara.",96,16,water_supply,no_supply,0.75,water_supply,0.4582,neutral,-0.18,low,0.25,1,19.870744,75.298913,reverse_geocode,13.99,"Ward 10, Aurangabad-ish",ULB_AUR,W10,Ward 10,431001,nominatim,2025-02-18 19:57:58,tet913,True,2025-02-18 19:56:50,True,15,1,48,4,1,0,1,0,10.0,0.649,HIGH,-1
PGR202500313,mobile,2025-03-15 04:26:29,Asia/Kolkata,citizen,True,1,"Hi, for the past three days. Residents are reporting staff behaviour was unhelpful at the office. the complaint has been logged in the app. tanker kadi yetil. krupaya sahayya kara.",mr,True,2025-03-15 04:28:15,asr_mr_v3,"hi, for the past three days. residents are reporting staff behaviour was unhelpful at the office. the complaint has been logged in the app. tanker kadi yetil. krupaya sahayya kara.",180,30,water_supply,no_supply,0.75,grievance_general,0.4072,neutral,-0.18,low,0.43,1,19.981782,79.378179,manual,3.0,"Ward 06, Chandrapur-ish",ULB_CHD,W06,Ward 06,442401,nominatim,2025-03-15 04:27:46,tg83wm,True,2025-03-15 04:26:29,True,17,1,96,4,1,0,1,0,6.0,0.687,HIGH,water_supply_1
PGR202500314,ivr,2025-03-09 13:56:37,Asia/Kolkata,agent,True,1,"Good evening, for the past three days. play equipment is broken in the park. kripya madad kijiye.",hi,True,2025-03-09 13:57:33,asr_hi_v3,"good evening, for the past three days. play equipment is broken in the park. kripya madad kijiye.",97,17,parks,broken_play_equipment,0.75,parks,0.7986,neutral,-0.18,low,0.43,1,19.935993,79.350288,photo_exif,49.84,"Ward 06, Chandrapur-ish",ULB_CHD,W06,Ward 06,442401,nominatim,2025-03-09 13:57:54,tg83mt,True,2025-03-09 13:56:37,True,17,1,48,3,0,0,1,0,7.0,0.408,MEDIUM,-1
PGR202500315,mobile,2025-05-10 21:55:16,Asia/Kolkata,citizen,True,1,"Good morning, since last night. Residents are reporting a service request has no update. the complaint has been logged in the app. krupaya sahayya kara.",mr,True,2025-05-10 21:56:03,asr_mr_v3,"good morning, since last night. residents are reporting a service request has no update. the complaint has been logged in the app. krupaya sahayya kara.",152,25,grievance_general,information_request,0.45,grievance_general,0.496,neutral,-0.0,low,0.25,1,19.93603,79.321774,gps,18.55,"Ward 06, Chandrapur-ish",ULB_CHD,W06,Ward 06,442401,nominatim,2025-05-10 21:57:28,tg83mj,True,2025-05-10 21:55:16,True,17,1,48,4,0,0,1,0,9.0,0.369,MEDIUM,grievance_general_2
PGR202500316,mobile,2025-05-21 13:03:50,Asia/Kolkata,citizen,True,1,"Good evening, for 48 hours. I am reporting that the bin is overflowing and animals gather there. roz subah tap dry milta hai. kripya madad kijiye.",hi,True,2025-05-21 13:05:20,asr_hi_v3,"good evening, for 48 hours. i am reporting that the bin is overflowing and animals gather there. roz subah tap dry milta hai. kripya madad kijiye.",146,26,water_supply,no_supply,0.75,drainage,0.4692,neutral,-0.18,low,0.43,1,20.028737,73.855145,gps,29.67,"Ward 01, Nashik-ish",ULB_NAS,W01,Ward 01,422001,nominatim,2025-05-21 13:05:49,tes9bw,True,2025-05-21 13:03:50,True,10,1,24,4,0,0,1,0,10.0,0.569,MEDIUM,-1
PGR202500317,mobile,2025-05-21 01:10:49,Asia/Kolkata,citizen,True,1,"Hi, for the past three days. Residents are reporting the bin is overflowing and animals gather there. the complaint has been logged in the app. please help.",en,True,2025-05-21 01:12:01,asr_en_v3,"hi, for the past three days. residents are reporting the bin is overflowing and animals gather there. the complaint has been logged in the app. please help.",156,27,drainage,manhole_overflow,0.75,drainage,0.7872,negative,-0.36,medium,0.61,1,20.096626,73.788873,reverse_geocode,11.95,"Ward 19, Nashik-ish",ULB_NAS,W19,Ward 19,422001,nominatim,2025-05-21 01:13:16,tes6r4,True,2025-05-21 01:10:49,True,13,1,24,3,0,0,1,0,6.0,0.607,HIGH,-1
PGR202500318,mobile,2025-06-21 19:32:24,Asia/Kolkata,citizen,True,1,"Good evening, since last night. We are experiencing stray dogs are aggressive near the market. krupaya sahayya kara.",mr,True,2025-06-21 19:32:35,asr_mr_v3,"good evening, since last night. we are experiencing stray dogs are aggressive near the market. krupaya sahayya kara.",116,18,public_health,stray_dogs,0.8999999999999999,public_health,0.8689,neutral,-0.0,low,0.25,1,19.927924,79.306039,gps,4.22,"Ward 05, Chandrapur-ish",ULB_CHD,W05,Ward 05,442401,nominatim,2025-06-21 19:35:15,tg83ke,True,2025-06-21 19:32:24,True,20,1,24,5,0,0,0,0,11.0,0.45,MEDIUM,-1
PGR202500319,portal,2025-05-27 07:07:50,Asia/Kolkata,citizen,False,1,"Namaste, for the past three days. I am reporting that the bin is overflowing and animals gather there. the complaint has been logged in the app. krupaya sahayya kara.",mr,True,2025-05-27 07:08:31,asr_mr_v3,"namaste, for the past three days. i am reporting that the bin is overflowing and animals gather there. the complaint has been logged in the app. krupaya sahayya kara.",166,29,drainage,manhole_overflow,0.75,drainage,0.7692,neutral,-0.18,medium,0.61,1,19.898744,79.294541,reverse_geocode,16.49,"Ward 04, Chandrapur-ish",ULB_CHD,W04,Ward 04,442401,nominatim,2025-05-27 07:09:12,tg83hq,True,2025-05-27 07:07:50,True,19,1,24,3,0,0,1,0,8.0,0.608,HIGH,-1
PGR202500320,mobile,2025-03-21 02:26:45,Asia/Kolkata,citizen,True,1,"Good morning, for two days. We are experiencing the tanker did not arrive today. the complaint has been logged in the app. we also tried the IVR earlier. please help.",en,True,2025-03-21 02:28:17,asr_en_v3,"good morning, for two days. we are experiencing the tanker did not arrive today. the complaint has been logged in the app. we also tried the ivr earlier. please help.",166,30,water_supply,no_supply,0.75,water_supply,0.5525,neutral,-0.18,low,0.25,1,19.892103,79.314184,reverse_geocode,36.52,"Ward 04, Chandrapur-ish",ULB_CHD,W04,Ward 04,442401,nominatim,2025-03-21 02:28:51,tg83hv,True,2025-03-21 02:26:45,True,19,2,24,3,0,0,1,0,3.0,0.576,MEDIUM,-1
PGR202500321,portal,2025-02-17 03:52:02,Asia/Kolkata,citizen,True,1,"Ji, for 48 hours. I am reporting that the drain is blocked and water is stagnant. the complaint has been logged in the app. barah e karam madad karein.",ur,True,2025-02-17 03:52:56,asr_ur_v3,"ji, for 48 hours. i am reporting that the drain is blocked and water is stagnant. the complaint has been logged in the app. barah e karam madad karein.",151,29,grievance_general,information_request,0.45,grievance_general,0.5551,neutral,-0.0,low,0.25,1,19.825104,75.319281,manual,12.19,"Ward 20, Aurangabad-ish",ULB_AUR,W20,Ward 20,431001,nominatim,2025-02-17 03:53:42,tet8cc,True,2025-02-17 03:52:02,True,12,1,48,7,1,1,0,0,30.0,0.418,MEDIUM,-1
PGR202500322,portal,2025-05-04 04:42:50,Asia/Kolkata,citizen,True,1,"Ji, since Monday. We are experiencing waterlogging is happening after even light rain. the complaint has been logged in the app. kripya madad kijiye.",hi,True,2025-05-04 04:43:25,asr_hi_v3,"ji, since monday. we are experiencing waterlogging is happening after even light rain. the complaint has been logged in the app. kripya madad kijiye.",149,24,drainage,waterlogging,0.75,drainage,0.767,neutral,-0.0,low,0.25,1,19.919037,75.299186,gps,6.94,"Ward 10, Aurangabad-ish",ULB_AUR,W10,Ward 10,431001,nominatim,2025-05-04 04:45:42,tet936,True,2025-05-04 04:42:50,True,15,1,48,5,1,0,0,0,12.0,0.57,MEDIUM,-1
PGR202500323,csc,2025-06-18 09:38:32,Asia/Kolkata,citizen,True,1,"Good evening, since last night. We are experiencing stray dogs are aggressive near the market. groundwater is very low this season. we also tried the IVR earlier. kripya madad kijiye.",hi,True,2025-06-18 09:39:38,asr_hi_v3,"good evening, since last night. we are experiencing stray dogs are aggressive near the market. groundwater is very low this season. we also tried the ivr earlier. kripya madad kijiye.",183,30,public_health,stray_dogs,0.8999999999999999,public_health,0.7244,neutral,-0.0,low,0.25,1,19.891784,75.430236,reverse_geocode,22.33,"Ward 07, Aurangabad-ish",ULB_AUR,W07,Ward 07,431001,nominatim,2025-06-18 09:39:48,tet9hm,True,2025-06-18 09:38:32,True,20,1,24,4,0,0,1,0,7.0,0.528,MEDIUM,-1
PGR202500324,mobile,2025-06-27 06:33:31,Asia/Kolkata,citizen,True,1,"Namaste, for 48 hours. Residents are reporting tap pressure is very low. the complaint has been logged in the app. we also tried the IVR earlier. kripya madad kijiye.",hi,True,2025-06-27 06:34:49,asr_hi_v3,"namaste, for 48 hours. residents are reporting tap pressure is very low. the complaint has been logged in the app. we also tried the ivr earlier. kripya madad kijiye.",166,29,water_supply,no_supply,0.75,water_supply,0.512,neutral,-0.0,low,0.25,1,20.035039,73.738759,gps,27.49,"Ward 09, Nashik-ish",ULB_NAS,W09,Ward 09,422001,nominatim,2025-06-27 06:34:21,tes3vz,True,2025-06-27 06:33:31,True,18,1,48,4,0,0,1,0,6.0,0.527,MEDIUM,-1
PGR202500325,ivr,2025-03-07 12:46:13,Asia/Kolkata,agent,True,1,"Good morning, since Monday. We are experiencing tap pressure is very low. pani ki kami ho rahi hai please arrange tankers. the complaint has been logged in the app. krupaya sahayya kara.",mr,True,2025-03-07 12:46:31,asr_mr_v3,"good morning, since monday. we are experiencing tap pressure is very low. pani ki kami ho rahi hai please arrange tankers. the complaint has been logged in the app. krupaya sahayya kara.",186,32,water_supply,no_supply,0.98,water_supply,0.8656,neutral,-0.18,low,0.25,1,20.001715,73.818074,gps,44.64,"Ward 02, Nashik-ish",ULB_NAS,W02,Ward 02,422001,nominatim,2025-03-07 12:47:33,tes3zc,True,2025-03-07 12:46:13,True,16,2,72,5,0,0,0,0,9.0,0.499,MEDIUM,-1
PGR202500326,portal,2025-03-08 11:14:22,Asia/Kolkata,citizen,True,1,"Namaste, for almost a week. We are experiencing waterlogging is happening after even light rain. the complaint has been logged in the app. we also tried the IVR earlier. kirpa karke madad karo.",pa,True,2025-03-08 11:15:03,asr_pa_v3,"namaste, for almost a week. we are experiencing waterlogging is happening after even light rain. the complaint has been logged in the app. we also tried the ivr earlier. kirpa karke madad karo.",193,33,drainage,waterlogging,0.75,drainage,0.609,neutral,-0.0,low,0.25,1,19.875992,75.279724,gps,25.31,"Ward 07, Aurangabad-ish",ULB_AUR,W07,Ward 07,431001,nominatim,2025-03-08 11:16:21,tet914,True,2025-03-08 11:14:22,True,20,1,24,3,0,0,1,0,8.0,0.528,MEDIUM,-1
PGR202500327,mobile,2025-02-06 14:41:06,Asia/Kolkata,citizen,False,1,"Ji, since yesterday. I am reporting that waterlogging is happening after even light rain. the complaint has been logged in the app. we also tried the IVR earlier. krupaya sahayya kara.",mr,True,2025-02-06 14:42:58,asr_mr_v3,"ji, since yesterday. i am reporting that waterlogging is happening after even light rain. the complaint has been logged in the app. we also tried the ivr earlier. krupaya sahayya kara.",184,31,drainage,waterlogging,0.75,drainage,0.709,neutral,-0.0,low,0.25,1,20.017019,73.808613,gps,29.66,"Ward 05, Nashik-ish",ULB_NAS,W05,Ward 05,422001,nominatim,2025-02-06 14:43:58,tes3ze,True,2025-02-06 14:41:06,True,23,2,48,4,0,0,1,0,8.0,0.578,MEDIUM,-1
PGR202500328,csc,2025-02-22 04:32:37,Asia/Kolkata,citizen,True,1,"Good morning, for 48 hours. I am reporting that tap pressure is very low. the complaint has been logged in the app. loker madat kara. krupaya sahayya kara.",mr,True,2025-02-22 04:33:14,asr_mr_v3,"good morning, for 48 hours. i am reporting that tap pressure is very low. the complaint has been logged in the app. loker madat kara. krupaya sahayya kara.",155,28,water_supply,no_supply,0.75,water_supply,0.4475,neutral,-0.0,low,0.25,1,19.9901,73.822489,gps,30.79,"Ward 17, Nashik-ish",ULB_NAS,W17,Ward 17,422001,nominatim,2025-02-22 04:35:09,tes3xz,True,2025-02-22 04:32:37,True,20,1,24,3,0,0,1,0,8.0,0.528,MEDIUM,-1
PGR202500329,ivr,2025-04-25 05:28:07,Asia/Kolkata,citizen,False,1,"Namaste, for the past three days. Residents are reporting the whole stretch is dark after evening. kripya madad kijiye.",hi,True,2025-04-25 05:28:58,asr_hi_v3,"namaste, for the past three days. residents are reporting the whole stretch is dark after evening. kripya madad kijiye.",119,19,grievance_general,information_request,0.45,grievance_general,0.5699,neutral,-0.0,low,0.43,1,19.889822,79.300491,reverse_geocode,3.0,"Ward 02, Chandrapur-ish",ULB_CHD,W02,Ward 02,442401,nominatim,2025-04-25 05:28:29,tg83hs,True,2025-04-25 05:28:07,True,18,1,48,4,1,0,1,0,10.0,0.529,MEDIUM,-1
PGR202500330,mobile,2025-04-24 00:29:30,Asia/Kolkata,citizen,True,1,"Good evening, for the past three days. play equipment is broken in the park. tankers kab aayenge. kripya madad kijiye.",hi,True,2025-04-24 00:30:24,asr_hi_v3,"good evening, for the past three days. play equipment is broken in the park. tankers kab aayenge. kripya madad kijiye.",118,20,water_supply,no_supply,0.75,parks,0.5828,neutral,-0.18,low,0.43,1,20.070642,73.751857,reverse_geocode,5.55,"Ward 09, Nashik-ish",ULB_NAS,W09,Ward 09,422001,nominatim,2025-04-24 00:31:11,tes6nm,True,2025-04-24 00:29:30,True,18,1,48,5,0,0,0,0,18.0,0.492,MEDIUM,water_supply_12
PGR202500331,ivr,2025-03-28 15:19:12,Asia/Kolkata,citizen,True,1,"Namaste, for two days. Residents are reporting the wash area is broken and unclean. krupaya sahayya kara.",mr,True,2025-03-28 15:20:07,asr_mr_v3,"namaste, for two days. residents are reporting the wash area is broken and unclean. krupaya sahayya kara.",105,17,grievance_general,information_request,0.45,grievance_general,0.5811,neutral,-0.18,low,0.25,1,19.964725,79.311504,gps,3.74,"Ward 16, Chandrapur-ish",ULB_CHD,W16,Ward 16,442401,nominatim,2025-03-28 15:19:57,tg83sf,True,2025-03-28 15:19:12,True,11,2,24,4,1,0,1,0,7.0,0.538,MEDIUM,grievance_general_7
PGR202500332,portal,2025-03-19 11:50:22,Asia/Kolkata,citizen,True,1,"Ji, since Monday. I am reporting that we need information on the process. kripya madad kijiye.",hi,True,2025-03-19 11:51:58,asr_hi_v3,"ji, since monday. i am reporting that we need information on the process. kripya madad kijiye.",94,16,grievance_general,information_request,0.75,grievance_general,0.5332,neutral,-0.0,low,0.25,1,19.924304,79.38742,gps,3.0,"Ward 17, Chandrapur-ish",ULB_CHD,W17,Ward 17,442401,nominatim,2025-03-19 11:51:39,tg83qe,True,2025-03-19 11:50:22,True,13,1,24,5,0,0,0,0,12.0,0.29,LOW,-1
PGR202500333,portal,2025-06-05 11:14:34,Asia/Kolkata,citizen,True,1,"Hello, for the past three days. we suspect a pipeline leak nearby. the complaint has been logged in the app. we also tried the IVR earlier. krupaya sahayya kara.",mr,True,2025-06-05 11:14:51,asr_mr_v3,"hello, for the past three days. we suspect a pipeline leak nearby. the complaint has been logged in the app. we also tried the ivr earlier. krupaya sahayya kara.",161,29,water_supply,burst_pipeline,0.75,water_supply,0.4915,neutral,-0.0,low,0.43,1,19.851489,75.297335,gps,31.93,"Ward 11, Aurangabad-ish",ULB_AUR,W11,Ward 11,431001,nominatim,2025-06-05 11:17:25,tet8cm,True,2025-06-05 11:14:34,True,18,1,72,4,0,0,1,0,7.0,0.568,MEDIUM,-1
PGR202500334,whatsapp,2025-04-11 00:07:19,Asia/Kolkata,citizen,True,1,"Ji, for 48 hours. We are experiencing waterlogging is happening after even light rain. krupaya sahayya kara.",mr,True,2025-04-11 00:07:49,asr_mr_v3,"ji, for 48 hours. we are experiencing waterlogging is happening after even light rain. krupaya sahayya kara.",108,17,drainage,waterlogging,0.75,drainage,0.7548,neutral,-0.0,low,0.25,1,19.936395,75.399189,photo_exif,24.35,"Ward 05, Aurangabad-ish",ULB_AUR,W05,Ward 05,431001,nominatim,2025-04-11 00:10:16,tet97v,True,2025-04-11 00:07:19,True,17,1,24,5,1,0,0,0,17.0,0.572,MEDIUM,-1
PGR202500335,mobile,2025-06-02 05:42:18,Asia/Kolkata,citizen,True,1,"Ji, since last night. We are experiencing a service request has no update. we also tried the IVR earlier. kripya madad kijiye.",hi,True,2025-06-02 05:43:51,asr_hi_v3,"ji, since last night. we are experiencing a service request has no update. we also tried the ivr earlier. kripya madad kijiye.",126,22,grievance_general,information_request,0.45,grievance_general,0.5046,neutral,-0.0,low,0.25,1,19.975452,79.25743,manual,21.19,"Ward 07, Chandrapur-ish",ULB_CHD,W07,Ward 07,442401,nominatim,2025-06-02 05:43:02,tg83es,True,2025-06-02 05:42:18,True,16,1,48,3,0,0,1,0,5.0,0.367,MEDIUM,grievance_general_1
PGR202500336,csc,2025-06-25 11:33:44,Asia/Kolkata,citizen,True,1,"Hi, since last night. Residents are reporting hawkers have encroached on the footpath. the complaint has been logged in the app. krupaya sahayya kara.",mr,True,2025-06-25 11:35:24,asr_mr_v3,"hi, since last night. residents are reporting hawkers have encroached on the footpath. the complaint has been logged in the app. krupaya sahayya kara.",150,24,grievance_general,information_request,0.45,grievance_general,0.4755,neutral,-0.0,low,0.25,1,19.898369,79.345751,gps,18.89,"Ward 05, Chandrapur-ish",ULB_CHD,W05,Ward 05,442401,nominatim,2025-06-25 11:34:26,tg83jw,True,2025-06-25 11:33:44,True,20,1,48,3,0,0,1,0,8.0,0.368,MEDIUM,grievance_general_8
PGR202500337,mobile,2025-03-20 13:41:59,Asia/Kolkata,citizen,True,1,"Namaste, since yesterday. We are experiencing the septic tank has overflowed onto the street. pani ki kami ho rahi hai please arrange tankers. please help.",en,True,2025-03-20 13:43:50,asr_en_v3,"namaste, since yesterday. we are experiencing the septic tank has overflowed onto the street. pani ki kami ho rahi hai please arrange tankers. please help.",155,25,water_supply,no_supply,0.8999999999999999,sanitation,0.432,negative,-0.54,low,0.43,1,19.909321,79.283846,gps,50.83,"Ward 14, Chandrapur-ish",ULB_CHD,W14,Ward 14,442401,nominatim,2025-03-20 13:44:10,tg83k0,True,2025-03-20 13:41:59,True,18,1,24,3,0,0,1,0,4.0,0.566,MEDIUM,-1
PGR202500338,csc,2025-03-03 09:51:28,Asia/Kolkata,citizen,True,1,"Hi, for two days. I am reporting that the community tap is dry in the morning. summer water crisis is likely so please plan supply. the complaint has been logged in the app. garami madhe jalsankat aahe. krupaya sahayya kara.",mr,True,2025-03-03 09:53:04,asr_mr_v3,"hi, for two days. i am reporting that the community tap is dry in the morning. summer water crisis is likely so please plan supply. the complaint has been logged in the app. garami madhe jalsankat aahe. krupaya sahayya kara.",224,40,water_supply,no_supply,0.75,water_supply,0.4225,neutral,-0.0,low,0.25,1,19.916871,75.307185,gps,6.59,"Ward 06, Aurangabad-ish",ULB_AUR,W06,Ward 06,431001,nominatim,2025-03-03 09:52:53,tet939,True,2025-03-03 09:51:28,True,19,1,48,5,0,0,0,0,12.0,0.45,MEDIUM,-1
PGR202500339,portal,2025-06-23 22:26:15,Asia/Kolkata,citizen,True,1,"Good evening, since Monday. We are experiencing resurfacing has been pending for many weeks. the complaint has been logged in the app. please help.",en,True,2025-06-23 22:27:06,asr_en_v3,"good evening, since monday. we are experiencing resurfacing has been pending for many weeks. the complaint has been logged in the app. please help.",147,24,grievance_general,information_request,0.45,grievance_general,0.6047,neutral,-0.18,low,0.25,1,19.890022,79.255465,reverse_geocode,50.78,"Ward 13, Chandrapur-ish",ULB_CHD,W13,Ward 13,442401,nominatim,2025-06-23 22:27:44,tg835s,True,2025-06-23 22:26:15,True,14,1,48,4,1,0,1,0,6.0,0.488,MEDIUM,-1
PGR202500340,mobile,2025-05-07 05:23:30,Asia/Kolkata,citizen,True,1,"Namaste, for two days. the bin is overflowing and animals gather there. the complaint has been logged in the app. paani nahi aa raha hai. kirpa karke madad karo.",pa,True,2025-05-07 05:23:44,asr_pa_v3,"namaste, for two days. the bin is overflowing and animals gather there. the complaint has been logged in the app. paani nahi aa raha hai. kirpa karke madad karo.",161,29,water_supply,no_supply,0.75,drainage,0.4382,negative,-0.36,low,0.43,1,19.942045,79.342569,gps,3.0,"Ward 14, Chandrapur-ish",ULB_CHD,W14,Ward 14,442401,nominatim,2025-05-07 05:26:09,tg83mq,True,2025-05-07 05:23:30,True,18,1,24,3,0,0,1,0,6.0,0.567,MEDIUM,water_supply_9
PGR202500341,portal,2025-03-16 15:18:14,Asia/Kolkata,agent,False,1,"Namaste, since yesterday. We are experiencing waterlogging is happening after even light rain. krupaya sahayya kara.",mr,True,2025-03-16 15:20:11,asr_mr_v3,"namaste, since yesterday. we are experiencing waterlogging is happening after even light rain. krupaya sahayya kara.",116,16,drainage,waterlogging,0.75,drainage,0.7862,neutral,-0.0,low,0.25,1,20.001644,79.266621,gps,7.81,"Ward 19, Chandrapur-ish",ULB_CHD,W19,Ward 19,442401,nominatim,2025-03-16 15:21:01,tg83gc,True,2025-03-16 15:18:14,True,15,1,72,3,0,0,1,0,6.0,0.527,MEDIUM,-1
PGR202500342,mobile,2025-05-05 06:41:44,Asia/Kolkata,citizen,True,1,"Hello, since Monday. Residents are reporting there is no water in the tap. we also tried the IVR earlier. kripya madad kijiye.",hi,True,2025-05-05 06:42:20,asr_hi_v3,"hello, since monday. residents are reporting there is no water in the tap. we also tried the ivr earlier. kripya madad kijiye.",126,22,water_supply,no_supply,0.98,water_supply,0.443,neutral,-0.18,low,0.43,1,19.829501,75.35596,gps,13.04,"Ward 08, Aurangabad-ish",ULB_AUR,W08,Ward 08,431001,nominatim,2025-05-05 06:44:28,tet8fc,True,2025-05-05 06:41:44,True,18,1,48,4,0,0,1,0,11.0,0.569,MEDIUM,-1
PGR202500343,mobile,2025-04-19 06:12:19,Asia/Kolkata,citizen,True,1,"Hi, for two days. a loose cable is creating a hazard. pani ki kami ho rahi hai please arrange tankers. the complaint has been logged in the app. krupaya sahayya kara.",mr,True,2025-04-19 06:13:48,asr_mr_v3,"hi, for two days. a loose cable is creating a hazard. pani ki kami ho rahi hai please arrange tankers. the complaint has been logged in the app. krupaya sahayya kara.",166,31,water_supply,no_supply,0.8999999999999999,water_supply,0.3817,neutral,-0.18,low,0.25,1,20.004616,73.796507,gps,25.43,"Ward 20, Nashik-ish",ULB_NAS,W20,Ward 20,422001,nominatim,2025-04-19 06:14:44,tes3z3,True,2025-04-19 06:12:19,True,11,1,48,3,0,0,1,0,7.0,0.528,MEDIUM,-1
PGR202500344,mobile,2025-06-16 19:54:56,Asia/Kolkata,citizen,True,1,"Hello, since yesterday. Residents are reporting play equipment is broken in the park. summer water crisis is likely so please plan supply. loker madat kara. krupaya sahayya kara.",mr,True,2025-06-16 19:55:33,asr_mr_v3,"hello, since yesterday. residents are reporting play equipment is broken in the park. summer water crisis is likely so please plan supply. loker madat kara. krupaya sahayya kara.",178,28,parks,broken_play_equipment,0.75,parks,0.737,neutral,-0.18,low,0.25,1,19.938619,75.358978,gps,3.48,"Ward 09, Aurangabad-ish",ULB_AUR,W09,Ward 09,431001,nominatim,2025-06-16 19:57:52,tet96v,True,2025-06-16 19:54:56,True,17,1,24,5,0,0,0,0,13.0,0.29,LOW,-1
PGR202500345,mobile,2025-03-11 09:28:27,Asia/Kolkata,citizen,False,1,"Hi, since Monday. the wash area is broken and unclean. kirpa karke madad karo.",pa,True,2025-03-11 09:29:43,asr_pa_v3,"hi, since monday. the wash area is broken and unclean. kirpa karke madad karo.",78,14,grievance_general,information_request,0.45,grievance_general,0.4643,neutral,-0.18,low,0.25,1,19.862268,75.447888,gps,3.9,"Ward 14, Aurangabad-ish",ULB_AUR,W14,Ward 14,431001,nominatim,2025-03-11 09:30:42,tet8uz,True,2025-03-11 09:28:27,True,14,1,24,7,0,1,0,0,23.0,0.295,LOW,-1
PGR202500346,mobile,2025-06-29 16:58:40,Asia/Kolkata,citizen,True,1,"Namaste, for 48 hours. Residents are reporting the septic tank has overflowed onto the street. the complaint has been logged in the app. kripya madad kijiye.",hi,True,2025-06-29 16:58:51,asr_hi_v3,"namaste, for 48 hours. residents are reporting the septic tank has overflowed onto the street. the complaint has been logged in the app. kripya madad kijiye.",157,26,sanitation,septic_overflow,0.75,sanitation,0.7956,neutral,-0.18,low,0.43,1,19.88913,79.389817,reverse_geocode,3.0,"Ward 14, Chandrapur-ish",ULB_CHD,W14,Ward 14,442401,nominatim,2025-06-29 17:01:21,tg83ns,True,2025-06-29 16:58:40,True,18,1,48,5,1,0,0,0,11.0,0.609,HIGH,-1
PGR202500347,mobile,2025-06-21 09:45:23,Asia/Kolkata,citizen,True,1,"Ji, since last night. the public toilet is not functioning. krupaya sahayya kara.",mr,True,2025-06-21 09:46:17,asr_mr_v3,"ji, since last night. the public toilet is not functioning. krupaya sahayya kara.",81,13,sanitation,public_toilet_faulty,0.75,sanitation,0.7709,neutral,-0.0,low,0.25,1,19.875249,75.350751,gps,31.66,"Ward 17, Aurangabad-ish",ULB_AUR,W17,Ward 17,431001,nominatim,2025-06-21 09:47:09,tet94d,True,2025-06-21 09:45:23,True,12,1,24,5,0,1,0,0,31.0,0.458,MEDIUM,-1
PGR202500348,portal,2025-02-28 02:31:37,Asia/Kolkata,agent,False,1,"Hello, for the past three days. We are experiencing the public toilet is not functioning. the complaint has been logged in the app. kripya madad kijiye.",hi,True,2025-02-28 02:32:21,asr_hi_v3,"hello, for the past three days. we are experiencing the public toilet is not functioning. the complaint has been logged in the app. kripya madad kijiye.",152,26,sanitation,public_toilet_faulty,0.75,sanitation,0.7865,neutral,-0.0,low,0.43,1,20.088295,73.801465,gps,30.67,"Ward 10, Nashik-ish",ULB_NAS,W10,Ward 10,422001,nominatim,2025-02-28 02:32:05,tes6r2,True,2025-02-28 02:31:37,True,11,1,96,6,1,1,0,0,50.0,0.625,HIGH,-1
PGR202500349,portal,2025-02-25 16:35:17,Asia/Kolkata,citizen,False,1,"Hi, since yesterday. Residents are reporting there is a strong smell from the open drain. kripya madad kijiye.",hi,True,2025-02-25 16:35:47,asr_hi_v3,"hi, since yesterday. residents are reporting there is a strong smell from the open drain. kripya madad kijiye.",110,18,grievance_general,information_request,0.45,grievance_general,0.5427,neutral,-0.0,low,0.25,1,20.015761,73.754498,reverse_geocode,47.18,"Ward 16, Nashik-ish",ULB_NAS,W16,Ward 16,422001,nominatim,2025-02-25 16:37:47,tes3y7,True,2025-02-25 16:35:17,True,19,1,48,4,0,0,1,0,13.0,0.37,MEDIUM,-1
PGR202500350,portal,2025-04-21 23:21:52,Asia/Kolkata,agent,True,1,"Good evening, since last night. the community tap is dry in the morning. the complaint has been logged in the app. we also tried the IVR earlier. tankers kab aayenge. kripya madad kijiye.",hi,True,2025-04-21 23:23:22,asr_hi_v3,"good evening, since last night. the community tap is dry in the morning. the complaint has been logged in the app. we also tried the ivr earlier. tankers kab aayenge. kripya madad kijiye.",187,33,water_supply,no_supply,0.8999999999999999,water_supply,0.6573,neutral,-0.0,low,0.25,1,19.972234,79.335447,gps,9.71,"Ward 08, Chandrapur-ish",ULB_CHD,W08,Ward 08,442401,nominatim,2025-04-21 23:24:40,tg83t7,True,2025-04-21 23:21:52,True,14,1,48,4,1,0,1,0,5.0,0.647,HIGH,-1
PGR202500351,mobile,2025-02-07 17:40:41,Asia/Kolkata,contractor,True,1,"Good morning, since Monday. I am reporting that the bin is overflowing and animals gather there. we also tried the IVR earlier. kirpa karke madad karo.",pa,True,2025-02-07 17:42:01,asr_pa_v3,"good morning, since monday. i am reporting that the bin is overflowing and animals gather there. we also tried the ivr earlier. kirpa karke madad karo.",151,26,drainage,manhole_overflow,0.75,drainage,0.6528,neutral,-0.18,low,0.43,1,19.832152,75.391883,reverse_geocode,23.28,"Ward 10, Aurangabad-ish",ULB_AUR,W10,Ward 10,431001,nominatim,2025-02-07 17:41:50,tet8gd,True,2025-02-07 17:40:41,True,15,1,24,4,0,0,1,0,11.0,0.569,MEDIUM,-1
PGR202500352,ivr,2025-03-17 19:40:21,Asia/Kolkata,citizen,True,1,"Good evening, since Monday. the wash area is broken and unclean. kripya madad kijiye.",hi,True,2025-03-17 19:41:33,asr_hi_v3,"good evening, since monday. the wash area is broken and unclean. kripya madad kijiye.",85,14,grievance_general,information_request,0.45,grievance_general,0.5492,neutral,-0.18,low,0.25,1,19.896613,75.329467,photo_exif,3.0,"Ward 10, Aurangabad-ish",ULB_AUR,W10,Ward 10,431001,nominatim,2025-03-17 19:41:49,tet94n,True,2025-03-17 19:40:21,True,15,1,72,3,0,0,1,0,4.0,0.367,MEDIUM,grievance_general_11
PGR202500353,portal,2025-04-07 06:20:57,Asia/Kolkata,citizen,True,1,"Good evening, for the past three days. I am reporting that the bin is overflowing and animals gather there. the complaint has been logged in the app. krupaya sahayya kara.",mr,True,2025-04-07 06:22:11,asr_mr_v3,"good evening, for the past three days. i am reporting that the bin is overflowing and animals gather there. the complaint has been logged in the app. krupaya sahayya kara.",171,30,drainage,manhole_overflow,0.75,drainage,0.7709,neutral,-0.18,medium,0.61,1,19.95066,73.789316,gps,14.97,"Ward 15, Nashik-ish",ULB_NAS,W15,Ward 15,422001,nominatim,2025-04-07 06:22:48,tes3rp,True,2025-04-07 06:20:57,True,14,1,48,3,1,0,1,0,5.0,0.726,HIGH,-1
PGR202500354,mobile,2025-06-26 09:44:37,Asia/Kolkata,citizen,True,1,"Good evening, for the past three days. Residents are reporting the manhole is overflowing on the street. the complaint has been logged in the app. please help.",en,True,2025-06-26 09:46:24,asr_en_v3,"good evening, for the past three days. residents are reporting the manhole is overflowing on the street. the complaint has been logged in the app. please help.",159,27,drainage,manhole_overflow,0.8999999999999999,drainage,0.6729,negative,-0.36,medium,0.61,1,19.880848,79.26125,manual,12.22,"Ward 13, Chandrapur-ish",ULB_CHD,W13,Ward 13,442401,nominatim,2025-06-26 09:46:41,tg835e,True,2025-06-26 09:44:37,True,14,1,48,4,0,0,1,0,13.0,0.61,HIGH,-1
PGR202500355,mobile,2025-06-29 20:33:06,Asia/Kolkata,contractor,True,1,"Namaste, for two days. the wash area is broken and unclean. krupaya sahayya kara.",mr,True,2025-06-29 20:34:23,asr_mr_v3,"namaste, for two days. the wash area is broken and unclean. krupaya sahayya kara.",81,14,grievance_general,information_request,0.45,grievance_general,0.5833,neutral,-0.18,low,0.25,1,19.864591,75.266384,reverse_geocode,26.97,"Ward 02, Aurangabad-ish",ULB_AUR,W02,Ward 02,431001,nominatim,2025-06-29 20:35:13,tet908,True,2025-06-29 20:33:06,True,14,1,72,3,0,0,1,0,6.0,0.368,MEDIUM,-1
PGR202500356,portal,2025-02-23 17:32:37,Asia/Kolkata,citizen,True,1,"Good evening, for two days. Residents are reporting the manhole is overflowing on the street. the complaint has been logged in the app. krupaya sahayya kara.",mr,True,2025-02-23 17:32:54,asr_mr_v3,"good evening, for two days. residents are reporting the manhole is overflowing on the street. the complaint has been logged in the app. krupaya sahayya kara.",157,26,drainage,manhole_overflow,0.8999999999999999,drainage,0.6836,neutral,-0.18,low,0.43,1,19.84135,75.381098,reverse_geocode,35.26,Aurangabad-ish,ULB_AUR,Non,,431001,nominatim,2025-02-23 17:34:00,tet8gk,True,2025-02-23 17:32:37,True,6,1,48,3,1,0,1,0,5.0,0.687,HIGH,-1
PGR202500357,mobile,2025-06-14 18:02:16,Asia/Kolkata,citizen,True,1,"Ji, since Monday. I am reporting that a license check is required for these stalls. please help.",en,True,2025-06-14 18:03:53,asr_en_v3,"ji, since monday. i am reporting that a license check is required for these stalls. please help.",96,17,markets,license_check,0.75,markets,0.8994,neutral,-0.18,low,0.25,1,19.996292,73.89953,gps,34.87,"Ward 16, Nashik-ish",ULB_NAS,W16,Ward 16,422001,nominatim,2025-06-14 18:04:52,tes9c8,True,2025-06-14 18:02:16,True,19,1,72,4,1,0,1,0,8.0,0.488,MEDIUM,-1
PGR202500358,portal,2025-02-14 15:20:37,Asia/Kolkata,citizen,True,1,"Hi, for almost a week. Residents are reporting staff behaviour was unhelpful at the office. we also tried the IVR earlier. krupaya sahayya kara.",mr,True,2025-02-14 15:21:02,asr_mr_v3,"hi, for almost a week. residents are reporting staff behaviour was unhelpful at the office. we also tried the ivr earlier. krupaya sahayya kara.",144,24,grievance_general,staff_behavior,0.75,grievance_general,0.5721,neutral,-0.18,low,0.25,1,20.087445,73.817062,gps,7.36,"Ward 03, Nashik-ish",ULB_NAS,W03,Ward 03,422001,nominatim,2025-02-14 15:23:07,tes6r8,True,2025-02-14 15:20:37,True,10,2,72,5,0,0,0,0,13.0,0.34,LOW,grievance_general_12
PGR202500359,whatsapp,2025-05-24 06:59:19,Asia/Kolkata,citizen,True,1,"Ji, for almost a week. I am reporting that the community tap is dry in the morning. it feels like a drought and the borewell is almost dry. we also tried the IVR earlier. krupaya sahayya kara.",mr,True,2025-05-24 06:59:55,asr_mr_v3,"ji, for almost a week. i am reporting that the community tap is dry in the morning. it feels like a drought and the borewell is almost dry. we also tried the ivr earlier. krupaya sahayya kara.",192,37,water_supply,no_supply,0.75,water_supply,0.5069,neutral,-0.0,low,0.25,1,20.015373,79.380203,gps,34.98,"Ward 20, Chandrapur-ish",ULB_CHD,W20,Ward 20,442401,nominatim,2025-05-24 07:02:09,tg83y7,True,2025-05-24 06:59:19,True,13,1,24,4,1,0,1,0,9.0,0.649,HIGH,-1
PGR202500360,mobile,2025-06-07 20:18:48,Asia/Kolkata,citizen,False,1,"Good evening, for almost a week. the manhole is overflowing on the street. kripya madad kijiye.",hi,True,2025-06-07 20:19:41,asr_hi_v3,"good evening, for almost a week. the manhole is overflowing on the street. kripya madad kijiye.",95,16,drainage,manhole_overflow,0.8999999999999999,drainage,0.7192,neutral,-0.18,low,0.43,1,19.924646,79.362439,photo_exif,19.34,"Ward 14, Chandrapur-ish",ULB_CHD,W14,Ward 14,442401,nominatim,2025-06-07 20:20:40,tg83mg,True,2025-06-07 20:18:48,True,18,1,48,3,0,0,1,0,3.0,0.566,MEDIUM,-1
PGR202500361,mobile,2025-06-14 14:51:09,Asia/Kolkata,citizen,True,1,"Ji, since yesterday. I am reporting that garbage pickup has been missed repeatedly. the complaint has been logged in the app. kripya madad kijiye.",hi,True,2025-06-14 14:51:24,asr_hi_v3,"ji, since yesterday. i am reporting that garbage pickup has been missed repeatedly. the complaint has been logged in the app. kripya madad kijiye.",146,24,solid_waste,missed_pickup,0.75,solid_waste,0.7909,negative,-0.36,low,0.25,1,19.820525,75.38691,reverse_geocode,193.65,"Ward 02, Aurangabad-ish",ULB_AUR,W02,Ward 02,431001,nominatim,2025-06-14 14:51:41,tet8g2,True,2025-06-14 14:51:09,True,14,1,96,5,1,0,0,0,10.0,0.409,MEDIUM,-1
PGR202500362,whatsapp,2025-03-06 12:18:16,Asia/Kolkata,contractor,True,1,"Namaste, for two days. I am reporting that a license check is required for these stalls. krupaya sahayya kara.",mr,True,2025-03-06 12:19:06,asr_mr_v3,"namaste, for two days. i am reporting that a license check is required for these stalls. krupaya sahayya kara.",110,19,markets,license_check,0.75,markets,0.9056,neutral,-0.0,low,0.25,1,20.023662,73.703365,gps,9.37,"Ward 10, Nashik-ish",ULB_NAS,W10,Ward 10,422001,nominatim,2025-03-06 12:20:51,tes3vj,True,2025-03-06 12:18:16,True,11,1,72,5,0,0,0,0,13.0,0.29,LOW,-1
PGR202500363,portal,2025-06-15 00:24:27,Asia/Kolkata,citizen,True,1,"Hi, since last night. there is illegal construction on the terrace. the complaint has been logged in the app. krupaya sahayya kara.",mr,True,2025-06-15 00:24:41,asr_mr_v3,"hi, since last night. there is illegal construction on the terrace. the complaint has been logged in the app. krupaya sahayya kara.",131,22,building_safety,illegal_construction,0.75,building_safety,0.7752,neutral,-0.0,low,0.25,1,19.918392,79.393307,gps,11.6,"Ward 17, Chandrapur-ish",ULB_CHD,W17,Ward 17,442401,nominatim,2025-06-15 00:24:59,tg83qd,True,2025-06-15 00:24:27,True,13,1,24,3,0,0,1,0,8.0,0.528,MEDIUM,-1
PGR202500364,mobile,2025-02-18 09:31:52,Asia/Kolkata,citizen,True,1,"Good morning, for two days. We are experiencing a license check is required for these stalls. the complaint has been logged in the app. krupaya sahayya kara.",mr,True,2025-02-18 09:33:31,asr_mr_v3,"good morning, for two days. we are experiencing a license check is required for these stalls. the complaint has been logged in the app. krupaya sahayya kara.",157,27,markets,license_check,0.75,markets,0.8694,neutral,-0.0,low,0.25,1,19.847375,75.286291,gps,46.13,"Ward 06, Aurangabad-ish",ULB_AUR,W06,Ward 06,431001,nominatim,2025-02-18 09:32:43,tet8cj,True,2025-02-18 09:31:52,True,19,1,24,3,0,0,1,0,6.0,0.368,MEDIUM,-1
PGR202500365,ivr,2025-04-19 19:53:23,Asia/Kolkata,citizen,True,1,"Good morning, since Monday. We are experiencing the bin is overflowing and animals gather there. kripya madad kijiye.",hi,True,2025-04-19 19:53:46,asr_hi_v3,"good morning, since monday. we are experiencing the bin is overflowing and animals gather there. kripya madad kijiye.",117,18,drainage,manhole_overflow,0.75,drainage,0.8062,neutral,-0.18,low,0.43,1,19.906254,79.321882,gps,24.61,"Ward 19, Chandrapur-ish",ULB_CHD,W19,Ward 19,442401,nominatim,2025-04-19 19:54:28,tg83jp,True,2025-04-19 19:53:23,True,15,1,24,5,1,0,0,0,9.0,0.608,HIGH,drainage_1
PGR202500366,ivr,2025-04-12 10:21:46,Asia/Kolkata,citizen,True,1,"Ji, for 48 hours. We are experiencing waterlogging is happening after even light rain. krupaya sahayya kara.",mr,True,2025-04-12 10:22:31,asr_mr_v3,"ji, for 48 hours. we are experiencing waterlogging is happening after even light rain. krupaya sahayya kara.",108,17,drainage,waterlogging,0.75,drainage,0.7548,neutral,-0.0,low,0.25,1,19.997971,79.3637,reverse_geocode,22.62,"Ward 09, Chandrapur-ish",ULB_CHD,W09,Ward 09,442401,nominatim,2025-04-12 10:22:35,tg83vb,True,2025-04-12 10:21:46,True,20,1,72,4,1,0,1,0,8.0,0.648,HIGH,-1
PGR202500367,portal,2025-03-20 09:20:40,Asia/Kolkata,citizen,False,1,"Good evening, since Monday. We are experiencing a service request has no update. the complaint has been logged in the app. krupaya sahayya kara.",mr,True,2025-03-20 09:22:18,asr_mr_v3,"good evening, since monday. we are experiencing a service request has no update. the complaint has been logged in the app. krupaya sahayya kara.",144,24,grievance_general,information_request,0.45,grievance_general,0.542,neutral,-0.0,low,0.25,1,19.941159,79.281309,gps,16.07,"Ward 05, Chandrapur-ish",ULB_CHD,W05,Ward 05,442401,nominatim,2025-03-20 09:22:55,tg83kn,True,2025-03-20 09:20:40,True,20,2,72,3,0,0,1,0,4.0,0.417,MEDIUM,-1
PGR202500368,portal,2025-02-04 07:36:39,Asia/Kolkata,citizen,True,1,"Hello, since yesterday. Residents are reporting garbage pickup has been missed repeatedly. the complaint has been logged in the app. please jaldi se kijiye. please help.",en,True,2025-02-04 07:37:11,asr_en_v3,"hello, since yesterday. residents are reporting garbage pickup has been missed repeatedly. the complaint has been logged in the app. please jaldi se kijiye. please help.",169,26,solid_waste,missed_pickup,0.75,solid_waste,0.6713,negative,-0.54,low,0.25,1,19.95691,73.792526,reverse_geocode,56.69,"Ward 08, Nashik-ish",ULB_NAS,W08,Ward 08,422001,nominatim,2025-02-04 07:38:09,tes3x1,True,2025-02-04 07:36:39,True,9,1,72,3,0,0,1,0,7.0,0.368,MEDIUM,-1
PGR202500369,mobile,2025-05-27 19:14:40,Asia/Kolkata,citizen,False,1,"Good morning, for almost a week. I am reporting that the bin is overflowing and animals gather there. the complaint has been logged in the app. we also tried the IVR earlier. kripya madad kijiye.",hi,True,2025-05-27 19:15:10,asr_hi_v3,"good morning, for almost a week. i am reporting that the bin is overflowing and animals gather there. the complaint has been logged in the app. we also tried the ivr earlier. kripya madad kijiye.",195,35,drainage,manhole_overflow,0.75,drainage,0.7287,neutral,-0.18,low,0.43,1,20.072216,73.845936,reverse_geocode,39.58,"Ward 11, Nashik-ish",ULB_NAS,W11,Ward 11,422001,nominatim,2025-05-27 19:15:35,tesd0q,True,2025-05-27 19:14:40,True,17,1,24,3,0,0,1,0,9.0,0.568,MEDIUM,-1
PGR202500370,mobile,2025-03-23 08:06:03,Asia/Kolkata,citizen,False,1,"Hi, for two days. we suspect a pipeline leak nearby. groundwater is very low this season. krupaya sahayya kara.",mr,True,2025-03-23 08:07:21,asr_mr_v3,"hi, for two days. we suspect a pipeline leak nearby. groundwater is very low this season. krupaya sahayya kara.",111,19,water_supply,burst_pipeline,0.75,water_supply,0.6355,neutral,-0.0,low,0.25,1,19.937204,79.339205,reverse_geocode,9.18,"Ward 14, Chandrapur-ish",ULB_CHD,W14,Ward 14,442401,nominatim,2025-03-23 08:06:23,tg83mm,True,2025-03-23 08:06:03,True,18,1,72,4,0,0,1,0,13.0,0.53,MEDIUM,water_supply_9
PGR202500371,portal,2025-05-11 05:58:49,Asia/Kolkata,citizen,False,1,"Hi, in Nashik near Ward 19, since last night. a license check is required for these stalls. the complaint has been logged in the app. krupaya sahayya kara.",mr,True,2025-05-11 05:59:25,asr_mr_v3,"hi, in nashik near ward 19, since last night. a license check is required for these stalls. the complaint has been logged in the app. krupaya sahayya kara.",155,28,markets,license_check,0.75,markets,0.7966,neutral,-0.0,low,0.25,1,20.015437,73.815803,manual,15.9,"Ward 19, Nashik-ish",ULB_NAS,W19,Ward 19,422001,nominatim,2025-05-11 05:59:43,tes3ze,True,2025-05-11 05:58:49,True,13,1,24,4,0,0,1,0,9.0,0.369,MEDIUM,-1
PGR202500372,mobile,2025-04-03 12:47:29,Asia/Kolkata,citizen,True,1,"Good evening, since Monday. We are experiencing there is illegal construction on the terrace. krupaya sahayya kara.",mr,True,2025-04-03 12:48:13,asr_mr_v3,"good evening, since monday. we are experiencing there is illegal construction on the terrace. krupaya sahayya kara.",115,17,building_safety,illegal_construction,0.75,building_safety,0.8078,neutral,-0.0,low,0.25,1,20.027626,73.836193,gps,16.79,"Ward 04, Nashik-ish",ULB_NAS,W04,Ward 04,422001,nominatim,2025-04-03 12:49:39,tes9bj,True,2025-04-03 12:47:29,True,7,1,48,4,1,0,1,0,8.0,0.648,HIGH,-1
PGR202500373,portal,2025-03-29 01:10:03,Asia/Kolkata,citizen,False,1,"Hello, for two days. I am reporting that the drain is blocked and water is stagnant. kripya madad kijiye.",hi,True,2025-03-29 01:10:25,asr_hi_v3,"hello, for two days. i am reporting that the drain is blocked and water is stagnant. kripya madad kijiye.",105,19,grievance_general,information_request,0.45,grievance_general,0.6081,neutral,-0.0,low,0.25,1,20.026156,73.888122,reverse_geocode,22.19,"Ward 20, Nashik-ish",ULB_NAS,W20,Ward 20,422001,nominatim,2025-03-29 01:12:30,tes9cm,True,2025-03-29 01:10:03,True,11,1,48,5,0,1,0,0,25.0,0.295,LOW,grievance_general_10
PGR202500374,csc,2025-06-13 22:39:54,Asia/Kolkata,citizen,True,1,"Good evening, since Monday. We are experiencing the wash area is broken and unclean. the complaint has been logged in the app. krupaya sahayya kara.",mr,True,2025-06-13 22:41:35,asr_mr_v3,"good evening, since monday. we are experiencing the wash area is broken and unclean. the complaint has been logged in the app. krupaya sahayya kara.",148,25,grievance_general,information_request,0.45,grievance_general,0.52,neutral,-0.18,low,0.25,1,20.014204,73.703183,reverse_geocode,9.48,"Ward 11, Nashik-ish",ULB_NAS,W11,Ward 11,422001,nominatim,2025-06-13 22:41:01,tes3v5,True,2025-06-13 22:39:54,True,17,1,48,4,0,0,1,0,12.0,0.37,MEDIUM,-1
PGR202500375,mobile,2025-02-15 04:04:47,Asia/Kolkata,citizen,True,1,"Hi, for almost a week. Residents are reporting the drain is blocked and water is stagnant. we also tried the IVR earlier. please help.",en,True,2025-02-15 04:06:39,asr_en_v3,"hi, for almost a week. residents are reporting the drain is blocked and water is stagnant. we also tried the ivr earlier. please help.",134,24,grievance_general,information_request,0.45,grievance_general,0.5312,neutral,-0.18,low,0.25,1,19.835456,75.350121,gps,26.58,"Ward 03, Aurangabad-ish",ULB_AUR,W03,Ward 03,431001,nominatim,2025-02-15 04:05:18,tet8fd,True,2025-02-15 04:04:47,True,19,1,48,4,0,0,1,0,5.0,0.367,MEDIUM,-1
PGR202500376,portal,2025-05-22 11:49:20,Asia/Kolkata,citizen,True,1,"Good morning, for the past three days. We are experiencing the grass is drying up because irrigation is off. the complaint has been logged in the app. krupaya sahayya kara.",mr,True,2025-05-22 11:50:37,asr_mr_v3,"good morning, for the past three days. we are experiencing the grass is drying up because irrigation is off. the complaint has been logged in the app. krupaya sahayya kara.",172,30,parks,lawn_irrigation,0.75,parks,0.7789,neutral,-0.0,low,0.43,1,19.881086,75.360477,gps,41.78,"Ward 19, Aurangabad-ish",ULB_AUR,W19,Ward 19,431001,nominatim,2025-05-22 11:51:09,tet94g,True,2025-05-22 11:49:20,True,12,1,24,5,1,0,0,0,9.0,0.448,MEDIUM,-1
PGR202500377,mobile,2025-05-24 00:26:32,Asia/Kolkata,citizen,True,1,"Hello, for two days. mosquito breeding is visible due to stagnant water. we also tried the IVR earlier. krupaya sahayya kara.",mr,True,2025-05-24 00:27:00,asr_mr_v3,"hello, for two days. mosquito breeding is visible due to stagnant water. we also tried the ivr earlier. krupaya sahayya kara.",125,21,public_health,mosquito_breeding,0.8999999999999999,public_health,0.7507,neutral,-0.18,low,0.25,1,19.980037,79.291197,gps,3.0,"Ward 07, Chandrapur-ish",ULB_CHD,W07,Ward 07,442401,nominatim,2025-05-24 00:28:57,tg83sm,True,2025-05-24 00:26:32,True,16,1,24,5,0,0,0,0,18.0,0.452,MEDIUM,-1
PGR202500378,ivr,2025-03-29 23:58:08,Asia/Kolkata,citizen,True,1,"Hi, since Monday. we need information on the process. groundwater is very low this season. kripya madad kijiye.",hi,True,2025-03-29 23:59:59,asr_hi_v3,"hi, since monday. we need information on the process. groundwater is very low this season. kripya madad kijiye.",111,18,grievance_general,information_request,0.75,grievance_general,0.3774,neutral,-0.0,low,0.25,1,19.899736,75.390806,gps,3.08,"Ward 13, Aurangabad-ish",ULB_AUR,W13,Ward 13,431001,nominatim,2025-03-29 23:58:39,tet95w,True,2025-03-29 23:58:08,True,16,2,72,3,0,0,1,0,7.0,0.418,MEDIUM,-1
PGR202500379,mobile,2025-03-12 08:51:28,Asia/Kolkata,citizen,True,1,"Hello, in Nashik near Ward 14, since yesterday. We are experiencing garbage pickup has been missed repeatedly. please help.",en,True,2025-03-12 08:52:39,asr_en_v3,"hello, in nashik near ward 14, since yesterday. we are experiencing garbage pickup has been missed repeatedly. please help.",123,19,solid_waste,missed_pickup,0.75,solid_waste,0.7024,negative,-0.54,low,0.25,1,20.011692,73.780434,gps,12.75,"Ward 14, Nashik-ish",ULB_NAS,W14,Ward 14,422001,nominatim,2025-03-12 08:53:55,tes3yg,True,2025-03-12 08:51:28,True,15,1,24,3,1,0,1,0,2.0,0.486,MEDIUM,-1
PGR202500380,portal,2025-02-01 19:06:19,Asia/Kolkata,agent,True,1,"Good evening, for two days. We are experiencing the bin is overflowing and animals gather there. dayavittu sahaya maadi.",kn,True,2025-02-01 19:07:07,asr_kn_v3,"good evening, for two days. we are experiencing the bin is overflowing and animals gather there. dayavittu sahaya maadi.",120,19,drainage,manhole_overflow,0.75,drainage,0.7001,neutral,-0.18,low,0.43,1,19.905049,79.312098,gps,13.45,"Ward 01, Chandrapur-ish",ULB_CHD,W01,Ward 01,442401,nominatim,2025-02-01 19:07:06,tg83hz,True,2025-02-01 19:06:19,True,20,1,48,4,0,0,1,0,9.0,0.568,MEDIUM,drainage_1
PGR202500381,portal,2025-06-21 12:31:37,Asia/Kolkata,citizen,True,1,"Hi, for almost a week. there is no water in the tap. kirpa karke madad karo.",pa,True,2025-06-21 12:32:47,asr_pa_v3,"hi, for almost a week. there is no water in the tap. kirpa karke madad karo.",76,16,water_supply,no_supply,0.98,water_supply,0.5052,neutral,-0.18,low,0.43,1,20.068022,73.881795,reverse_geocode,49.98,"Ward 05, Nashik-ish",ULB_NAS,W05,Ward 05,422001,nominatim,2025-06-21 12:32:38,tesd1j,True,2025-06-21 12:31:37,True,23,2,96,6,1,1,0,0,15.0,0.661,HIGH,-1
PGR202500382,mobile,2025-06-23 03:49:58,Asia/Kolkata,citizen,False,1,"Ji, since yesterday. Residents are reporting the drain is blocked and water is stagnant. we also tried the IVR earlier. krupaya sahayya kara.",mr,True,2025-06-23 03:50:20,asr_mr_v3,"ji, since yesterday. residents are reporting the drain is blocked and water is stagnant. we also tried the ivr earlier. krupaya sahayya kara.",141,23,grievance_general,information_request,0.45,grievance_general,0.5816,neutral,-0.0,low,0.25,1,19.889042,75.309874,gps,35.03,Aurangabad-ish,ULB_AUR,Non,,431001,nominatim,2025-06-23 03:51:57,tet91s,True,2025-06-23 03:49:58,True,6,1,24,5,1,0,0,0,14.0,0.411,MEDIUM,-1
PGR202500383,portal,2025-03-09 03:29:38,Asia/Kolkata,citizen,True,1,"Hello, for the past three days. Residents are reporting we suspect a pipeline leak nearby. tankers kab aayenge. kripya madad kijiye.",hi,True,2025-03-09 03:31:04,asr_hi_v3,"hello, for the past three days. residents are reporting we suspect a pipeline leak nearby. tankers kab aayenge. kripya madad kijiye.",132,21,water_supply,no_supply,0.75,water_supply,0.6558,neutral,-0.0,low,0.43,1,19.902343,75.398029,gps,34.16,"Ward 07, Aurangabad-ish",ULB_AUR,W07,Ward 07,431001,nominatim,2025-03-09 03:30:06,tet95x,True,2025-03-09 03:29:38,True,20,1,24,4,0,0,1,0,12.0,0.57,MEDIUM,-1
PGR202500384,portal,2025-02-05 18:52:47,Asia/Kolkata,citizen,True,1,"Namaste, since last night. Residents are reporting waterlogging is happening after even light rain. kripya madad kijiye.",hi,True,2025-02-05 18:53:00,asr_hi_v3,"namaste, since last night. residents are reporting waterlogging is happening after even light rain. kripya madad kijiye.",120,17,drainage,waterlogging,0.75,drainage,0.7787,neutral,-0.0,low,0.25,1,19.999832,73.86531,gps,16.03,"Ward 01, Nashik-ish",ULB_NAS,W01,Ward 01,422001,nominatim,2025-02-05 18:53:55,tes9bb,True,2025-02-05 18:52:47,True,10,1,48,3,0,0,1,0,6.0,0.527,MEDIUM,-1
PGR202500385,portal,2025-02-19 09:55:42,Asia/Kolkata,citizen,True,1,"Ji, since last night. We are experiencing the signal is not working at the junction. summer water crisis is likely so please plan supply. please help.",en,True,2025-02-19 09:56:29,asr_en_v3,"ji, since last night. we are experiencing the signal is not working at the junction. summer water crisis is likely so please plan supply. please help.",150,26,grievance_general,information_request,0.45,grievance_general,0.2985,neutral,-0.18,low,0.25,1,19.890317,79.251613,gps,15.71,"Ward 01, Chandrapur-ish",ULB_CHD,W01,Ward 01,442401,nominatim,2025-02-19 09:56:24,tg835k,True,2025-02-19 09:55:42,True,20,1,48,4,0,0,1,0,9.0,0.369,MEDIUM,-1
PGR202500386,csc,2025-02-11 03:30:51,Asia/Kolkata,citizen,True,1,"Hello, in Chandrapur near Ward 17, for 48 hours. Residents are reporting the whole stretch is dark after evening. the complaint has been logged in the app. krupaya sahayya kara.",mr,True,2025-02-11 03:31:10,asr_mr_v3,"hello, in chandrapur near ward 17, for 48 hours. residents are reporting the whole stretch is dark after evening. the complaint has been logged in the app. krupaya sahayya kara.",177,30,grievance_general,information_request,0.45,grievance_general,0.4982,neutral,-0.0,low,0.25,1,19.897216,79.273401,photo_exif,3.0,"Ward 17, Chandrapur-ish",ULB_CHD,W17,Ward 17,442401,nominatim,2025-02-11 03:31:45,tg835y,True,2025-02-11 03:30:51,True,13,1,24,5,1,0,0,0,13.0,0.41,MEDIUM,grievance_general_13
PGR202500387,whatsapp,2025-06-05 16:00:19,Asia/Kolkata,citizen,True,1,"Good morning, for almost a week. Residents are reporting staff behaviour was unhelpful at the office. the complaint has been logged in the app. kripya madad kijiye.",hi,True,2025-06-05 16:01:14,asr_hi_v3,"good morning, for almost a week. residents are reporting staff behaviour was unhelpful at the office. the complaint has been logged in the app. kripya madad kijiye.",164,27,grievance_general,staff_behavior,0.75,grievance_general,0.5626,neutral,-0.18,low,0.25,1,20.00305,79.313747,gps,31.73,"Ward 04, Chandrapur-ish",ULB_CHD,W04,Ward 04,442401,nominatim,2025-06-05 16:02:42,tg83uc,True,2025-06-05 16:00:19,True,19,1,72,3,0,0,1,0,7.0,0.368,MEDIUM,-1
PGR202500388,portal,2025-06-14 18:52:51,Asia/Kolkata,citizen,True,1,"Good evening, since Monday. stray dogs are aggressive near the market. the complaint has been logged in the app. kripya madad kijiye.",hi,True,2025-06-14 18:53:57,asr_hi_v3,"good evening, since monday. stray dogs are aggressive near the market. the complaint has been logged in the app. kripya madad kijiye.",133,22,public_health,stray_dogs,0.8999999999999999,public_health,0.8216,neutral,-0.0,low,0.25,1,19.84124,75.335815,gps,27.37,"Ward 03, Aurangabad-ish",ULB_AUR,W03,Ward 03,431001,nominatim,2025-06-14 18:53:47,tet8f7,True,2025-06-14 18:52:51,True,19,1,24,5,0,0,0,0,10.0,0.449,MEDIUM,-1
PGR202500389,portal,2025-02-23 23:49:24,Asia/Kolkata,citizen,True,1,"Hello, for the past three days. We are experiencing a service request has no update. the complaint has been logged in the app. barah e karam madad karein.",ur,True,2025-02-23 23:50:36,asr_ur_v3,"hello, for the past three days. we are experiencing a service request has no update. the complaint has been logged in the app. barah e karam madad karein.",154,28,grievance_general,information_request,0.45,grievance_general,0.4576,neutral,-0.0,low,0.43,1,20.009226,73.760292,gps,39.29,"Ward 12, Nashik-ish",ULB_NAS,W12,Ward 12,422001,nominatim,2025-02-23 23:49:50,tes3y6,True,2025-02-23 23:49:24,True,12,1,72,3,1,0,1,0,6.0,0.527,MEDIUM,-1
PGR202500390,mobile,2025-05-24 00:15:42,Asia/Kolkata,citizen,True,1,"Ji, for 48 hours. there are big potholes on the road. the complaint has been logged in the app. pressure bahut kam hai. please help.",en,True,2025-05-24 00:17:12,asr_en_v3,"ji, for 48 hours. there are big potholes on the road. the complaint has been logged in the app. pressure bahut kam hai. please help.",132,25,roads,potholes,0.75,roads,0.6906,neutral,-0.18,low,0.25,1,19.970685,73.831183,gps,16.84,"Ward 03, Nashik-ish",ULB_NAS,W03,Ward 03,422001,nominatim,2025-05-24 00:16:36,tes985,True,2025-05-24 00:15:42,True,10,1,24,5,0,0,0,0,12.0,0.29,LOW,-1
PGR202500391,csc,2025-02-27 21:21:57,Asia/Kolkata,citizen,True,1,"Hi, in Aurangabad near Ward 14, since last night. there are big potholes on the road. kirpa karke madad karo.",pa,True,2025-02-27 21:22:17,asr_pa_v3,"hi, in aurangabad near ward 14, since last night. there are big potholes on the road. kirpa karke madad karo.",109,20,roads,potholes,0.75,roads,0.6352,neutral,-0.18,low,0.25,1,19.820491,75.405085,reverse_geocode,17.87,"Ward 14, Aurangabad-ish",ULB_AUR,W14,Ward 14,431001,nominatim,2025-02-27 21:22:30,tet8gb,True,2025-02-27 21:21:57,True,14,1,72,4,0,0,1,0,15.0,0.371,MEDIUM,-1
PGR202500392,portal,2025-03-28 01:57:08,Asia/Kolkata,citizen,True,1,"Good morning, for the past three days. the septic tank has overflowed onto the street. kripya madad kijiye.",hi,True,2025-03-28 01:57:40,asr_hi_v3,"good morning, for the past three days. the septic tank has overflowed onto the street. kripya madad kijiye.",107,18,sanitation,septic_overflow,0.75,sanitation,0.8437,neutral,-0.18,medium,0.61,1,19.830253,75.396274,reverse_geocode,22.55,"Ward 11, Aurangabad-ish",ULB_AUR,W11,Ward 11,431001,nominatim,2025-03-28 01:59:07,tet8g9,True,2025-03-28 01:57:08,True,18,1,24,4,0,0,1,0,5.0,0.606,HIGH,-1
PGR202500393,portal,2025-05-01 21:46:40,Asia/Kolkata,agent,False,1,"Namaste, for two days. We are experiencing the public toilet is not functioning. the complaint has been logged in the app. please help.",en,True,2025-05-01 21:47:59,asr_en_v3,"namaste, for two days. we are experiencing the public toilet is not functioning. the complaint has been logged in the app. please help.",135,23,sanitation,public_toilet_faulty,0.75,sanitation,0.7784,neutral,-0.18,low,0.25,1,19.920838,75.275065,gps,33.38,"Ward 13, Aurangabad-ish",ULB_AUR,W13,Ward 13,431001,nominatim,2025-05-01 21:49:35,tet92f,True,2025-05-01 21:46:40,True,16,1,48,3,0,0,1,0,4.0,0.527,MEDIUM,-1
PGR202500394,mobile,2025-05-19 23:44:10,Asia/Kolkata,citizen,True,1,"Good evening, for almost a week. Residents are reporting there are big potholes on the road. summer water crisis is likely so please plan supply. please help.",en,True,2025-05-19 23:44:55,asr_en_v3,"good evening, for almost a week. residents are reporting there are big potholes on the road. summer water crisis is likely so please plan supply. please help.",158,27,roads,potholes,0.75,roads,0.5487,neutral,-0.18,low,0.25,1,19.892144,79.392436,reverse_geocode,3.0,"Ward 10, Chandrapur-ish",ULB_CHD,W10,Ward 10,442401,nominatim,2025-05-19 23:44:56,tg83nt,True,2025-05-19 23:44:10,True,13,1,48,5,0,0,0,0,9.0,0.289,LOW,-1
PGR202500395,ivr,2025-06-12 04:25:23,Asia/Kolkata,citizen,False,1,"Good morning, since last night. Residents are reporting a service request has no update. krupaya sahayya kara.",mr,True,2025-06-12 04:26:27,asr_mr_v3,"good morning, since last night. residents are reporting a service request has no update. krupaya sahayya kara.",110,17,grievance_general,information_request,0.45,grievance_general,0.5396,neutral,-0.0,low,0.25,1,20.019457,73.826047,gps,31.04,"Ward 16, Nashik-ish",ULB_NAS,W16,Ward 16,422001,nominatim,2025-06-12 04:27:39,tes3zu,True,2025-06-12 04:25:23,True,19,2,48,4,0,0,1,0,9.0,0.419,MEDIUM,-1
PGR202500396,mobile,2025-02-07 17:13:31,Asia/Kolkata,citizen,True,1,"Hello, since last night. We are experiencing garbage pickup has been missed repeatedly. the complaint has been logged in the app. we also tried the IVR earlier. kripya madad kijiye.",hi,True,2025-02-07 17:14:05,asr_hi_v3,"hello, since last night. we are experiencing garbage pickup has been missed repeatedly. the complaint has been logged in the app. we also tried the ivr earlier. kripya madad kijiye.",181,30,solid_waste,missed_pickup,0.75,solid_waste,0.7202,negative,-0.36,low,0.25,1,19.803489,75.305742,manual,19.69,"Ward 13, Aurangabad-ish",ULB_AUR,W13,Ward 13,431001,nominatim,2025-02-07 17:14:49,tet89t,True,2025-02-07 17:13:31,True,16,1,72,4,0,0,1,0,9.0,0.369,MEDIUM,-1
PGR202500397,portal,2025-03-02 11:09:53,Asia/Kolkata,citizen,True,1,"Hello, for 48 hours. We are experiencing an electrical cabinet is open near the path. kripya madad kijiye.",hi,True,2025-03-02 11:11:06,asr_hi_v3,"hello, for 48 hours. we are experiencing an electrical cabinet is open near the path. kripya madad kijiye.",106,18,grievance_general,information_request,0.45,grievance_general,0.5266,neutral,-0.0,low,0.25,1,19.87581,75.427244,reverse_geocode,4.12,"Ward 09, Aurangabad-ish",ULB_AUR,W09,Ward 09,431001,nominatim,2025-03-02 11:10:24,tet9h6,True,2025-03-02 11:09:53,True,17,1,24,4,1,0,1,0,10.0,0.489,MEDIUM,-1
PGR202500398,mobile,2025-03-15 01:49:51,Asia/Kolkata,citizen,True,1,"Good morning, since Monday. I am reporting that play equipment is broken in the park. pani ki kami ho rahi hai please arrange tankers. the complaint has been logged in the app. we also tried the IVR earlier. paani nahi aa raha hai. please help.",en,True,2025-03-15 01:50:22,asr_en_v3,"good morning, since monday. i am reporting that play equipment is broken in the park. pani ki kami ho rahi hai please arrange tankers. the complaint has been logged in the app. we also tried the ivr earlier. paani nahi aa raha hai. please help.",244,45,water_supply,no_supply,0.98,water_supply,0.5536,highly_negative,-0.72,low,0.25,1,19.918002,79.366279,gps,11.27,"Ward 01, Chandrapur-ish",ULB_CHD,W01,Ward 01,442401,nominatim,2025-03-15 01:52:01,tg83q1,True,2025-03-15 01:49:51,True,20,1,48,4,1,0,1,0,11.0,0.65,HIGH,-1
PGR202500399,whatsapp,2025-03-19 13:09:54,Asia/Kolkata,citizen,True,1,"Good morning, since last night. Residents are reporting stray dogs are aggressive near the market. pani ki kami ho rahi hai please arrange tankers. the complaint has been logged in the app. kripya madad kijiye.",hi,True,2025-03-19 13:11:41,asr_hi_v3,"good morning, since last night. residents are reporting stray dogs are aggressive near the market. pani ki kami ho rahi hai please arrange tankers. the complaint has been logged in the app. kripya madad kijiye.",210,35,water_supply,no_supply,0.8999999999999999,public_health,0.4623,neutral,-0.18,low,0.25,1,20.049332,73.723054,reverse_geocode,17.95,Nashik-ish,ULB_NAS,Non,,422001,nominatim,2025-03-19 13:10:47,tes6j9,True,2025-03-19 13:09:54,True,8,1,72,4,0,0,1,0,7.0,0.528,MEDIUM,water_supply_13
PGR202500400,mobile,2025-06-30 16:54:00,Asia/Kolkata,citizen,False,1,"Hello, for the past three days. the manhole is overflowing on the street. the complaint has been logged in the app. please help.",en,True,2025-06-30 16:54:33,asr_en_v3,"hello, for the past three days. the manhole is overflowing on the street. the complaint has been logged in the app. please help.",128,23,drainage,manhole_overflow,0.8999999999999999,drainage,0.6559,negative,-0.36,medium,0.61,1,19.844006,75.297573,manual,41.72,"Ward 03, Aurangabad-ish",ULB_AUR,W03,Ward 03,431001,nominatim,2025-06-30 16:55:42,tet8ck,True,2025-06-30 16:54:00,True,19,1,72,5,0,0,0,0,13.0,0.53,MEDIUM,drainage_0
PGR202500401,mobile,2025-05-28 14:39:25,Asia/Kolkata,citizen,True,1,"Good evening, since Monday. Residents are reporting there is illegal construction on the terrace. the complaint has been logged in the app. krupaya sahayya kara.",mr,True,2025-05-28 14:39:44,asr_mr_v3,"good evening, since monday. residents are reporting there is illegal construction on the terrace. the complaint has been logged in the app. krupaya sahayya kara.",161,25,building_safety,illegal_construction,0.75,building_safety,0.7893,neutral,-0.0,low,0.25,1,19.941954,79.3453,gps,45.12,"Ward 01, Chandrapur-ish",ULB_CHD,W01,Ward 01,442401,nominatim,2025-05-28 14:41:06,tg83mw,True,2025-05-28 14:39:25,True,20,1,48,3,0,0,1,0,4.0,0.527,MEDIUM,building_safety_0
PGR202500402,ivr,2025-03-21 01:30:06,Asia/Kolkata,citizen,True,1,"Good evening, since Monday. We are experiencing there is no water in the tap. please help.",en,True,2025-03-21 01:30:21,asr_en_v3,"good evening, since monday. we are experiencing there is no water in the tap. please help.",90,16,water_supply,no_supply,0.98,water_supply,0.5405,negative,-0.36,low,0.43,1,20.015013,73.748907,photo_exif,25.33,"Ward 06, Nashik-ish",ULB_NAS,W06,Ward 06,422001,nominatim,2025-03-21 01:32:01,tes3y5,True,2025-03-21 01:30:06,True,17,1,48,3,0,0,1,0,2.0,0.565,MEDIUM,water_supply_0
PGR202500403,ivr,2025-06-26 18:34:29,Asia/Kolkata,citizen,True,1,"Good evening, in Chandrapur near Ward 05, since last night. We are experiencing the drain is blocked and water is stagnant. kripya madad kijiye.",hi,True,2025-06-26 18:34:43,asr_hi_v3,"good evening, in chandrapur near ward 05, since last night. we are experiencing the drain is blocked and water is stagnant. kripya madad kijiye.",144,24,grievance_general,information_request,0.45,grievance_general,0.5105,neutral,-0.0,low,0.25,1,19.977423,79.337671,manual,49.43,"Ward 05, Chandrapur-ish",ULB_CHD,W05,Ward 05,442401,nominatim,2025-06-26 18:35:10,tg83tk,True,2025-06-26 18:34:29,True,20,1,72,5,1,0,0,0,14.0,0.411,MEDIUM,grievance_general_0
PGR202500404,mobile,2025-04-16 21:30:18,Asia/Kolkata,citizen,True,1,"Good morning, in Aurangabad near Ward 02, for almost a week. the road surface is broken at the crossing. kripya madad kijiye.",hi,True,2025-04-16 21:30:50,asr_hi_v3,"good morning, in aurangabad near ward 02, for almost a week. the road surface is broken at the crossing. kripya madad kijiye.",125,22,roads,resurfacing,0.75,roads,0.6851,negative,-0.36,low,0.25,1,19.877897,75.360884,gps,19.36,"Ward 02, Aurangabad-ish",ULB_AUR,W02,Ward 02,431001,nominatim,2025-04-16 21:31:18,tet94f,True,2025-04-16 21:30:18,True,14,1,72,5,1,0,0,0,14.0,0.411,MEDIUM,-1
PGR202500405,portal,2025-04-17 02:40:05,Asia/Kolkata,citizen,False,1,"Namaste, for 48 hours. We are experiencing the community tap is dry in the morning. it feels like a drought and the borewell is almost dry. the complaint has been logged in the app. kripya madad kijiye.",hi,True,2025-04-17 02:40:26,asr_hi_v3,"namaste, for 48 hours. we are experiencing the community tap is dry in the morning. it feels like a drought and the borewell is almost dry. the complaint has been logged in the app. kripya madad kijiye.",202,37,water_supply,no_supply,0.75,water_supply,0.5944,neutral,-0.0,low,0.25,1,19.911066,79.352065,reverse_geocode,34.3,"Ward 07, Chandrapur-ish",ULB_CHD,W07,Ward 07,442401,nominatim,2025-04-17 02:42:22,tg83m8,True,2025-04-17 02:40:05,True,16,1,72,4,0,0,1,0,8.0,0.528,MEDIUM,-1
PGR202500406,portal,2025-04-07 01:18:56,Asia/Kolkata,citizen,True,1,"Hello, since yesterday. We are experiencing mosquito breeding is visible due to stagnant water. summer water crisis is likely so please plan supply. the complaint has been logged in the app. krupaya sahayya kara.",mr,True,2025-04-07 01:20:30,asr_mr_v3,"hello, since yesterday. we are experiencing mosquito breeding is visible due to stagnant water. summer water crisis is likely so please plan supply. the complaint has been logged in the app. krupaya sahayya kara.",212,34,public_health,mosquito_breeding,0.8999999999999999,public_health,0.7535,neutral,-0.18,low,0.25,1,19.93425,79.30452,reverse_geocode,13.23,"Ward 11, Chandrapur-ish",ULB_CHD,W11,Ward 11,442401,nominatim,2025-04-07 01:21:45,tg83ks,True,2025-04-07 01:18:56,True,19,1,72,4,0,0,1,0,8.0,0.528,MEDIUM,-1
PGR202500407,ivr,2025-02-22 14:01:51,Asia/Kolkata,contractor,True,1,"Good morning, since yesterday. Residents are reporting the grass is drying up because irrigation is off. we also tried the IVR earlier. krupaya sahayya kara.",mr,True,2025-02-22 14:02:21,asr_mr_v3,"good morning, since yesterday. residents are reporting the grass is drying up because irrigation is off. we also tried the ivr earlier. krupaya sahayya kara.",157,25,parks,lawn_irrigation,0.75,parks,0.8081,neutral,-0.0,low,0.25,1,19.900963,79.339526,gps,12.28,"Ward 04, Chandrapur-ish",ULB_CHD,W04,Ward 04,442401,nominatim,2025-02-22 14:02:12,tg83jq,True,2025-02-22 14:01:51,True,19,1,48,3,0,0,1,0,10.0,0.369,MEDIUM,-1
PGR202500408,mobile,2025-06-21 03:44:26,Asia/Kolkata,agent,True,1,"Namaste, for the past three days. I am reporting that there is no water in the tap. it feels like a drought and the borewell is almost dry. kripya madad kijiye.",hi,True,2025-06-21 03:45:05,asr_hi_v3,"namaste, for the past three days. i am reporting that there is no water in the tap. it feels like a drought and the borewell is almost dry. kripya madad kijiye.",160,31,water_supply,no_supply,0.98,water_supply,0.5083,neutral,-0.18,medium,0.61,1,19.964373,79.301045,gps,9.84,"Ward 06, Chandrapur-ish",ULB_CHD,W06,Ward 06,442401,nominatim,2025-06-21 03:45:52,tg83sd,True,2025-06-21 03:44:26,True,17,1,48,3,0,0,1,0,5.0,0.606,HIGH,water_supply_15
PGR202500409,portal,2025-02-03 02:10:14,Asia/Kolkata,agent,True,1,"Namaste, for almost a week. Residents are reporting play equipment is broken in the park. the complaint has been logged in the app. kirpa karke madad karo.",pa,True,2025-02-03 02:10:34,asr_pa_v3,"namaste, for almost a week. residents are reporting play equipment is broken in the park. the complaint has been logged in the app. kirpa karke madad karo.",155,27,parks,broken_play_equipment,0.75,parks,0.6979,neutral,-0.18,low,0.25,1,20.078978,73.869092,manual,10.91,"Ward 01, Nashik-ish",ULB_NAS,W01,Ward 01,422001,nominatim,2025-02-03 02:12:55,tesd0z,True,2025-02-03 02:10:14,True,10,1,48,5,1,0,0,0,12.0,0.41,MEDIUM,-1
PGR202500410,portal,2025-02-27 03:24:09,Asia/Kolkata,citizen,True,1,"Namaste, for almost a week. Residents are reporting the pole looks damaged and wires are exposed. please jaldi se kijiye. please help.",en,True,2025-02-27 03:24:55,asr_en_v3,"namaste, for almost a week. residents are reporting the pole looks damaged and wires are exposed. please jaldi se kijiye. please help.",134,22,utilities_other,cable_hazard,0.75,utilities_other,0.7649,neutral,-0.18,low,0.25,1,19.895268,79.354256,reverse_geocode,39.31,"Ward 02, Chandrapur-ish",ULB_CHD,W02,Ward 02,442401,nominatim,2025-02-27 03:25:14,tg83jv,True,2025-02-27 03:24:09,True,18,1,24,4,0,0,1,0,12.0,0.37,MEDIUM,-1
PGR202500411,portal,2025-03-07 10:45:41,Asia/Kolkata,citizen,True,1,"Good morning, for two days. Residents are reporting illegal parking is blocking the lane. the complaint has been logged in the app. we also tried the IVR earlier. krupaya sahayya kara.",mr,True,2025-03-07 10:47:25,asr_mr_v3,"good morning, for two days. residents are reporting illegal parking is blocking the lane. the complaint has been logged in the app. we also tried the ivr earlier. krupaya sahayya kara.",184,31,traffic,illegal_parking,0.8999999999999999,traffic,0.7901,neutral,-0.0,low,0.25,1,20.009075,73.899943,gps,10.38,"Ward 04, Nashik-ish",ULB_NAS,W04,Ward 04,422001,nominatim,2025-03-07 10:47:12,tes9cd,True,2025-03-07 10:45:41,True,7,1,72,3,0,0,1,0,4.0,0.367,MEDIUM,-1
PGR202500412,csc,2025-03-14 21:28:15,Asia/Kolkata,citizen,True,1,"Hi, since yesterday. We are experiencing the manhole is overflowing on the street. the complaint has been logged in the app. krupaya sahayya kara.",mr,True,2025-03-14 21:28:56,asr_mr_v3,"hi, since yesterday. we are experiencing the manhole is overflowing on the street. the complaint has been logged in the app. krupaya sahayya kara.",146,24,drainage,manhole_overflow,0.8999999999999999,drainage,0.6769,neutral,-0.18,low,0.43,1,19.983754,73.756105,gps,7.98,"Ward 10, Nashik-ish",ULB_NAS,W10,Ward 10,422001,nominatim,2025-03-14 21:30:59,tes3wm,True,2025-03-14 21:28:15,True,11,2,48,5,0,0,0,0,9.0,0.538,MEDIUM,-1
PGR202500413,portal,2025-02-20 18:33:35,Asia/Kolkata,citizen,True,1,"Hi, for almost a week. Residents are reporting the manhole is overflowing on the street. we also tried the IVR earlier. kripya madad kijiye.",hi,True,2025-02-20 18:34:26,asr_hi_v3,"hi, for almost a week. residents are reporting the manhole is overflowing on the street. we also tried the ivr earlier. kripya madad kijiye.",140,24,drainage,manhole_overflow,0.8999999999999999,drainage,0.6142,neutral,-0.18,low,0.43,1,20.016316,73.753743,gps,3.0,"Ward 14, Nashik-ish",ULB_NAS,W14,Ward 14,422001,nominatim,2025-02-20 18:36:30,tes3y7,True,2025-02-20 18:33:35,True,15,1,24,4,1,0,1,0,14.0,0.69,HIGH,-1
PGR202500414,mobile,2025-02-03 16:39:39,Asia/Kolkata,citizen,True,1,"Good morning, since last night. We are experiencing we suspect a pipeline leak nearby. please help.",en,True,2025-02-03 16:40:02,asr_en_v3,"good morning, since last night. we are experiencing we suspect a pipeline leak nearby. please help.",99,16,water_supply,burst_pipeline,0.75,water_supply,0.5956,neutral,-0.18,low,0.25,1,19.903799,75.346182,manual,16.93,"Ward 16, Aurangabad-ish",ULB_AUR,W16,Ward 16,431001,nominatim,2025-02-03 16:41:43,tet94x,True,2025-02-03 16:39:39,True,12,2,48,4,0,0,1,0,7.0,0.578,MEDIUM,water_supply_2
PGR202500415,ivr,2025-05-13 15:34:15,Asia/Kolkata,citizen,True,1,"Hi, for 48 hours. Residents are reporting we need information on the process. groundwater is very low this season. the complaint has been logged in the app. tankers kab aayenge. please help.",en,True,2025-05-13 15:35:16,asr_en_v3,"hi, for 48 hours. residents are reporting we need information on the process. groundwater is very low this season. the complaint has been logged in the app. tankers kab aayenge. please help.",190,32,water_supply,no_supply,0.75,water_supply,0.3344,neutral,-0.18,low,0.25,1,19.983132,73.801275,reverse_geocode,46.45,"Ward 13, Nashik-ish",ULB_NAS,W13,Ward 13,422001,nominatim,2025-05-13 15:36:26,tes3xm,True,2025-05-13 15:34:15,True,16,1,24,5,0,0,0,0,9.0,0.449,MEDIUM,water_supply_3
PGR202500416,ivr,2025-06-26 09:30:55,Asia/Kolkata,contractor,False,1,"Namaste, for 48 hours. We are experiencing there is no water in the tap. krupaya sahayya kara.",mr,True,2025-06-26 09:32:00,asr_mr_v3,"namaste, for 48 hours. we are experiencing there is no water in the tap. krupaya sahayya kara.",94,17,water_supply,no_supply,0.98,water_supply,0.5603,neutral,-0.18,low,0.43,1,20.083318,73.858479,gps,51.41,"Ward 13, Nashik-ish",ULB_NAS,W13,Ward 13,422001,nominatim,2025-06-26 09:32:53,tesd28,True,2025-06-26 09:30:55,True,16,1,24,5,1,0,0,0,13.0,0.61,HIGH,-1
PGR202500417,csc,2025-02-19 06:35:49,Asia/Kolkata,citizen,True,1,"Hello, for two days. We are experiencing the septic tank has overflowed onto the street. the complaint has been logged in the app. kripya madad kijiye.",hi,True,2025-02-19 06:36:04,asr_hi_v3,"hello, for two days. we are experiencing the septic tank has overflowed onto the street. the complaint has been logged in the app. kripya madad kijiye.",151,26,sanitation,septic_overflow,0.75,sanitation,0.8482,neutral,-0.18,low,0.43,1,19.874824,75.307699,manual,4.91,"Ward 19, Aurangabad-ish",ULB_AUR,W19,Ward 19,431001,nominatim,2025-02-19 06:36:54,tet91d,True,2025-02-19 06:35:49,True,12,1,48,3,1,0,1,0,5.0,0.687,HIGH,-1
PGR202500418,mobile,2025-03-17 11:31:35,Asia/Kolkata,citizen,True,1,"Good morning, for the past three days. tap pressure is very low. the complaint has been logged in the app. krupaya sahayya kara.",mr,True,2025-03-17 11:31:46,asr_mr_v3,"good morning, for the past three days. tap pressure is very low. the complaint has been logged in the app. krupaya sahayya kara.",128,23,water_supply,no_supply,0.75,water_supply,0.5737,neutral,-0.0,low,0.43,1,19.905184,79.381757,manual,14.68,"Ward 06, Chandrapur-ish",ULB_CHD,W06,Ward 06,442401,nominatim,2025-03-17 11:34:16,tg83nr,True,2025-03-17 11:31:35,True,17,1,72,6,0,1,0,0,25.0,0.495,MEDIUM,water_supply_10
PGR202500419,mobile,2025-04-17 22:47:15,Asia/Kolkata,citizen,True,1,"Hi, since Monday. Residents are reporting the public toilet is not functioning. we also tried the IVR earlier. dayavittu sahaya maadi.",kn,True,2025-04-17 22:47:24,asr_kn_v3,"hi, since monday. residents are reporting the public toilet is not functioning. we also tried the ivr earlier. dayavittu sahaya maadi.",134,21,sanitation,public_toilet_faulty,0.75,sanitation,0.6101,neutral,-0.0,low,0.25,1,19.906525,75.364433,gps,4.48,"Ward 16, Aurangabad-ish",ULB_AUR,W16,Ward 16,431001,nominatim,2025-04-17 22:47:40,tet94z,True,2025-04-17 22:47:15,True,12,1,48,3,1,0,1,0,6.0,0.647,HIGH,-1
PGR202500420,portal,2025-06-20 03:00:29,Asia/Kolkata,citizen,True,1,"Ji, since yesterday. tap pressure is very low. the complaint has been logged in the app. krupaya sahayya kara.",mr,True,2025-06-20 03:01:00,asr_mr_v3,"ji, since yesterday. tap pressure is very low. the complaint has been logged in the app. krupaya sahayya kara.",110,19,water_supply,no_supply,0.75,water_supply,0.5927,neutral,-0.0,low,0.25,1,19.931915,75.274338,gps,34.83,"Ward 19, Aurangabad-ish",ULB_AUR,W19,Ward 19,431001,nominatim,2025-06-20 03:00:58,tet92u,True,2025-06-20 03:00:29,True,12,1,24,5,0,0,0,0,10.0,0.449,MEDIUM,-1
PGR202500421,mobile,2025-05-16 03:20:40,Asia/Kolkata,citizen,True,1,"Hi, for two days. I am reporting that we need information on the process. it feels like a drought and the borewell is almost dry. kripya madad kijiye.",hi,True,2025-05-16 03:22:01,asr_hi_v3,"hi, for two days. i am reporting that we need information on the process. it feels like a drought and the borewell is almost dry. kripya madad kijiye.",150,28,grievance_general,information_request,0.75,grievance_general,0.3769,neutral,-0.0,low,0.25,1,19.975549,79.282507,reverse_geocode,24.3,"Ward 12, Chandrapur-ish",ULB_CHD,W12,Ward 12,442401,nominatim,2025-05-16 03:22:36,tg83sh,True,2025-05-16 03:20:40,True,17,1,48,5,0,0,0,0,15.0,0.291,LOW,grievance_general_1
PGR202500422,whatsapp,2025-05-26 22:16:37,Asia/Kolkata,citizen,True,1,"Hello, for two days. Residents are reporting the bin is overflowing and animals gather there. dayavittu sahaya maadi.",kn,True,2025-05-26 22:17:43,asr_kn_v3,"hello, for two days. residents are reporting the bin is overflowing and animals gather there. dayavittu sahaya maadi.",117,18,drainage,manhole_overflow,0.75,drainage,0.7324,neutral,-0.18,low,0.43,1,19.896881,79.319841,gps,10.45,"Ward 17, Chandrapur-ish",ULB_CHD,W17,Ward 17,442401,nominatim,2025-05-26 22:19:11,tg83hy,True,2025-05-26 22:16:37,True,13,1,24,4,0,0,1,0,5.0,0.567,MEDIUM,drainage_1
PGR202500423,mobile,2025-04-29 04:01:10,Asia/Kolkata,citizen,True,1,"Hello, for almost a week. I am reporting that an old building has a dangerous cracked wall. the complaint has been logged in the app. kripya madad kijiye.",hi,True,2025-04-29 04:03:00,asr_hi_v3,"hello, for almost a week. i am reporting that an old building has a dangerous cracked wall. the complaint has been logged in the app. kripya madad kijiye.",154,28,building_safety,dangerous_structure,0.98,building_safety,0.8343,neutral,-0.18,low,0.43,1,20.008109,73.888235,gps,21.09,"Ward 03, Nashik-ish",ULB_NAS,W03,Ward 03,422001,nominatim,2025-04-29 04:03:40,tes9c6,True,2025-04-29 04:01:10,True,10,1,72,3,1,0,1,0,12.0,0.69,HIGH,-1
PGR202500424,portal,2025-04-04 13:19:43,Asia/Kolkata,citizen,True,1,"Namaste, since last night. illegal parking is blocking the lane. krupaya sahayya kara.",mr,True,2025-04-04 13:19:52,asr_mr_v3,"namaste, since last night. illegal parking is blocking the lane. krupaya sahayya kara.",86,13,traffic,illegal_parking,0.8999999999999999,traffic,0.9016,neutral,-0.0,low,0.25,1,19.925357,79.372235,reverse_geocode,12.84,"Ward 18, Chandrapur-ish",ULB_CHD,W18,Ward 18,442401,nominatim,2025-04-04 13:21:51,tg83q5,True,2025-04-04 13:19:43,True,11,1,24,5,0,0,0,0,16.0,0.292,LOW,-1
PGR202500425,ivr,2025-03-02 23:11:32,Asia/Kolkata,citizen,True,1,"Hello, for almost a week. We are experiencing an electrical cabinet is open near the path. the complaint has been logged in the app. kripya madad kijiye.",hi,True,2025-03-02 23:11:59,asr_hi_v3,"hello, for almost a week. we are experiencing an electrical cabinet is open near the path. the complaint has been logged in the app. kripya madad kijiye.",153,27,grievance_general,information_request,0.45,grievance_general,0.487,neutral,-0.0,low,0.25,1,20.062324,73.833585,manual,44.21,"Ward 12, Nashik-ish",ULB_NAS,W12,Ward 12,422001,nominatim,2025-03-02 23:12:52,tesd0h,True,2025-03-02 23:11:32,True,12,1,72,4,0,0,1,0,8.0,0.368,MEDIUM,grievance_general_5
PGR202500426,mobile,2025-06-10 15:31:53,Asia/Kolkata,citizen,True,1,"Ji, for two days. Residents are reporting there are big potholes on the road. dayavittu sahaya maadi.",kn,True,2025-06-10 15:32:23,asr_kn_v3,"ji, for two days. residents are reporting there are big potholes on the road. dayavittu sahaya maadi.",101,17,roads,potholes,0.75,roads,0.7435,neutral,-0.0,low,0.25,1,19.93806,75.331585,gps,28.2,"Ward 05, Aurangabad-ish",ULB_AUR,W05,Ward 05,431001,nominatim,2025-06-10 15:33:10,tet96j,True,2025-06-10 15:31:53,True,17,1,24,3,0,0,1,0,8.0,0.368,MEDIUM,-1
PGR202500427,mobile,2025-06-01 14:50:53,Asia/Kolkata,citizen,True,1,"Hi, since Monday. Residents are reporting resurfacing has been pending for many weeks. the complaint has been logged in the app. krupaya sahayya kara.",mr,True,2025-06-01 14:51:41,asr_mr_v3,"hi, since monday. residents are reporting resurfacing has been pending for many weeks. the complaint has been logged in the app. krupaya sahayya kara.",150,24,grievance_general,information_request,0.45,grievance_general,0.6219,neutral,-0.0,low,0.25,1,20.008451,73.732189,manual,30.05,"Ward 02, Nashik-ish",ULB_NAS,W02,Ward 02,422001,nominatim,2025-06-01 14:52:21,tes3vf,True,2025-06-01 14:50:53,True,16,1,24,4,0,0,1,0,9.0,0.369,MEDIUM,-1
PGR202500428,portal,2025-02-04 18:21:53,Asia/Kolkata,citizen,True,1,"Hi, for the past three days. the community tap is dry in the morning. the complaint has been logged in the app. please help.",en,True,2025-02-04 18:23:33,asr_en_v3,"hi, for the past three days. the community tap is dry in the morning. the complaint has been logged in the app. please help.",124,24,water_supply,no_supply,0.75,water_supply,0.6498,neutral,-0.18,low,0.43,1,19.918607,79.381966,manual,20.0,"Ward 15, Chandrapur-ish",ULB_CHD,W15,Ward 15,442401,nominatim,2025-02-04 18:22:54,tg83q6,True,2025-02-04 18:21:53,True,14,1,48,4,0,0,1,0,9.0,0.568,MEDIUM,water_supply_10
PGR202500429,portal,2025-05-19 07:27:55,Asia/Kolkata,citizen,True,1,"Hi, since last night. the community tap is dry in the morning. pani ki kami ho rahi hai please arrange tankers. the complaint has been logged in the app. kripya madad kijiye.",hi,True,2025-05-19 07:28:11,asr_hi_v3,"hi, since last night. the community tap is dry in the morning. pani ki kami ho rahi hai please arrange tankers. the complaint has been logged in the app. kripya madad kijiye.",174,32,water_supply,no_supply,0.98,water_supply,0.8789,neutral,-0.18,low,0.25,1,19.946413,79.301203,gps,19.0,"Ward 09, Chandrapur-ish",ULB_CHD,W09,Ward 09,442401,nominatim,2025-05-19 07:29:22,tg83kx,True,2025-05-19 07:27:55,True,20,1,72,3,1,0,1,0,8.0,0.648,HIGH,-1
PGR202500430,portal,2025-02-13 15:47:49,Asia/Kolkata,citizen,True,1,"Good evening, for the past three days. We are experiencing the streetlight near our lane is not working. krupaya tatkal karyavahi kara. krupaya sahayya kara.",mr,True,2025-02-13 15:49:28,asr_mr_v3,"good evening, for the past three days. we are experiencing the streetlight near our lane is not working. krupaya tatkal karyavahi kara. krupaya sahayya kara.",157,25,streetlights,lamp_faulty,0.75,streetlights,0.8129,neutral,-0.0,low,0.43,1,19.832417,75.346992,gps,51.25,"Ward 07, Aurangabad-ish",ULB_AUR,W07,Ward 07,431001,nominatim,2025-02-13 15:48:25,tet8fd,True,2025-02-13 15:47:49,True,20,1,72,5,0,0,0,0,16.0,0.331,LOW,-1
PGR202500431,portal,2025-05-22 20:20:31,Asia/Kolkata,citizen,False,1,"Hi, since yesterday. Residents are reporting a service request has no update. it feels like a drought and the borewell is almost dry. we also tried the IVR earlier. please jaldi se kijiye. kripya madad kijiye.",hi,True,2025-05-22 20:22:02,asr_hi_v3,"hi, since yesterday. residents are reporting a service request has no update. it feels like a drought and the borewell is almost dry. we also tried the ivr earlier. please jaldi se kijiye. kripya madad kijiye.",209,36,grievance_general,information_request,0.45,grievance_general,0.308,neutral,-0.0,low,0.25,1,19.980333,79.293004,reverse_geocode,39.89,"Ward 08, Chandrapur-ish",ULB_CHD,W08,Ward 08,442401,nominatim,2025-05-22 20:21:42,tg83sm,True,2025-05-22 20:20:31,True,14,1,48,5,0,0,0,0,14.0,0.291,LOW,grievance_general_1
PGR202500432,whatsapp,2025-06-04 21:26:01,Asia/Kolkata,citizen,True,1,"Good morning, for 48 hours. stray dogs are aggressive near the market. the complaint has been logged in the app. kripya madad kijiye.",hi,True,2025-06-04 21:27:52,asr_hi_v3,"good morning, for 48 hours. stray dogs are aggressive near the market. the complaint has been logged in the app. kripya madad kijiye.",133,23,public_health,stray_dogs,0.8999999999999999,public_health,0.8166,neutral,-0.0,low,0.25,1,20.063657,73.825958,reverse_geocode,7.71,"Ward 20, Nashik-ish",ULB_NAS,W20,Ward 20,422001,nominatim,2025-06-04 21:28:51,tes6pu,True,2025-06-04 21:26:01,True,11,1,24,3,0,0,1,0,10.0,0.529,MEDIUM,-1
PGR202500433,portal,2025-02-20 15:48:28,Asia/Kolkata,citizen,True,1,"Hi, for 48 hours. Residents are reporting the pole looks damaged and wires are exposed. summer mein dikkat ho rahi hai. please help.",en,True,2025-02-20 15:49:33,asr_en_v3,"hi, for 48 hours. residents are reporting the pole looks damaged and wires are exposed. summer mein dikkat ho rahi hai. please help.",132,23,utilities_other,cable_hazard,0.75,utilities_other,0.7347,neutral,-0.18,low,0.25,1,19.918134,75.300182,gps,15.3,"Ward 09, Aurangabad-ish",ULB_AUR,W09,Ward 09,431001,nominatim,2025-02-20 15:50:41,tet933,True,2025-02-20 15:48:28,True,17,1,24,5,1,0,0,0,12.0,0.41,MEDIUM,-1
PGR202500434,mobile,2025-04-07 01:48:32,Asia/Kolkata,citizen,True,1,"Namaste, for almost a week. We are experiencing stray dogs are aggressive near the market. kripya madad kijiye.",hi,True,2025-04-07 01:48:43,asr_hi_v3,"namaste, for almost a week. we are experiencing stray dogs are aggressive near the market. kripya madad kijiye.",111,18,public_health,stray_dogs,0.8999999999999999,public_health,0.8536,neutral,-0.0,low,0.25,1,19.968344,79.27306,reverse_geocode,3.0,"Ward 02, Chandrapur-ish",ULB_CHD,W02,Ward 02,442401,nominatim,2025-04-07 01:49:14,tg83eg,True,2025-04-07 01:48:32,True,18,1,24,6,1,1,0,0,52.0,0.587,MEDIUM,-1
PGR202500435,mobile,2025-02-19 13:30:49,Asia/Kolkata,citizen,True,1,"Hello, for two days. We are experiencing we suspect a pipeline leak nearby. groundwater is very low this season. kripya madad kijiye.",hi,True,2025-02-19 13:32:34,asr_hi_v3,"hello, for two days. we are experiencing we suspect a pipeline leak nearby. groundwater is very low this season. kripya madad kijiye.",133,22,water_supply,burst_pipeline,0.75,water_supply,0.6514,neutral,-0.0,low,0.25,1,20.00457,73.844872,reverse_geocode,45.67,"Ward 06, Nashik-ish",ULB_NAS,W06,Ward 06,422001,nominatim,2025-02-19 13:31:54,tes9b3,True,2025-02-19 13:30:49,True,17,2,24,5,1,0,0,0,8.0,0.618,HIGH,water_supply_11
PGR202500436,mobile,2025-04-27 02:12:56,Asia/Kolkata,citizen,True,1,"Ji, in Nashik, since Monday. we need information on the process. the complaint has been logged in the app. kripya madad kijiye.",hi,True,2025-04-27 02:14:07,asr_hi_v3,"ji, in nashik, since monday. we need information on the process. the complaint has been logged in the app. kripya madad kijiye.",127,22,grievance_general,information_request,0.75,grievance_general,0.4552,neutral,-0.0,low,0.25,1,20.04475,73.737572,reverse_geocode,23.66,Nashik-ish,ULB_NAS,Non,,422001,nominatim,2025-04-27 02:13:57,tes6jc,True,2025-04-27 02:12:56,True,8,1,72,5,0,0,0,0,18.0,0.292,LOW,-1
PGR202500437,mobile,2025-06-20 03:13:29,Asia/Kolkata,citizen,True,1,"Ji, for 48 hours. I am reporting that the drain is blocked and water is stagnant. the complaint has been logged in the app. krupaya sahayya kara.",mr,True,2025-06-20 03:13:40,asr_mr_v3,"ji, for 48 hours. i am reporting that the drain is blocked and water is stagnant. the complaint has been logged in the app. krupaya sahayya kara.",145,27,grievance_general,information_request,0.45,grievance_general,0.5659,neutral,-0.0,low,0.25,1,20.000168,79.258003,reverse_geocode,8.48,"Ward 14, Chandrapur-ish",ULB_CHD,W14,Ward 14,442401,nominatim,2025-06-20 03:14:34,tg83g8,True,2025-06-20 03:13:29,True,18,2,48,4,0,0,1,0,14.0,0.421,MEDIUM,grievance_general_1
PGR202500438,mobile,2025-02-13 03:07:49,Asia/Kolkata,citizen,True,1,"Good morning, for the past three days. I am reporting that waterlogging is happening after even light rain. kripya madad kijiye.",hi,True,2025-02-13 03:08:20,asr_hi_v3,"good morning, for the past three days. i am reporting that waterlogging is happening after even light rain. kripya madad kijiye.",128,21,drainage,waterlogging,0.75,drainage,0.7819,neutral,-0.0,low,0.43,1,20.039282,73.896764,gps,20.51,"Ward 17, Nashik-ish",ULB_NAS,W17,Ward 17,422001,nominatim,2025-02-13 03:09:59,tesd18,True,2025-02-13 03:07:49,True,20,2,72,5,0,0,0,0,14.0,0.54,MEDIUM,-1
PGR202500439,portal,2025-04-01 15:16:52,Asia/Kolkata,citizen,True,1,"Namaste, since last night. I am reporting that a loose cable is creating a hazard. the complaint has been logged in the app. kripya madad kijiye.",hi,True,2025-04-01 15:18:18,asr_hi_v3,"namaste, since last night. i am reporting that a loose cable is creating a hazard. the complaint has been logged in the app. kripya madad kijiye.",145,26,utilities_other,cable_hazard,0.75,utilities_other,0.8159,neutral,-0.0,low,0.25,1,20.029726,73.860134,gps,19.11,"Ward 17, Nashik-ish",ULB_NAS,W17,Ward 17,422001,nominatim,2025-04-01 15:19:35,tes9bw,True,2025-04-01 15:16:52,True,20,1,72,5,0,0,0,0,12.0,0.29,LOW,-1
PGR202500440,mobile,2025-06-26 23:14:00,Asia/Kolkata,citizen,False,1,"Good morning, for almost a week. I am reporting that the community tap is dry in the morning. it feels like a drought and the borewell is almost dry. please help.",en,True,2025-06-26 23:15:13,asr_en_v3,"good morning, for almost a week. i am reporting that the community tap is dry in the morning. it feels like a drought and the borewell is almost dry. please help.",162,31,water_supply,no_supply,0.75,water_supply,0.5711,neutral,-0.18,low,0.25,1,19.963325,79.367463,gps,3.73,"Ward 13, Chandrapur-ish",ULB_CHD,W13,Ward 13,442401,nominatim,2025-06-26 23:16:13,tg83w4,True,2025-06-26 23:14:00,True,14,1,24,5,0,0,0,0,12.0,0.45,MEDIUM,water_supply_1
PGR202500441,whatsapp,2025-03-18 03:24:54,Asia/Kolkata,citizen,True,1,"Good evening, since last night. hawkers have encroached on the footpath. please help.",en,True,2025-03-18 03:26:36,asr_en_v3,"good evening, since last night. hawkers have encroached on the footpath. please help.",85,13,grievance_general,information_request,0.45,grievance_general,0.4833,neutral,-0.18,low,0.25,1,19.898339,75.388226,manual,148.99,"Ward 16, Aurangabad-ish",ULB_AUR,W16,Ward 16,431001,nominatim,2025-03-18 03:26:32,tet95w,True,2025-03-18 03:24:54,True,12,2,48,4,1,0,1,0,11.0,0.54,MEDIUM,-1
PGR202500442,mobile,2025-02-20 19:58:48,Asia/Kolkata,citizen,False,1,"Namaste, for the past three days. We are experiencing tap pressure is very low. krupaya sahayya kara.",mr,True,2025-02-20 19:59:19,asr_mr_v3,"namaste, for the past three days. we are experiencing tap pressure is very low. krupaya sahayya kara.",101,17,water_supply,no_supply,0.75,water_supply,0.6243,neutral,-0.0,low,0.43,1,19.984172,73.848364,manual,32.69,"Ward 09, Nashik-ish",ULB_NAS,W09,Ward 09,422001,nominatim,2025-02-20 19:59:33,tes98q,True,2025-02-20 19:58:48,True,18,1,72,5,0,0,0,0,13.0,0.49,MEDIUM,-1
PGR202500443,mobile,2025-04-15 06:54:08,Asia/Kolkata,citizen,False,1,"Ji, for 48 hours. Residents are reporting there are big potholes on the road. krupaya sahayya kara.",mr,True,2025-04-15 06:54:20,asr_mr_v3,"ji, for 48 hours. residents are reporting there are big potholes on the road. krupaya sahayya kara.",99,17,roads,potholes,0.75,roads,0.8291,neutral,-0.0,low,0.25,1,19.913307,79.397096,reverse_geocode,9.12,"Ward 13, Chandrapur-ish",ULB_CHD,W13,Ward 13,442401,nominatim,2025-04-15 06:54:50,tg83q9,True,2025-04-15 06:54:08,True,14,1,48,5,1,0,0,0,13.0,0.41,MEDIUM,-1
PGR202500444,csc,2025-04-18 06:08:28,Asia/Kolkata,agent,False,1,"Hi, since yesterday. I am reporting that staff behaviour was unhelpful at the office. the complaint has been logged in the app. krupaya sahayya kara.",mr,True,2025-04-18 06:08:56,asr_mr_v3,"hi, since yesterday. i am reporting that staff behaviour was unhelpful at the office. the complaint has been logged in the app. krupaya sahayya kara.",149,25,grievance_general,staff_behavior,0.75,grievance_general,0.5967,neutral,-0.18,low,0.25,1,19.834168,75.297337,gps,14.28,"Ward 03, Aurangabad-ish",ULB_AUR,W03,Ward 03,431001,nominatim,2025-04-18 06:10:58,tet8c6,True,2025-04-18 06:08:28,True,19,1,48,5,0,0,0,0,10.0,0.289,LOW,-1
PGR202500445,ivr,2025-05-11 10:18:39,Asia/Kolkata,citizen,True,1,"Hi, for 48 hours. mosquito breeding is visible due to stagnant water. summer water crisis is likely so please plan supply. the complaint has been logged in the app. please help.",en,True,2025-05-11 10:18:53,asr_en_v3,"hi, for 48 hours. mosquito breeding is visible due to stagnant water. summer water crisis is likely so please plan supply. the complaint has been logged in the app. please help.",177,31,public_health,mosquito_breeding,0.8999999999999999,public_health,0.7621,negative,-0.36,low,0.25,1,19.928801,75.298597,reverse_geocode,35.15,"Ward 11, Aurangabad-ish",ULB_AUR,W11,Ward 11,431001,nominatim,2025-05-11 10:20:47,tet937,True,2025-05-11 10:18:39,True,18,1,72,3,0,0,1,0,9.0,0.529,MEDIUM,-1
PGR202500446,mobile,2025-03-20 01:27:18,Asia/Kolkata,citizen,True,1,"Namaste, since yesterday. I am reporting that waterlogging is happening after even light rain. kripya madad kijiye.",hi,True,2025-03-20 01:28:40,asr_hi_v3,"namaste, since yesterday. i am reporting that waterlogging is happening after even light rain. kripya madad kijiye.",115,17,drainage,waterlogging,0.75,drainage,0.8145,neutral,-0.0,low,0.25,1,19.930526,79.357196,gps,3.0,"Ward 12, Chandrapur-ish",ULB_CHD,W12,Ward 12,442401,nominatim,2025-03-20 01:28:59,tg83mu,True,2025-03-20 01:27:18,True,17,1,24,4,0,0,1,0,7.0,0.528,MEDIUM,-1
PGR202500447,mobile,2025-06-24 08:14:36,Asia/Kolkata,citizen,True,1,"Hello, for almost a week. Residents are reporting an old building has a dangerous cracked wall. the complaint has been logged in the app. tankers kab aayenge. dayavittu sahaya maadi.",kn,True,2025-06-24 08:15:46,asr_kn_v3,"hello, for almost a week. residents are reporting an old building has a dangerous cracked wall. the complaint has been logged in the app. tankers kab aayenge. dayavittu sahaya maadi.",182,30,building_safety,dangerous_structure,0.98,building_safety,0.6924,neutral,-0.18,low,0.43,1,19.902225,79.273861,gps,23.44,"Ward 01, Chandrapur-ish",ULB_CHD,W01,Ward 01,442401,nominatim,2025-06-24 08:16:28,tg835z,True,2025-06-24 08:14:36,True,20,1,72,4,0,0,1,0,8.0,0.568,MEDIUM,-1
PGR202500448,mobile,2025-04-20 03:40:54,Asia/Kolkata,citizen,True,1,"Good morning, for almost a week. Residents are reporting the septic tank has overflowed onto the street. the complaint has been logged in the app. kirpa karke madad karo.",pa,True,2025-04-20 03:42:45,asr_pa_v3,"good morning, for almost a week. residents are reporting the septic tank has overflowed onto the street. the complaint has been logged in the app. kirpa karke madad karo.",170,29,sanitation,septic_overflow,0.75,sanitation,0.7282,neutral,-0.18,low,0.43,1,20.022954,73.748739,gps,20.99,"Ward 11, Nashik-ish",ULB_NAS,W11,Ward 11,422001,nominatim,2025-04-20 03:43:29,tes3yj,True,2025-04-20 03:40:54,True,17,1,24,4,0,0,1,0,11.0,0.569,MEDIUM,-1
PGR202500449,portal,2025-03-15 23:12:22,Asia/Kolkata,citizen,False,1,"Ji, since last night. Residents are reporting there is illegal construction on the terrace. kripya madad kijiye.",hi,True,2025-03-15 23:14:14,asr_hi_v3,"ji, since last night. residents are reporting there is illegal construction on the terrace. kripya madad kijiye.",112,17,building_safety,illegal_construction,0.75,building_safety,0.7777,neutral,-0.0,low,0.25,1,19.985349,73.701848,manual,45.72,"Ward 15, Nashik-ish",ULB_NAS,W15,Ward 15,422001,nominatim,2025-03-15 23:14:52,tes3tn,True,2025-03-15 23:12:22,True,14,1,48,4,0,0,1,0,6.0,0.527,MEDIUM,-1
PGR202500450,portal,2025-06-25 01:01:25,Asia/Kolkata,citizen,True,1,"Good morning, for the past three days. waterlogging is happening after even light rain. please help.",en,True,2025-06-25 01:02:31,asr_en_v3,"good morning, for the past three days. waterlogging is happening after even light rain. please help.",100,16,drainage,waterlogging,0.75,drainage,0.7521,neutral,-0.18,low,0.43,1,19.855567,75.31365,gps,16.55,"Ward 08, Aurangabad-ish",ULB_AUR,W08,Ward 08,431001,nominatim,2025-06-25 01:01:58,tet8cy,True,2025-06-25 01:01:25,True,18,1,24,5,0,0,0,0,15.0,0.491,MEDIUM,drainage_0
PGR202500451,mobile,2025-06-19 17:18:36,Asia/Kolkata,citizen,True,1,"Namaste, for two days. the bin is overflowing and animals gather there. please help.",en,True,2025-06-19 17:18:47,asr_en_v3,"namaste, for two days. the bin is overflowing and animals gather there. please help.",84,14,drainage,manhole_overflow,0.75,drainage,0.8167,negative,-0.36,low,0.43,1,19.954673,73.824247,reverse_geocode,17.43,"Ward 11, Nashik-ish",ULB_NAS,W11,Ward 11,422001,nominatim,2025-06-19 17:19:59,tes3xb,True,2025-06-19 17:18:36,True,17,1,48,4,0,0,1,0,8.0,0.568,MEDIUM,-1
PGR202500452,mobile,2025-04-16 20:59:34,Asia/Kolkata,citizen,True,1,"Good morning, for two days. I am reporting that the road surface is broken at the crossing. the complaint has been logged in the app. we also tried the IVR earlier. barah e karam madad karein.",ur,True,2025-04-16 21:00:14,asr_ur_v3,"good morning, for two days. i am reporting that the road surface is broken at the crossing. the complaint has been logged in the app. we also tried the ivr earlier. barah e karam madad karein.",192,36,roads,resurfacing,0.75,roads,0.6906,neutral,-0.18,low,0.25,1,20.043998,73.71416,photo_exif,32.82,"Ward 06, Nashik-ish",ULB_NAS,W06,Ward 06,422001,nominatim,2025-04-16 21:00:00,tes6j2,True,2025-04-16 20:59:34,True,17,1,24,5,0,0,0,0,14.0,0.291,LOW,-1
PGR202500453,portal,2025-02-04 17:29:38,Asia/Kolkata,citizen,True,1,"Hi, since Monday. I am reporting that the septic tank has overflowed onto the street. kripya madad kijiye.",hi,True,2025-02-04 17:31:03,asr_hi_v3,"hi, since monday. i am reporting that the septic tank has overflowed onto the street. kripya madad kijiye.",106,18,sanitation,septic_overflow,0.75,sanitation,0.8522,neutral,-0.18,low,0.43,1,19.924386,79.380921,reverse_geocode,3.0,"Ward 06, Chandrapur-ish",ULB_CHD,W06,Ward 06,442401,nominatim,2025-02-04 17:30:59,tg83q7,True,2025-02-04 17:29:38,True,17,1,24,5,0,0,0,0,14.0,0.49,MEDIUM,-1
PGR202500454,whatsapp,2025-05-01 12:58:11,Asia/Kolkata,citizen,True,1,"Hi, since last night. Residents are reporting mosquito breeding is visible due to stagnant water. the complaint has been logged in the app. krupaya sahayya kara.",mr,True,2025-05-01 12:59:32,asr_mr_v3,"hi, since last night. residents are reporting mosquito breeding is visible due to stagnant water. the complaint has been logged in the app. krupaya sahayya kara.",161,26,public_health,mosquito_breeding,0.8999999999999999,public_health,0.7461,neutral,-0.18,low,0.25,1,20.037325,73.782395,gps,16.69,"Ward 03, Nashik-ish",ULB_NAS,W03,Ward 03,422001,nominatim,2025-05-01 13:00:12,tes3yz,True,2025-05-01 12:58:11,True,10,1,48,3,0,0,1,0,8.0,0.528,MEDIUM,-1
PGR202500455,portal,2025-04-25 06:42:46,Asia/Kolkata,citizen,True,1,"Hi, since yesterday. I am reporting that there are big potholes on the road. the complaint has been logged in the app. we also tried the IVR earlier. dayavittu sahaya maadi.",kn,True,2025-04-25 06:43:06,asr_kn_v3,"hi, since yesterday. i am reporting that there are big potholes on the road. the complaint has been logged in the app. we also tried the ivr earlier. dayavittu sahaya maadi.",173,31,roads,potholes,0.75,roads,0.7428,neutral,-0.0,low,0.25,1,19.869765,75.291656,manual,13.16,"Ward 07, Aurangabad-ish",ULB_AUR,W07,Ward 07,431001,nominatim,2025-04-25 06:43:39,tet913,True,2025-04-25 06:42:46,True,20,1,24,4,0,0,1,0,12.0,0.37,MEDIUM,-1
PGR202500456,portal,2025-02-23 05:33:01,Asia/Kolkata,citizen,False,1,"Namaste, since last night. I am reporting that there is no water in the tap. the complaint has been logged in the app. kripya madad kijiye.",hi,True,2025-02-23 05:34:49,asr_hi_v3,"namaste, since last night. i am reporting that there is no water in the tap. the complaint has been logged in the app. kripya madad kijiye.",139,26,water_supply,no_supply,0.98,water_supply,0.5154,neutral,-0.18,low,0.43,1,20.071782,73.882801,reverse_geocode,17.92,"Ward 17, Nashik-ish",ULB_NAS,W17,Ward 17,422001,nominatim,2025-02-23 05:33:45,tesd1j,True,2025-02-23 05:33:01,True,20,2,48,4,0,0,1,0,11.0,0.619,HIGH,-1
PGR202500457,mobile,2025-05-07 02:18:36,Asia/Kolkata,citizen,True,1,"Hello, since last night. I am reporting that resurfacing has been pending for many weeks. krupaya sahayya kara.",mr,True,2025-05-07 02:18:47,asr_mr_v3,"hello, since last night. i am reporting that resurfacing has been pending for many weeks. krupaya sahayya kara.",111,18,grievance_general,information_request,0.45,grievance_general,0.6725,neutral,-0.0,low,0.25,1,20.0866,73.744787,gps,32.73,"Ward 19, Nashik-ish",ULB_NAS,W19,Ward 19,422001,nominatim,2025-05-07 02:20:14,tes6q0,True,2025-05-07 02:18:36,True,13,1,24,5,1,0,0,0,11.0,0.41,MEDIUM,-1
PGR202500458,mobile,2025-06-07 02:51:23,Asia/Kolkata,citizen,True,1,"Namaste, for two days. We are experiencing the septic tank has overflowed onto the street. please help.",en,True,2025-06-07 02:51:28,asr_en_v3,"namaste, for two days. we are experiencing the septic tank has overflowed onto the street. please help.",103,17,sanitation,septic_overflow,0.75,sanitation,0.8569,negative,-0.36,low,0.43,1,19.923504,79.274093,reverse_geocode,28.31,"Ward 13, Chandrapur-ish",ULB_CHD,W13,Ward 13,442401,nominatim,2025-06-07 02:53:06,tg837f,True,2025-06-07 02:51:23,True,14,1,24,4,0,0,1,0,10.0,0.569,MEDIUM,-1
PGR202500459,mobile,2025-02-16 21:13:50,Asia/Kolkata,citizen,True,1,"Hi, since yesterday. I am reporting that waterlogging is happening after even light rain. groundwater is very low this season. kripya madad kijiye.",hi,True,2025-02-16 21:15:27,asr_hi_v3,"hi, since yesterday. i am reporting that waterlogging is happening after even light rain. groundwater is very low this season. kripya madad kijiye.",147,23,drainage,waterlogging,0.75,drainage,0.6173,neutral,-0.0,low,0.25,1,19.84608,75.316561,manual,8.77,"Ward 13, Aurangabad-ish",ULB_AUR,W13,Ward 13,431001,nominatim,2025-02-16 21:16:04,tet8cu,True,2025-02-16 21:13:50,True,16,1,24,4,1,0,1,0,7.0,0.648,HIGH,drainage_0
PGR202500460,csc,2025-05-20 11:57:40,Asia/Kolkata,citizen,False,1,"Good morning, for 48 hours. Residents are reporting the wash area is broken and unclean. the complaint has been logged in the app. kirpa karke madad karo.",pa,True,2025-05-20 11:57:53,asr_pa_v3,"good morning, for 48 hours. residents are reporting the wash area is broken and unclean. the complaint has been logged in the app. kirpa karke madad karo.",154,27,grievance_general,information_request,0.45,grievance_general,0.4114,neutral,-0.18,low,0.25,1,19.968635,79.278447,gps,22.05,"Ward 13, Chandrapur-ish",ULB_CHD,W13,Ward 13,442401,nominatim,2025-05-20 11:58:02,tg83s5,True,2025-05-20 11:57:40,True,14,1,48,5,1,0,0,0,10.0,0.409,MEDIUM,grievance_general_1
PGR202500461,ivr,2025-02-22 01:13:21,Asia/Kolkata,citizen,True,1,"Namaste, since Monday. We are experiencing hawkers have encroached on the footpath. we also tried the IVR earlier. kripya madad kijiye.",hi,True,2025-02-22 01:13:35,asr_hi_v3,"namaste, since monday. we are experiencing hawkers have encroached on the footpath. we also tried the ivr earlier. kripya madad kijiye.",135,21,grievance_general,information_request,0.45,grievance_general,0.4828,neutral,-0.0,low,0.25,1,20.008716,79.265465,gps,42.36,"Ward 10, Chandrapur-ish",ULB_CHD,W10,Ward 10,442401,nominatim,2025-02-22 01:14:20,tg83gd,True,2025-02-22 01:13:21,True,13,2,24,3,0,0,1,0,6.0,0.418,MEDIUM,grievance_general_1
PGR202500462,ivr,2025-05-24 07:46:27,Asia/Kolkata,citizen,True,1,"Hi, since last night. We are experiencing stray dogs are aggressive near the market. we also tried the IVR earlier. krupaya sahayya kara.",mr,True,2025-05-24 07:48:13,asr_mr_v3,"hi, since last night. we are experiencing stray dogs are aggressive near the market. we also tried the ivr earlier. krupaya sahayya kara.",137,23,public_health,stray_dogs,0.8999999999999999,public_health,0.8154,neutral,-0.0,low,0.25,1,19.880963,79.378242,gps,7.53,"Ward 09, Chandrapur-ish",ULB_CHD,W09,Ward 09,442401,nominatim,2025-05-24 07:48:51,tg83n7,True,2025-05-24 07:46:27,True,20,1,24,4,0,0,1,0,9.0,0.529,MEDIUM,-1
PGR202500463,whatsapp,2025-04-04 20:48:41,Asia/Kolkata,citizen,True,1,"Hi, since last night. We are experiencing a service request has no update. krupaya sahayya kara.",mr,True,2025-04-04 20:50:28,asr_mr_v3,"hi, since last night. we are experiencing a service request has no update. krupaya sahayya kara.",96,16,grievance_general,information_request,0.45,grievance_general,0.5586,neutral,-0.0,low,0.25,1,19.905565,75.321072,gps,22.18,"Ward 13, Aurangabad-ish",ULB_AUR,W13,Ward 13,431001,nominatim,2025-04-04 20:50:50,tet91z,True,2025-04-04 20:48:41,True,16,1,48,5,1,0,0,0,9.0,0.409,MEDIUM,grievance_general_11
PGR202500464,whatsapp,2025-02-01 23:26:22,Asia/Kolkata,citizen,False,1,"Ji, since last night. Residents are reporting the community tap is dry in the morning. please help.",en,True,2025-02-01 23:26:44,asr_en_v3,"ji, since last night. residents are reporting the community tap is dry in the morning. please help.",99,17,water_supply,no_supply,0.75,water_supply,0.6186,neutral,-0.18,low,0.25,1,20.039325,73.744709,reverse_geocode,17.1,"Ward 16, Nashik-ish",ULB_NAS,W16,Ward 16,422001,nominatim,2025-02-01 23:29:05,tes6n0,True,2025-02-01 23:26:22,True,19,1,48,5,0,0,0,0,16.0,0.452,MEDIUM,-1
PGR202500465,whatsapp,2025-06-25 22:26:04,Asia/Kolkata,citizen,True,1,"Hi, since yesterday. Residents are reporting a license check is required for these stalls. please help.",en,True,2025-06-25 22:26:31,asr_en_v3,"hi, since yesterday. residents are reporting a license check is required for these stalls. please help.",103,16,markets,license_check,0.75,markets,0.9016,neutral,-0.18,low,0.25,1,19.825258,75.34423,gps,19.05,"Ward 09, Aurangabad-ish",ULB_AUR,W09,Ward 09,431001,nominatim,2025-06-25 22:28:34,tet8f3,True,2025-06-25 22:26:04,True,17,1,72,5,0,1,0,0,12.0,0.29,LOW,-1
PGR202500466,mobile,2025-02-25 21:29:35,Asia/Kolkata,citizen,True,1,"Hi, since last night. We are experiencing garbage pickup has been missed repeatedly. the complaint has been logged in the app. krupaya sahayya kara.",mr,True,2025-02-25 21:30:32,asr_mr_v3,"hi, since last night. we are experiencing garbage pickup has been missed repeatedly. the complaint has been logged in the app. krupaya sahayya kara.",148,24,solid_waste,missed_pickup,0.75,solid_waste,0.7662,negative,-0.36,low,0.25,1,20.002978,73.823046,gps,4.46,"Ward 12, Nashik-ish",ULB_NAS,W12,Ward 12,422001,nominatim,2025-02-25 21:32:09,tes3zc,True,2025-02-25 21:29:35,True,12,1,24,5,1,0,0,0,8.0,0.408,MEDIUM,-1
PGR202500467,mobile,2025-05-01 09:45:10,Asia/Kolkata,citizen,False,1,"Hi, for two days. We are experiencing the tanker did not arrive today. kripya madad kijiye.",hi,True,2025-05-01 09:45:17,asr_hi_v3,"hi, for two days. we are experiencing the tanker did not arrive today. kripya madad kijiye.",91,16,water_supply,no_supply,0.75,water_supply,0.6254,neutral,-0.0,low,0.25,1,19.982722,73.832586,gps,41.16,"Ward 10, Nashik-ish",ULB_NAS,W10,Ward 10,422001,nominatim,2025-05-01 09:46:51,tes98j,True,2025-05-01 09:45:10,True,11,1,72,3,1,0,1,0,8.0,0.648,HIGH,-1
PGR202500468,mobile,2025-02-28 05:17:08,Asia/Kolkata,citizen,True,1,"Namaste, in Nashik near Ward 06, for two days. I am reporting that the community tap is dry in the morning. the complaint has been logged in the app. please help.",en,True,2025-02-28 05:18:08,asr_en_v3,"namaste, in nashik near ward 06, for two days. i am reporting that the community tap is dry in the morning. the complaint has been logged in the app. please help.",162,31,water_supply,no_supply,0.75,water_supply,0.5081,neutral,-0.18,low,0.25,1,20.065029,73.733327,gps,8.38,"Ward 06, Nashik-ish",ULB_NAS,W06,Ward 06,422001,nominatim,2025-02-28 05:20:01,tes6ju,True,2025-02-28 05:17:08,True,17,1,48,3,1,0,1,0,10.0,0.649,HIGH,-1
PGR202500469,portal,2025-06-20 22:53:00,Asia/Kolkata,citizen,True,1,"Namaste, since Monday. I am reporting that the signal is not working at the junction. please help.",en,True,2025-06-20 22:53:24,asr_en_v3,"namaste, since monday. i am reporting that the signal is not working at the junction. please help.",98,17,grievance_general,information_request,0.45,grievance_general,0.4119,neutral,-0.18,low,0.25,1,19.88614,79.315938,gps,35.39,"Ward 06, Chandrapur-ish",ULB_CHD,W06,Ward 06,442401,nominatim,2025-06-20 22:54:26,tg83hu,True,2025-06-20 22:53:00,True,17,1,48,5,1,0,0,0,6.0,0.408,MEDIUM,-1
PGR202500470,mobile,2025-05-22 17:58:18,Asia/Kolkata,agent,True,1,"Good evening, for 48 hours. Residents are reporting the dispensary was closed during working hours. pani ki kami ho rahi hai please arrange tankers. please help.",en,True,2025-05-22 17:58:45,asr_en_v3,"good evening, for 48 hours. residents are reporting the dispensary was closed during working hours. pani ki kami ho rahi hai please arrange tankers. please help.",161,26,water_supply,no_supply,0.8999999999999999,water_supply,0.496,negative,-0.36,low,0.25,1,20.066104,73.830156,reverse_geocode,10.68,"Ward 02, Nashik-ish",ULB_NAS,W02,Ward 02,422001,nominatim,2025-05-22 18:01:02,tesd0h,True,2025-05-22 17:58:18,True,16,1,24,4,0,0,1,0,14.0,0.531,MEDIUM,-1
PGR202500471,csc,2025-06-01 15:41:56,Asia/Kolkata,citizen,True,1,"Ji, for almost a week. I am reporting that staff behaviour was unhelpful at the office. krupaya sahayya kara.",mr,True,2025-06-01 15:42:51,asr_mr_v3,"ji, for almost a week. i am reporting that staff behaviour was unhelpful at the office. krupaya sahayya kara.",109,19,grievance_general,staff_behavior,0.75,grievance_general,0.6152,neutral,-0.18,low,0.25,1,19.905282,75.330568,gps,10.62,"Ward 09, Aurangabad-ish",ULB_AUR,W09,Ward 09,431001,nominatim,2025-06-01 15:43:18,tet94p,True,2025-06-01 15:41:56,True,17,2,24,4,1,0,1,0,7.0,0.538,MEDIUM,grievance_general_11
PGR202500472,portal,2025-04-06 19:29:15,Asia/Kolkata,citizen,True,1,"Good morning, for two days. the whole stretch is dark after evening. the complaint has been logged in the app. krupaya sahayya kara.",mr,True,2025-04-06 19:30:20,asr_mr_v3,"good morning, for two days. the whole stretch is dark after evening. the complaint has been logged in the app. krupaya sahayya kara.",132,23,grievance_general,information_request,0.45,grievance_general,0.6077,neutral,-0.0,low,0.25,1,19.835242,75.356356,gps,38.2,"Ward 15, Aurangabad-ish",ULB_AUR,W15,Ward 15,431001,nominatim,2025-04-06 19:30:46,tet8ff,True,2025-04-06 19:29:15,True,9,1,48,4,0,0,1,0,8.0,0.368,MEDIUM,-1
PGR202500473,portal,2025-04-12 02:34:25,Asia/Kolkata,citizen,True,1,"Hi, since Monday. I am reporting that the bin is overflowing and animals gather there. please help.",en,True,2025-04-12 02:35:18,asr_en_v3,"hi, since monday. i am reporting that the bin is overflowing and animals gather there. please help.",99,17,drainage,manhole_overflow,0.75,drainage,0.8249,negative,-0.36,low,0.43,1,19.980655,73.845246,manual,34.91,"Ward 14, Nashik-ish",ULB_NAS,W14,Ward 14,422001,nominatim,2025-04-12 02:36:34,tes98m,True,2025-04-12 02:34:25,True,15,1,48,7,0,1,0,0,57.0,0.508,MEDIUM,-1
PGR202500474,mobile,2025-05-07 03:29:02,Asia/Kolkata,citizen,True,1,"Good evening, for 48 hours. the road surface is broken at the crossing. kripya madad kijiye.",hi,True,2025-05-07 03:30:18,asr_hi_v3,"good evening, for 48 hours. the road surface is broken at the crossing. kripya madad kijiye.",92,16,roads,resurfacing,0.75,roads,0.855,neutral,-0.18,low,0.25,1,19.829545,75.308253,photo_exif,23.13,"Ward 20, Aurangabad-ish",ULB_AUR,W20,Ward 20,431001,nominatim,2025-05-07 03:30:25,tet8c9,True,2025-05-07 03:29:02,True,12,1,72,5,1,1,0,0,53.0,0.427,MEDIUM,-1
PGR202500475,mobile,2025-05-29 17:08:53,Asia/Kolkata,citizen,True,1,"Hi, for 48 hours. I am reporting that garbage pickup has been missed repeatedly. the complaint has been logged in the app. kripya madad kijiye.",hi,True,2025-05-29 17:09:20,asr_hi_v3,"hi, for 48 hours. i am reporting that garbage pickup has been missed repeatedly. the complaint has been logged in the app. kripya madad kijiye.",143,25,solid_waste,missed_pickup,0.75,solid_waste,0.78,negative,-0.36,low,0.25,1,19.875982,75.347342,gps,31.42,"Ward 01, Aurangabad-ish",ULB_AUR,W01,Ward 01,431001,nominatim,2025-05-29 17:09:36,tet94d,True,2025-05-29 17:08:53,True,8,1,24,3,1,0,1,0,8.0,0.488,MEDIUM,-1
PGR202500476,mobile,2025-06-08 01:07:34,Asia/Kolkata,citizen,True,1,"Good morning, since last night. the tanker did not arrive today. summer water crisis is likely so please plan supply. the complaint has been logged in the app. krupaya sahayya kara.",mr,True,2025-06-08 01:08:30,asr_mr_v3,"good morning, since last night. the tanker did not arrive today. summer water crisis is likely so please plan supply. the complaint has been logged in the app. krupaya sahayya kara.",181,31,water_supply,no_supply,0.75,water_supply,0.4997,neutral,-0.0,low,0.25,1,20.040127,73.787489,gps,15.67,"Ward 16, Nashik-ish",ULB_NAS,W16,Ward 16,422001,nominatim,2025-06-08 01:10:17,tes6p0,True,2025-06-08 01:07:34,True,19,1,24,4,0,0,1,0,8.0,0.528,MEDIUM,water_supply_14
PGR202500477,ivr,2025-02-03 16:12:44,Asia/Kolkata,citizen,True,1,"Ji, since Monday. I am reporting that an electrical cabinet is open near the path. kripya madad kijiye.",hi,True,2025-02-03 16:13:55,asr_hi_v3,"ji, since monday. i am reporting that an electrical cabinet is open near the path. kripya madad kijiye.",103,18,grievance_general,information_request,0.45,grievance_general,0.5565,neutral,-0.0,low,0.25,1,20.087921,73.867987,gps,19.87,"Ward 16, Nashik-ish",ULB_NAS,W16,Ward 16,422001,nominatim,2025-02-03 16:14:16,tesd2b,True,2025-02-03 16:12:44,True,19,1,24,5,1,0,0,0,14.0,0.411,MEDIUM,-1
PGR202500478,portal,2025-05-11 12:49:14,Asia/Kolkata,agent,True,1,"Good morning, since yesterday. I am reporting that there are big potholes on the road. barah e karam madad karein.",ur,True,2025-05-11 12:49:21,asr_ur_v3,"good morning, since yesterday. i am reporting that there are big potholes on the road. barah e karam madad karein.",114,20,roads,potholes,0.75,roads,0.7765,neutral,-0.0,low,0.25,1,20.003076,79.344427,gps,10.08,"Ward 09, Chandrapur-ish",ULB_CHD,W09,Ward 09,442401,nominatim,2025-05-11 12:52:02,tg83v9,True,2025-05-11 12:49:14,True,20,1,24,4,1,0,1,0,9.0,0.489,MEDIUM,-1
PGR202500479,portal,2025-02-17 08:55:06,Asia/Kolkata,citizen,False,1,"Hi, for 48 hours. mosquito breeding is visible due to stagnant water. please help.",en,True,2025-02-17 08:55:24,asr_en_v3,"hi, for 48 hours. mosquito breeding is visible due to stagnant water. please help.",82,14,public_health,mosquito_breeding,0.8999999999999999,public_health,0.8228,negative,-0.36,low,0.25,1,19.968901,79.34138,gps,33.56,"Ward 06, Chandrapur-ish",ULB_CHD,W06,Ward 06,442401,nominatim,2025-02-17 08:56:29,tg83t7,True,2025-02-17 08:55:06,True,17,2,48,5,0,0,0,0,6.0,0.497,MEDIUM,public_health_0
PGR202500480,mobile,2025-03-16 04:33:15,Asia/Kolkata,citizen,True,1,"Namaste, for 48 hours. Residents are reporting the dispensary was closed during working hours. dayavittu sahaya maadi.",kn,True,2025-03-16 04:34:48,asr_kn_v3,"namaste, for 48 hours. residents are reporting the dispensary was closed during working hours. dayavittu sahaya maadi.",118,17,grievance_general,information_request,0.45,grievance_general,0.375,neutral,-0.0,low,0.25,1,19.865233,75.314421,manual,9.6,"Ward 08, Aurangabad-ish",ULB_AUR,W08,Ward 08,431001,nominatim,2025-03-16 04:36:10,tet91b,True,2025-03-16 04:33:15,True,18,2,24,5,1,0,0,0,16.0,0.462,MEDIUM,-1
PGR202500481,mobile,2025-06-05 09:56:34,Asia/Kolkata,agent,True,1,"Ji, since last night. Residents are reporting play equipment is broken in the park. the complaint has been logged in the app. krupaya tatkal karyavahi kara. krupaya sahayya kara.",mr,True,2025-06-05 09:58:08,asr_mr_v3,"ji, since last night. residents are reporting play equipment is broken in the park. the complaint has been logged in the app. krupaya tatkal karyavahi kara. krupaya sahayya kara.",178,29,parks,broken_play_equipment,0.75,parks,0.6917,neutral,-0.18,low,0.25,1,19.96288,79.25383,reverse_geocode,42.28,"Ward 14, Chandrapur-ish",ULB_CHD,W14,Ward 14,442401,nominatim,2025-06-05 09:58:30,tg83e6,True,2025-06-05 09:56:34,True,18,1,48,5,0,0,0,0,11.0,0.29,LOW,-1
PGR202500482,portal,2025-03-10 13:50:50,Asia/Kolkata,citizen,True,1,"Good morning, since last night. an illegal dumpsite is growing near the corner. the complaint has been logged in the app. kripya madad kijiye.",hi,True,2025-03-10 13:52:12,asr_hi_v3,"good morning, since last night. an illegal dumpsite is growing near the corner. the complaint has been logged in the app. kripya madad kijiye.",142,24,solid_waste,dumpsite,0.75,solid_waste,0.7755,neutral,-0.0,low,0.25,1,19.951118,73.870328,gps,15.26,"Ward 18, Nashik-ish",ULB_NAS,W18,Ward 18,422001,nominatim,2025-03-10 13:53:12,tes92z,True,2025-03-10 13:50:50,True,16,1,24,4,0,0,1,0,8.0,0.368,MEDIUM,-1
PGR202500483,csc,2025-05-31 12:32:28,Asia/Kolkata,citizen,True,1,"Hello, for the past three days. I am reporting that the road surface is broken at the crossing. the complaint has been logged in the app. we also tried the IVR earlier. krupaya sahayya kara.",mr,True,2025-05-31 12:34:20,asr_mr_v3,"hello, for the past three days. i am reporting that the road surface is broken at the crossing. the complaint has been logged in the app. we also tried the ivr earlier. krupaya sahayya kara.",190,35,roads,resurfacing,0.75,roads,0.7059,neutral,-0.18,low,0.43,1,19.806964,75.354959,photo_exif,20.31,"Ward 13, Aurangabad-ish",ULB_AUR,W13,Ward 13,431001,nominatim,2025-05-31 12:34:48,tet8dt,True,2025-05-31 12:32:28,True,16,1,48,4,0,0,1,0,9.0,0.408,MEDIUM,-1
PGR202500484,csc,2025-04-11 10:49:40,Asia/Kolkata,citizen,True,1,"Namaste, since last night. I am reporting that the road surface is broken at the crossing. the complaint has been logged in the app. please help.",en,True,2025-04-11 10:50:55,asr_en_v3,"namaste, since last night. i am reporting that the road surface is broken at the crossing. the complaint has been logged in the app. please help.",145,26,roads,resurfacing,0.75,roads,0.8045,negative,-0.36,low,0.25,1,19.966098,79.279726,gps,31.38,"Ward 11, Chandrapur-ish",ULB_CHD,W11,Ward 11,442401,nominatim,2025-04-11 10:50:32,tg83s4,True,2025-04-11 10:49:40,True,19,1,72,3,0,0,1,0,7.0,0.368,MEDIUM,-1
PGR202500485,mobile,2025-03-07 21:30:23,Asia/Kolkata,citizen,True,1,"Good evening, for two days. Residents are reporting an old building has a dangerous cracked wall. the complaint has been logged in the app. kripya madad kijiye.",hi,True,2025-03-07 21:32:13,asr_hi_v3,"good evening, for two days. residents are reporting an old building has a dangerous cracked wall. the complaint has been logged in the app. kripya madad kijiye.",160,27,building_safety,dangerous_structure,0.98,building_safety,0.8434,neutral,-0.18,low,0.43,1,19.93436,75.288019,gps,20.36,"Ward 14, Aurangabad-ish",ULB_AUR,W14,Ward 14,431001,nominatim,2025-03-07 21:32:53,tet93h,True,2025-03-07 21:30:23,True,14,1,72,3,0,0,1,0,6.0,0.567,MEDIUM,-1
PGR202500486,whatsapp,2025-03-23 03:16:44,Asia/Kolkata,citizen,True,1,"Good morning, for the past three days. Residents are reporting there is a strong smell from the open drain. the complaint has been logged in the app. we also tried the IVR earlier. please help.",en,True,2025-03-23 03:17:21,asr_en_v3,"good morning, for the past three days. residents are reporting there is a strong smell from the open drain. the complaint has been logged in the app. we also tried the ivr earlier. please help.",193,35,grievance_general,information_request,0.45,grievance_general,0.4046,neutral,-0.18,low,0.43,1,20.082677,73.852598,gps,15.53,Nashik-ish,ULB_NAS,Non,,422001,nominatim,2025-03-23 03:19:35,tesd0x,True,2025-03-23 03:16:44,True,8,1,48,4,1,0,1,0,11.0,0.529,MEDIUM,-1
PGR202500487,mobile,2025-04-21 14:46:13,Asia/Kolkata,citizen,True,1,"Namaste, for the past three days. We are experiencing the bin is overflowing and animals gather there. the complaint has been logged in the app. paani nahi aa raha hai. kripya madad kijiye.",hi,True,2025-04-21 14:47:59,asr_hi_v3,"namaste, for the past three days. we are experiencing the bin is overflowing and animals gather there. the complaint has been logged in the app. paani nahi aa raha hai. kripya madad kijiye.",189,33,water_supply,no_supply,0.75,drainage,0.4776,negative,-0.36,medium,0.61,1,19.913704,79.272612,gps,19.55,"Ward 13, Chandrapur-ish",ULB_CHD,W13,Ward 13,442401,nominatim,2025-04-21 14:48:18,tg837c,True,2025-04-21 14:46:13,True,14,1,48,5,0,0,0,0,15.0,0.53,MEDIUM,water_supply_7
PGR202500488,ivr,2025-05-26 18:31:46,Asia/Kolkata,citizen,True,1,"Good evening, for almost a week. I am reporting that an illegal dumpsite is growing near the corner. please help.",en,True,2025-05-26 18:33:22,asr_en_v3,"good evening, for almost a week. i am reporting that an illegal dumpsite is growing near the corner. please help.",113,20,solid_waste,dumpsite,0.75,solid_waste,0.8135,neutral,-0.18,low,0.25,1,19.924273,79.309693,manual,33.41,"Ward 01, Chandrapur-ish",ULB_CHD,W01,Ward 01,442401,nominatim,2025-05-26 18:34:37,tg83ke,True,2025-05-26 18:31:46,True,20,1,48,5,1,0,0,0,11.0,0.41,MEDIUM,-1
PGR202500489,mobile,2025-05-02 21:39:24,Asia/Kolkata,citizen,True,1,"Ji, since Monday. Residents are reporting the bin is overflowing and animals gather there. kripya madad kijiye.",hi,True,2025-05-02 21:39:56,asr_hi_v3,"ji, since monday. residents are reporting the bin is overflowing and animals gather there. kripya madad kijiye.",111,17,drainage,manhole_overflow,0.75,drainage,0.8212,neutral,-0.18,low,0.43,1,19.836868,75.449778,gps,10.06,"Ward 20, Aurangabad-ish",ULB_AUR,W20,Ward 20,431001,nominatim,2025-05-02 21:41:59,tet8ug,True,2025-05-02 21:39:24,True,12,1,72,4,0,0,1,0,7.0,0.568,MEDIUM,-1
PGR202500490,mobile,2025-06-20 23:36:20,Asia/Kolkata,citizen,True,1,"Ji, since last night. I am reporting that the grass is drying up because irrigation is off. the complaint has been logged in the app. we also tried the IVR earlier. kripya madad kijiye.",hi,True,2025-06-20 23:36:47,asr_hi_v3,"ji, since last night. i am reporting that the grass is drying up because irrigation is off. the complaint has been logged in the app. we also tried the ivr earlier. kripya madad kijiye.",185,34,parks,lawn_irrigation,0.75,parks,0.7541,neutral,-0.0,low,0.25,1,19.834448,75.416127,reverse_geocode,18.11,"Ward 18, Aurangabad-ish",ULB_AUR,W18,Ward 18,431001,nominatim,2025-06-20 23:38:26,tet8u4,True,2025-06-20 23:36:20,True,13,1,24,6,1,1,0,0,34.0,0.419,MEDIUM,-1
PGR202500491,csc,2025-06-11 03:51:35,Asia/Kolkata,citizen,True,1,"Good evening, since yesterday. I am reporting that the grass is drying up because irrigation is off. summer water crisis is likely so please plan supply. we also tried the IVR earlier. kripya madad kijiye.",hi,True,2025-06-11 03:51:45,asr_hi_v3,"good evening, since yesterday. i am reporting that the grass is drying up because irrigation is off. summer water crisis is likely so please plan supply. we also tried the ivr earlier. kripya madad kijiye.",205,35,parks,lawn_irrigation,0.75,parks,0.7747,neutral,-0.0,low,0.25,1,19.823868,75.446049,gps,20.15,"Ward 11, Aurangabad-ish",ULB_AUR,W11,Ward 11,431001,nominatim,2025-06-11 03:53:11,tet8ub,True,2025-06-11 03:51:35,True,18,1,24,5,1,0,0,0,11.0,0.41,MEDIUM,-1
PGR202500492,mobile,2025-05-25 00:04:21,Asia/Kolkata,citizen,True,1,"Ji, for two days. Residents are reporting the drain is blocked and water is stagnant. kripya madad kijiye.",hi,True,2025-05-25 00:05:33,asr_hi_v3,"ji, for two days. residents are reporting the drain is blocked and water is stagnant. kripya madad kijiye.",106,18,grievance_general,information_request,0.45,grievance_general,0.6232,neutral,-0.0,low,0.25,1,19.833829,75.334338,manual,32.97,"Ward 08, Aurangabad-ish",ULB_AUR,W08,Ward 08,431001,nominatim,2025-05-25 00:06:58,tet8f6,True,2025-05-25 00:04:21,True,18,1,72,3,0,0,1,0,6.0,0.368,MEDIUM,-1
PGR202500493,portal,2025-05-02 11:11:08,Asia/Kolkata,agent,True,1,"Hi, since yesterday. We are experiencing tap pressure is very low. tanker kadi yetil. krupaya sahayya kara.",mr,True,2025-05-02 11:12:15,asr_mr_v3,"hi, since yesterday. we are experiencing tap pressure is very low. tanker kadi yetil. krupaya sahayya kara.",107,17,water_supply,no_supply,0.8999999999999999,water_supply,0.6634,neutral,-0.0,low,0.25,1,19.958199,79.268043,reverse_geocode,18.5,"Ward 15, Chandrapur-ish",ULB_CHD,W15,Ward 15,442401,nominatim,2025-05-02 11:11:57,tg83ec,True,2025-05-02 11:11:08,True,14,1,24,3,0,0,1,0,8.0,0.528,MEDIUM,-1
PGR202500494,portal,2025-03-16 11:28:51,Asia/Kolkata,citizen,True,1,"Good morning, for almost a week. we suspect a pipeline leak nearby. pani ki kami ho rahi hai please arrange tankers. the complaint has been logged in the app. loker madat kara. krupaya sahayya kara.",mr,True,2025-03-16 11:30:26,asr_mr_v3,"good morning, for almost a week. we suspect a pipeline leak nearby. pani ki kami ho rahi hai please arrange tankers. the complaint has been logged in the app. loker madat kara. krupaya sahayya kara.",198,35,water_supply,no_supply,0.8999999999999999,water_supply,0.7836,neutral,-0.18,low,0.25,1,19.922523,75.304937,gps,47.12,"Ward 13, Aurangabad-ish",ULB_AUR,W13,Ward 13,431001,nominatim,2025-03-16 11:30:40,tet93d,True,2025-03-16 11:28:51,True,16,1,72,5,0,0,0,0,12.0,0.45,MEDIUM,-1
PGR202500495,mobile,2025-04-03 21:15:27,Asia/Kolkata,citizen,True,1,"Hello, in Chandrapur near Ward 15, since Monday. garbage pickup has been missed repeatedly. the complaint has been logged in the app. roz subah tap dry milta hai. kripya madad kijiye.",hi,True,2025-04-03 21:16:14,asr_hi_v3,"hello, in chandrapur near ward 15, since monday. garbage pickup has been missed repeatedly. the complaint has been logged in the app. roz subah tap dry milta hai. kripya madad kijiye.",183,31,water_supply,no_supply,0.75,solid_waste,0.3707,negative,-0.36,low,0.25,1,19.956898,79.332445,gps,17.65,"Ward 15, Chandrapur-ish",ULB_CHD,W15,Ward 15,442401,nominatim,2025-04-03 21:17:57,tg83t3,True,2025-04-03 21:15:27,True,14,1,24,4,0,0,1,0,11.0,0.53,MEDIUM,-1
PGR202500496,portal,2025-02-18 20:01:09,Asia/Kolkata,citizen,True,1,"Namaste, since yesterday. Residents are reporting the manhole is overflowing on the street. kripya madad kijiye.",hi,True,2025-02-18 20:02:32,asr_hi_v3,"namaste, since yesterday. residents are reporting the manhole is overflowing on the street. kripya madad kijiye.",112,16,drainage,manhole_overflow,0.8999999999999999,drainage,0.7267,neutral,-0.18,low,0.43,1,19.96437,79.258323,manual,16.43,"Ward 11, Chandrapur-ish",ULB_CHD,W11,Ward 11,442401,nominatim,2025-02-18 20:04:00,tg83ed,True,2025-02-18 20:01:09,True,19,1,24,3,0,0,1,0,7.0,0.568,MEDIUM,-1
PGR202500497,ivr,2025-03-29 03:03:44,Asia/Kolkata,citizen,True,1,"Ji, for almost a week. I am reporting that tap pressure is very low. please help.",en,True,2025-03-29 03:04:02,asr_en_v3,"ji, for almost a week. i am reporting that tap pressure is very low. please help.",81,16,water_supply,no_supply,0.75,water_supply,0.6071,neutral,-0.18,low,0.25,1,19.825293,75.282238,gps,17.43,"Ward 05, Aurangabad-ish",ULB_AUR,W05,Ward 05,431001,nominatim,2025-03-29 03:04:46,tet8c1,True,2025-03-29 03:03:44,True,17,1,72,3,0,0,1,0,6.0,0.527,MEDIUM,-1
PGR202500498,ivr,2025-06-19 23:17:59,Asia/Kolkata,citizen,True,1,"Namaste, for 48 hours. I am reporting that the pole looks damaged and wires are exposed. it feels like a drought and the borewell is almost dry. the complaint has been logged in the app. krupaya sahayya kara.",mr,True,2025-06-19 23:18:21,asr_mr_v3,"namaste, for 48 hours. i am reporting that the pole looks damaged and wires are exposed. it feels like a drought and the borewell is almost dry. the complaint has been logged in the app. krupaya sahayya kara.",208,38,utilities_other,cable_hazard,0.75,utilities_other,0.6264,neutral,-0.0,low,0.25,1,19.995308,73.728983,gps,3.0,"Ward 02, Nashik-ish",ULB_NAS,W02,Ward 02,422001,nominatim,2025-06-19 23:18:34,tes3v8,True,2025-06-19 23:17:59,True,16,1,48,3,0,0,1,0,7.0,0.368,MEDIUM,-1
PGR202500499,mobile,2025-04-05 21:10:31,Asia/Kolkata,citizen,True,1,"Good evening, in Nashik near Ward 06, for the past three days. Residents are reporting garbage pickup has been missed repeatedly. we also tried the IVR earlier. krupaya sahayya kara.",mr,True,2025-04-05 21:11:36,asr_mr_v3,"good evening, in nashik near ward 06, for the past three days. residents are reporting garbage pickup has been missed repeatedly. we also tried the ivr earlier. krupaya sahayya kara.",182,30,solid_waste,missed_pickup,0.75,solid_waste,0.6099,negative,-0.36,low,0.43,1,20.088288,73.802591,manual,4.45,"Ward 06, Nashik-ish",ULB_NAS,W06,Ward 06,422001,nominatim,2025-04-05 21:11:44,tes6r2,True,2025-04-05 21:10:31,True,17,1,48,3,1,0,1,0,6.0,0.527,MEDIUM,-1
PGR202500500,portal,2025-02-18 01:25:25,Asia/Kolkata,citizen,True,1,"Good evening, for two days. Residents are reporting the bin is overflowing and animals gather there. the complaint has been logged in the app. we also tried the IVR earlier. kripya madad kijiye.",hi,True,2025-02-18 01:27:02,asr_hi_v3,"good evening, for two days. residents are reporting the bin is overflowing and animals gather there. the complaint has been logged in the app. we also tried the ivr earlier. kripya madad kijiye.",194,33,drainage,manhole_overflow,0.75,drainage,0.744,neutral,-0.18,low,0.43,1,19.893536,75.321498,gps,12.04,"Ward 11, Aurangabad-ish",ULB_AUR,W11,Ward 11,431001,nominatim,2025-02-18 01:28:03,tet91v,True,2025-02-18 01:25:25,True,18,1,72,4,0,0,1,0,5.0,0.567,MEDIUM,-1
PGR202500501,mobile,2025-05-09 18:57:05,Asia/Kolkata,agent,True,1,"Hello, for almost a week. I am reporting that an illegal dumpsite is growing near the corner. krupaya sahayya kara.",mr,True,2025-05-09 18:58:28,asr_mr_v3,"hello, for almost a week. i am reporting that an illegal dumpsite is growing near the corner. krupaya sahayya kara.",115,20,solid_waste,dumpsite,0.75,solid_waste,0.8127,neutral,-0.0,low,0.25,1,,,gps,37.04,"Ward 09, Chandrapur-ish",ULB_CHD,W09,Ward 09,442401,nominatim,2025-05-09 18:58:48,UNKNOWN,True,2025-05-09 18:57:05,False,20,1,72,5,0,0,0,0,15.0,0.291,LOW,-1
PGR202500502,mobile,2025-06-25 09:24:47,Asia/Kolkata,citizen,True,1,"Hello, for two days. Residents are reporting a service request has no update. we also tried the IVR earlier. krupaya sahayya kara.",mr,True,2025-06-25 09:25:55,asr_mr_v3,"hello, for two days. residents are reporting a service request has no update. we also tried the ivr earlier. krupaya sahayya kara.",130,22,grievance_general,information_request,0.45,grievance_general,0.5376,neutral,-0.0,low,0.25,1,19.994148,73.768729,gps,19.5,"Ward 11, Nashik-ish",ULB_NAS,W11,Ward 11,422001,nominatim,2025-06-25 09:25:15,tes3wx,True,2025-06-25 09:24:47,True,17,1,48,5,1,0,0,0,16.0,0.412,MEDIUM,-1
PGR202500503,mobile,2025-06-11 02:57:57,Asia/Kolkata,citizen,True,1,"Good evening, since yesterday. there is illegal construction on the terrace. we also tried the IVR earlier. kripya madad kijiye.",hi,True,2025-06-11 02:58:40,asr_hi_v3,"good evening, since yesterday. there is illegal construction on the terrace. we also tried the ivr earlier. kripya madad kijiye.",128,20,building_safety,illegal_construction,0.75,building_safety,0.7483,neutral,-0.0,low,0.25,1,19.867913,75.351147,gps,12.73,"Ward 06, Aurangabad-ish",ULB_AUR,W06,Ward 06,431001,nominatim,2025-06-11 02:58:36,tet948,True,2025-06-11 02:57:57,True,19,1,96,5,1,0,0,0,15.0,0.571,MEDIUM,-1
PGR202500504,whatsapp,2025-03-14 02:40:30,Asia/Kolkata,citizen,False,1,"Ji, for the past three days. Residents are reporting stray dogs are aggressive near the market. summer water crisis is likely so please plan supply. we also tried the IVR earlier. please help.",en,True,2025-03-14 02:41:33,asr_en_v3,"ji, for the past three days. residents are reporting stray dogs are aggressive near the market. summer water crisis is likely so please plan supply. we also tried the ivr earlier. please help.",192,33,public_health,stray_dogs,0.8999999999999999,public_health,0.768,neutral,-0.18,low,0.43,1,20.097647,73.744665,gps,38.4,"Ward 19, Nashik-ish",ULB_NAS,W19,Ward 19,422001,nominatim,2025-03-14 02:41:44,tes6q4,True,2025-03-14 02:40:30,True,13,1,24,5,0,0,0,0,15.0,0.491,MEDIUM,-1
PGR202500505,ivr,2025-04-10 02:01:43,Asia/Kolkata,contractor,True,1,"Hello, since yesterday. We are experiencing resurfacing has been pending for many weeks. the complaint has been logged in the app. krupaya sahayya kara.",mr,True,2025-04-10 02:03:31,asr_mr_v3,"hello, since yesterday. we are experiencing resurfacing has been pending for many weeks. the complaint has been logged in the app. krupaya sahayya kara.",152,24,grievance_general,information_request,0.45,grievance_general,0.6156,neutral,-0.0,low,0.25,1,20.023196,73.729902,gps,43.27,"Ward 08, Nashik-ish",ULB_NAS,W08,Ward 08,422001,nominatim,2025-04-10 02:02:57,tes3vv,True,2025-04-10 02:01:43,True,9,1,24,3,1,0,1,0,7.0,0.488,MEDIUM,-1
PGR202500506,csc,2025-04-21 15:39:33,Asia/Kolkata,citizen,False,1,"Hi, since Monday. an illegal dumpsite is growing near the corner. we also tried the IVR earlier. kripya madad kijiye.",hi,True,2025-04-21 15:40:54,asr_hi_v3,"hi, since monday. an illegal dumpsite is growing near the corner. we also tried the ivr earlier. kripya madad kijiye.",117,20,solid_waste,dumpsite,0.75,solid_waste,0.7925,neutral,-0.0,low,0.25,1,20.0025,73.843462,gps,38.83,"Ward 17, Nashik-ish",ULB_NAS,W17,Ward 17,422001,nominatim,2025-04-21 15:40:14,tes9b3,True,2025-04-21 15:39:33,True,20,1,72,3,0,0,1,0,6.0,0.368,MEDIUM,-1
PGR202500507,portal,2025-03-10 04:13:20,Asia/Kolkata,citizen,True,1,"Namaste, for the past three days. I am reporting that the bin is overflowing and animals gather there. please help.",en,True,2025-03-10 04:14:11,asr_en_v3,"namaste, for the past three days. i am reporting that the bin is overflowing and animals gather there. please help.",115,20,drainage,manhole_overflow,0.75,drainage,0.792,negative,-0.36,medium,0.61,1,19.826169,75.36627,gps,7.2,"Ward 08, Aurangabad-ish",ULB_AUR,W08,Ward 08,431001,nominatim,2025-03-10 04:14:59,tet8g1,True,2025-03-10 04:13:20,True,18,1,48,3,0,0,1,0,3.0,0.605,HIGH,-1
PGR202500508,portal,2025-03-13 07:17:27,Asia/Kolkata,citizen,True,1,"Hello, since Monday. We are experiencing resurfacing has been pending for many weeks. the complaint has been logged in the app. please help.",en,True,2025-03-13 07:19:15,asr_en_v3,"hello, since monday. we are experiencing resurfacing has been pending for many weeks. the complaint has been logged in the app. please help.",140,23,grievance_general,information_request,0.45,grievance_general,0.5999,neutral,-0.18,low,0.25,1,19.938338,79.257737,gps,12.57,"Ward 09, Chandrapur-ish",ULB_CHD,W09,Ward 09,442401,nominatim,2025-03-13 07:19:03,tg837t,True,2025-03-13 07:17:27,True,20,1,72,5,1,0,0,0,12.0,0.41,MEDIUM,grievance_general_9
PGR202500509,portal,2025-03-08 11:59:03,Asia/Kolkata,citizen,True,1,"Good evening, since last night. We are experiencing there is illegal construction on the terrace. the complaint has been logged in the app. tanker kadi yetil. krupaya sahayya kara.",mr,True,2025-03-08 12:01:02,asr_mr_v3,"good evening, since last night. we are experiencing there is illegal construction on the terrace. the complaint has been logged in the app. tanker kadi yetil. krupaya sahayya kara.",180,29,water_supply,no_supply,0.75,building_safety,0.6293,neutral,-0.0,low,0.25,1,19.939961,75.332721,photo_exif,47.21,"Ward 13, Aurangabad-ish",ULB_AUR,W13,Ward 13,431001,nominatim,2025-03-08 11:59:54,tet96j,True,2025-03-08 11:59:03,True,16,1,24,4,0,0,1,0,7.0,0.528,MEDIUM,-1
PGR202500510,portal,2025-06-30 04:29:32,Asia/Kolkata,citizen,True,1,"Good morning, for two days. Residents are reporting the whole stretch is dark after evening. pressure bahut kam hai. please help.",en,True,2025-06-30 04:30:17,asr_en_v3,"good morning, for two days. residents are reporting the whole stretch is dark after evening. pressure bahut kam hai. please help.",129,21,grievance_general,information_request,0.45,grievance_general,0.4768,neutral,-0.18,low,0.25,1,19.917589,75.333263,reverse_geocode,23.62,"Ward 06, Aurangabad-ish",ULB_AUR,W06,Ward 06,431001,nominatim,2025-06-30 04:30:29,tet963,True,2025-06-30 04:29:32,True,19,1,24,5,0,0,0,0,13.0,0.29,LOW,grievance_general_11
PGR202500511,portal,2025-05-23 21:39:04,Asia/Kolkata,contractor,False,1,"Ji, since Monday. the pole looks damaged and wires are exposed. the complaint has been logged in the app. tankers kab aayenge. kripya madad kijiye.",hi,True,2025-05-23 21:40:45,asr_hi_v3,"ji, since monday. the pole looks damaged and wires are exposed. the complaint has been logged in the app. tankers kab aayenge. kripya madad kijiye.",147,25,water_supply,no_supply,0.75,utilities_other,0.6403,neutral,-0.0,low,0.25,1,19.940604,75.308094,gps,15.99,"Ward 05, Aurangabad-ish",ULB_AUR,W05,Ward 05,431001,nominatim,2025-05-23 21:41:10,tet93w,True,2025-05-23 21:39:04,True,17,2,24,4,1,0,1,0,7.0,0.698,HIGH,water_supply_4
PGR202500512,mobile,2025-06-07 03:04:57,Asia/Kolkata,contractor,True,1,"Namaste, since last night. there are big potholes on the road. krupaya sahayya kara.",mr,True,2025-06-07 03:05:12,asr_mr_v3,"namaste, since last night. there are big potholes on the road. krupaya sahayya kara.",84,14,roads,potholes,0.75,roads,0.8404,neutral,-0.0,low,0.25,1,20.011835,73.851773,gps,30.78,"Ward 08, Nashik-ish",ULB_NAS,W08,Ward 08,422001,nominatim,2025-06-07 03:07:49,tes9be,True,2025-06-07 03:04:57,True,9,1,48,5,0,0,0,0,9.0,0.289,LOW,-1
PGR202500513,mobile,2025-06-03 11:38:50,Asia/Kolkata,citizen,True,1,"Good evening, since Monday. Residents are reporting an electrical cabinet is open near the path. krupaya tatkal karyavahi kara. krupaya sahayya kara.",mr,True,2025-06-03 11:39:09,asr_mr_v3,"good evening, since monday. residents are reporting an electrical cabinet is open near the path. krupaya tatkal karyavahi kara. krupaya sahayya kara.",149,22,grievance_general,information_request,0.45,grievance_general,0.5018,neutral,-0.0,low,0.25,1,20.00155,73.772871,reverse_geocode,35.11,"Ward 17, Nashik-ish",ULB_NAS,W17,Ward 17,422001,nominatim,2025-06-03 11:41:49,tes3y9,True,2025-06-03 11:38:50,True,20,1,72,4,0,0,1,0,12.0,0.37,MEDIUM,-1
PGR202500514,whatsapp,2025-06-24 20:54:58,Asia/Kolkata,citizen,True,1,"Good morning, for almost a week. We are experiencing there is illegal construction on the terrace. the complaint has been logged in the app. kripya madad kijiye.",hi,True,2025-06-24 20:56:09,asr_hi_v3,"good morning, for almost a week. we are experiencing there is illegal construction on the terrace. the complaint has been logged in the app. kripya madad kijiye.",161,27,building_safety,illegal_construction,0.75,building_safety,0.7764,neutral,-0.0,low,0.25,1,20.099223,73.811123,gps,11.43,"Ward 03, Nashik-ish",ULB_NAS,W03,Ward 03,422001,nominatim,2025-06-24 20:56:47,tes6rd,True,2025-06-24 20:54:58,True,10,1,48,5,0,0,0,0,15.0,0.451,MEDIUM,-1
PGR202500515,portal,2025-02-16 19:00:03,Asia/Kolkata,citizen,False,1,"Hello, for almost a week. I am reporting that the whole stretch is dark after evening. pani nahiye. krupaya sahayya kara.",mr,True,2025-02-16 19:01:34,asr_mr_v3,"hello, for almost a week. i am reporting that the whole stretch is dark after evening. pani nahiye. krupaya sahayya kara.",121,21,grievance_general,information_request,0.45,grievance_general,0.5394,neutral,-0.18,low,0.25,1,19.976513,79.346519,gps,23.29,"Ward 09, Chandrapur-ish",ULB_CHD,W09,Ward 09,442401,nominatim,2025-02-16 19:00:29,tg83ts,True,2025-02-16 19:00:03,True,20,1,72,5,0,1,0,0,19.0,0.293,LOW,grievance_general_0
PGR202500516,whatsapp,2025-06-13 05:52:35,Asia/Kolkata,agent,True,1,"Hello, since last night. I am reporting that the septic tank has overflowed onto the street. roz subah tap dry milta hai. kripya madad kijiye.",hi,True,2025-06-13 05:54:29,asr_hi_v3,"hello, since last night. i am reporting that the septic tank has overflowed onto the street. roz subah tap dry milta hai. kripya madad kijiye.",142,25,water_supply,no_supply,0.75,sanitation,0.5037,neutral,-0.18,low,0.43,1,19.924189,75.422365,reverse_geocode,33.9,"Ward 14, Aurangabad-ish",ULB_AUR,W14,Ward 14,431001,nominatim,2025-06-13 05:55:18,tet9k7,True,2025-06-13 05:52:35,True,14,1,24,5,0,0,0,0,9.0,0.488,MEDIUM,-1
PGR202500517,mobile,2025-02-10 23:36:42,Asia/Kolkata,citizen,True,1,"Ji, since Monday. I am reporting that the streetlight near our lane is not working. kripya madad kijiye.",hi,True,2025-02-10 23:36:56,asr_hi_v3,"ji, since monday. i am reporting that the streetlight near our lane is not working. kripya madad kijiye.",104,18,streetlights,lamp_faulty,0.75,streetlights,0.9108,neutral,-0.0,low,0.25,1,20.034488,73.758911,gps,3.0,"Ward 15, Nashik-ish",ULB_NAS,W15,Ward 15,422001,nominatim,2025-02-10 23:39:34,tes3yr,True,2025-02-10 23:36:42,True,14,1,24,4,0,0,1,0,6.0,0.368,MEDIUM,-1
PGR202500518,portal,2025-04-13 07:30:55,Asia/Kolkata,citizen,True,1,"Good morning, for 48 hours. We are experiencing garbage pickup has been missed repeatedly. pani ki kami ho rahi hai please arrange tankers. the complaint has been logged in the app. krupaya sahayya kara.",mr,True,2025-04-13 07:32:20,asr_mr_v3,"good morning, for 48 hours. we are experiencing garbage pickup has been missed repeatedly. pani ki kami ho rahi hai please arrange tankers. the complaint has been logged in the app. krupaya sahayya kara.",203,34,water_supply,no_supply,0.8999999999999999,water_supply,0.3976,negative,-0.54,low,0.25,1,19.80342,75.372881,reverse_geocode,20.19,"Ward 09, Aurangabad-ish",ULB_AUR,W09,Ward 09,431001,nominatim,2025-04-13 07:31:59,tet8ej,True,2025-04-13 07:30:55,True,17,1,48,3,0,0,1,0,4.0,0.527,MEDIUM,-1
PGR202500519,mobile,2025-05-01 03:57:39,Asia/Kolkata,citizen,False,1,"Ji, for two days. I am reporting that illegal parking is blocking the lane. the complaint has been logged in the app. tankers kab aayenge. kripya madad kijiye.",hi,True,2025-05-01 03:59:36,asr_hi_v3,"ji, for two days. i am reporting that illegal parking is blocking the lane. the complaint has been logged in the app. tankers kab aayenge. kripya madad kijiye.",159,28,traffic,illegal_parking,0.8999999999999999,traffic,0.793,neutral,-0.0,low,0.25,1,19.995566,79.317581,manual,3.28,"Ward 02, Chandrapur-ish",ULB_CHD,W02,Ward 02,442401,nominatim,2025-05-01 03:59:03,tg83ub,True,2025-05-01 03:57:39,True,18,1,48,3,0,0,1,0,9.0,0.369,MEDIUM,-1
PGR202500520,mobile,2025-03-26 16:17:59,Asia/Kolkata,citizen,True,1,"Good evening, for 48 hours. Residents are reporting an electrical cabinet is open near the path. the complaint has been logged in the app. please help.",en,True,2025-03-26 16:18:08,asr_en_v3,"good evening, for 48 hours. residents are reporting an electrical cabinet is open near the path. the complaint has been logged in the app. please help.",151,26,grievance_general,information_request,0.45,grievance_general,0.4881,neutral,-0.18,low,0.25,1,,,manual,196.91,"Ward 01, Aurangabad-ish",ULB_AUR,W01,Ward 01,431001,nominatim,2025-03-26 16:18:23,UNKNOWN,True,2025-03-26 16:17:59,False,8,1,24,3,1,0,1,0,6.0,0.488,MEDIUM,-1
PGR202500521,mobile,2025-02-22 22:13:25,Asia/Kolkata,citizen,True,1,"Good evening, for two days. We are experiencing the tanker did not arrive today. we also tried the IVR earlier. kripya madad kijiye.",hi,True,2025-02-22 22:13:38,asr_hi_v3,"good evening, for two days. we are experiencing the tanker did not arrive today. we also tried the ivr earlier. kripya madad kijiye.",132,23,water_supply,no_supply,0.75,water_supply,0.5202,neutral,-0.0,low,0.25,1,20.026498,73.867336,gps,11.55,"Ward 10, Nashik-ish",ULB_NAS,W10,Ward 10,422001,nominatim,2025-02-22 22:15:53,tes9bv,True,2025-02-22 22:13:25,True,11,1,48,3,0,0,1,0,2.0,0.526,MEDIUM,-1
PGR202500522,mobile,2025-03-01 20:17:05,Asia/Kolkata,contractor,False,1,"Ji, for two days. Residents are reporting the streetlight near our lane is not working. the complaint has been logged in the app. krupaya sahayya kara.",mr,True,2025-03-01 20:18:05,asr_mr_v3,"ji, for two days. residents are reporting the streetlight near our lane is not working. the complaint has been logged in the app. krupaya sahayya kara.",151,26,streetlights,lamp_faulty,0.75,streetlights,0.8782,neutral,-0.0,low,0.25,1,19.825763,75.37243,gps,27.16,"Ward 17, Aurangabad-ish",ULB_AUR,W17,Ward 17,431001,nominatim,2025-03-01 20:19:29,tet8g1,True,2025-03-01 20:17:05,True,12,1,48,5,1,0,0,0,9.0,0.409,MEDIUM,-1
PGR202500523,ivr,2025-06-04 16:47:27,Asia/Kolkata,contractor,True,1,"Hello, since last night. Residents are reporting hawkers have encroached on the footpath. we also tried the IVR earlier. kripya madad kijiye.",hi,True,2025-06-04 16:47:44,asr_hi_v3,"hello, since last night. residents are reporting hawkers have encroached on the footpath. we also tried the ivr earlier. kripya madad kijiye.",141,22,grievance_general,information_request,0.45,grievance_general,0.4599,neutral,-0.0,low,0.25,1,19.985472,79.390407,gps,15.17,"Ward 01, Chandrapur-ish",ULB_CHD,W01,Ward 01,442401,nominatim,2025-06-04 16:47:50,tg83ww,True,2025-06-04 16:47:27,True,20,1,24,3,0,0,1,0,5.0,0.367,MEDIUM,-1
PGR202500524,mobile,2025-03-20 19:24:21,Asia/Kolkata,agent,True,1,"Hi, since last night. Residents are reporting there are big potholes on the road. krupaya sahayya kara.",mr,True,2025-03-20 19:25:41,asr_mr_v3,"hi, since last night. residents are reporting there are big potholes on the road. krupaya sahayya kara.",103,17,roads,potholes,0.75,roads,0.8146,neutral,-0.0,low,0.25,1,19.967506,73.885278,reverse_geocode,10.27,"Ward 18, Nashik-ish",ULB_NAS,W18,Ward 18,422001,nominatim,2025-03-20 19:26:33,tes996,True,2025-03-20 19:24:21,True,16,1,48,4,1,0,1,0,10.0,0.489,MEDIUM,-1
PGR202500525,portal,2025-03-19 13:12:17,Asia/Kolkata,citizen,True,1,"Good evening, since last night. We are experiencing the pole looks damaged and wires are exposed. the complaint has been logged in the app. we also tried the IVR earlier. kripya madad kijiye.",hi,True,2025-03-19 13:13:30,asr_hi_v3,"good evening, since last night. we are experiencing the pole looks damaged and wires are exposed. the complaint has been logged in the app. we also tried the ivr earlier. kripya madad kijiye.",191,33,utilities_other,cable_hazard,0.75,utilities_other,0.7364,neutral,-0.0,low,0.25,1,20.04022,73.85334,manual,20.77,"Ward 14, Nashik-ish",ULB_NAS,W14,Ward 14,422001,nominatim,2025-03-19 13:13:42,tesd08,True,2025-03-19 13:12:17,True,15,1,48,4,1,0,1,0,10.0,0.489,MEDIUM,-1
PGR202500526,portal,2025-06-19 12:06:08,Asia/Kolkata,citizen,True,1,"Good morning, for almost a week. the manhole is overflowing on the street. the complaint has been logged in the app. pressure bahut kam hai. kripya madad kijiye.",hi,True,2025-06-19 12:07:59,asr_hi_v3,"good morning, for almost a week. the manhole is overflowing on the street. the complaint has been logged in the app. pressure bahut kam hai. kripya madad kijiye.",161,28,drainage,manhole_overflow,0.8999999999999999,drainage,0.5296,neutral,-0.18,low,0.43,1,19.958066,73.80123,manual,3.0,"Ward 01, Nashik-ish",ULB_NAS,W01,Ward 01,422001,nominatim,2025-06-19 12:07:55,tes3x3,True,2025-06-19 12:06:08,True,10,1,48,4,0,0,1,0,7.0,0.568,MEDIUM,-1
PGR202500527,portal,2025-02-22 13:56:20,Asia/Kolkata,citizen,True,1,"Ji, for almost a week. we need information on the process. krupaya sahayya kara.",mr,True,2025-02-22 13:57:27,asr_mr_v3,"ji, for almost a week. we need information on the process. krupaya sahayya kara.",80,14,grievance_general,information_request,0.75,grievance_general,0.5373,neutral,-0.0,low,0.25,1,19.967168,79.296025,gps,26.43,"Ward 07, Chandrapur-ish",ULB_CHD,W07,Ward 07,442401,nominatim,2025-02-22 13:57:14,tg83s6,True,2025-02-22 13:56:20,True,16,1,24,4,0,0,1,0,9.0,0.369,MEDIUM,grievance_general_1
PGR202500528,portal,2025-06-18 06:57:38,Asia/Kolkata,citizen,True,1,"Ji, since yesterday. We are experiencing the bin is overflowing and animals gather there. the complaint has been logged in the app. krupaya sahayya kara.",mr,True,2025-06-18 06:57:52,asr_mr_v3,"ji, since yesterday. we are experiencing the bin is overflowing and animals gather there. the complaint has been logged in the app. krupaya sahayya kara.",153,25,drainage,manhole_overflow,0.75,drainage,0.7829,neutral,-0.18,low,0.43,1,20.014748,73.81086,manual,36.97,"Ward 05, Nashik-ish",ULB_NAS,W05,Ward 05,422001,nominatim,2025-06-18 07:00:08,tes3ze,True,2025-06-18 06:57:38,True,23,2,24,5,1,0,0,0,13.0,0.66,HIGH,-1
PGR202500529,mobile,2025-06-19 03:29:36,Asia/Kolkata,citizen,True,1,"Hello, since Monday. We are experiencing we need information on the process. krupaya sahayya kara.",mr,True,2025-06-19 03:31:13,asr_mr_v3,"hello, since monday. we are experiencing we need information on the process. krupaya sahayya kara.",98,15,grievance_general,information_request,0.75,grievance_general,0.5466,neutral,-0.0,low,0.25,1,19.957357,79.256279,gps,18.81,"Ward 19, Chandrapur-ish",ULB_CHD,W19,Ward 19,442401,nominatim,2025-06-19 03:31:00,tg83e9,True,2025-06-19 03:29:36,True,15,1,72,5,1,0,0,0,8.0,0.408,MEDIUM,grievance_general_9
PGR202500530,whatsapp,2025-05-01 18:48:52,Asia/Kolkata,citizen,True,1,"Good evening, since last night. I am reporting that staff behaviour was unhelpful at the office. the complaint has been logged in the app. we also tried the IVR earlier. please help.",en,True,2025-05-01 18:50:38,asr_en_v3,"good evening, since last night. i am reporting that staff behaviour was unhelpful at the office. the complaint has been logged in the app. we also tried the ivr earlier. please help.",182,32,grievance_general,staff_behavior,0.75,grievance_general,0.5229,neutral,-0.18,low,0.25,1,20.015922,73.742764,manual,16.96,"Ward 12, Nashik-ish",ULB_NAS,W12,Ward 12,422001,nominatim,2025-05-01 18:51:26,tes3y5,True,2025-05-01 18:48:52,True,12,1,24,5,0,0,0,0,10.0,0.289,LOW,-1
PGR202500531,csc,2025-02-25 19:54:50,Asia/Kolkata,citizen,True,1,"Good evening, for almost a week. waterlogging is happening after even light rain. we also tried the IVR earlier. please help.",en,True,2025-02-25 19:56:29,asr_en_v3,"good evening, for almost a week. waterlogging is happening after even light rain. we also tried the ivr earlier. please help.",125,21,drainage,waterlogging,0.75,drainage,0.6985,neutral,-0.18,low,0.25,1,20.008337,79.396487,gps,25.6,"Ward 07, Chandrapur-ish",ULB_CHD,W07,Ward 07,442401,nominatim,2025-02-25 19:55:33,tg83yd,True,2025-02-25 19:54:50,True,16,1,72,4,0,0,1,0,7.0,0.528,MEDIUM,-1
PGR202500532,portal,2025-02-24 09:05:56,Asia/Kolkata,citizen,True,1,"Hello, for 48 hours. Residents are reporting stray dogs are aggressive near the market. we also tried the IVR earlier. krupaya sahayya kara.",mr,True,2025-02-24 09:06:08,asr_mr_v3,"hello, for 48 hours. residents are reporting stray dogs are aggressive near the market. we also tried the ivr earlier. krupaya sahayya kara.",140,23,public_health,stray_dogs,0.8999999999999999,public_health,0.8182,neutral,-0.0,low,0.25,1,19.994947,73.735037,gps,10.43,"Ward 06, Nashik-ish",ULB_NAS,W06,Ward 06,422001,nominatim,2025-02-24 09:07:50,tes3tz,True,2025-02-24 09:05:56,True,17,1,48,5,0,0,0,0,8.0,0.448,MEDIUM,-1
PGR202500533,portal,2025-03-15 16:59:31,Asia/Kolkata,citizen,True,1,"Hello, for the past three days. We are experiencing the septic tank has overflowed onto the street. krupaya sahayya kara.",mr,True,2025-03-15 17:00:31,asr_mr_v3,"hello, for the past three days. we are experiencing the septic tank has overflowed onto the street. krupaya sahayya kara.",121,20,sanitation,septic_overflow,0.75,sanitation,0.8647,neutral,-0.18,medium,0.61,1,19.982926,73.79555,gps,28.05,"Ward 12, Nashik-ish",ULB_NAS,W12,Ward 12,422001,nominatim,2025-03-15 17:00:40,tes3xm,True,2025-03-15 16:59:31,True,12,1,48,3,0,0,1,0,6.0,0.607,HIGH,-1
PGR202500534,mobile,2025-04-28 14:41:46,Asia/Kolkata,citizen,True,1,"Good evening, for two days. I am reporting that there are big potholes on the road. it feels like a drought and the borewell is almost dry. barah e karam madad karein.",ur,True,2025-04-28 14:42:16,asr_ur_v3,"good evening, for two days. i am reporting that there are big potholes on the road. it feels like a drought and the borewell is almost dry. barah e karam madad karein.",167,32,roads,potholes,0.75,roads,0.6316,neutral,-0.0,low,0.25,1,20.002431,79.325005,photo_exif,66.53,"Ward 01, Chandrapur-ish",ULB_CHD,W01,Ward 01,442401,nominatim,2025-04-28 14:44:40,tg83v1,True,2025-04-28 14:41:46,True,20,1,72,5,1,0,0,0,12.0,0.41,MEDIUM,-1
PGR202500535,ivr,2025-02-24 01:00:29,Asia/Kolkata,citizen,True,1,"Good morning, for the past three days. Residents are reporting garbage pickup has been missed repeatedly. krupaya sahayya kara.",mr,True,2025-02-24 01:02:26,asr_mr_v3,"good morning, for the past three days. residents are reporting garbage pickup has been missed repeatedly. krupaya sahayya kara.",127,19,solid_waste,missed_pickup,0.75,solid_waste,0.7479,negative,-0.36,low,0.43,1,19.808309,75.257977,gps,18.16,"Ward 06, Aurangabad-ish",ULB_AUR,W06,Ward 06,431001,nominatim,2025-02-24 01:02:18,tet88t,True,2025-02-24 01:00:29,True,19,1,24,3,0,0,1,0,8.0,0.408,MEDIUM,-1
PGR202500536,mobile,2025-04-10 08:22:06,Asia/Kolkata,citizen,True,1,"Hi, since Monday. I am reporting that the septic tank has overflowed onto the street. kripya madad kijiye.",hi,True,2025-04-10 08:23:23,asr_hi_v3,"hi, since monday. i am reporting that the septic tank has overflowed onto the street. kripya madad kijiye.",106,18,sanitation,septic_overflow,0.75,sanitation,0.8522,neutral,-0.18,low,0.43,1,19.834109,75.418554,gps,18.21,"Ward 04, Aurangabad-ish",ULB_AUR,W04,Ward 04,431001,nominatim,2025-04-10 08:24:21,tet8u4,True,2025-04-10 08:22:06,True,13,1,24,3,0,0,1,0,7.0,0.568,MEDIUM,-1
PGR202500537,mobile,2025-02-18 07:45:51,Asia/Kolkata,citizen,True,1,"Hello, since yesterday. We are experiencing hawkers have encroached on the footpath. the complaint has been logged in the app. we also tried the IVR earlier. krupaya sahayya kara.",mr,True,2025-02-18 07:47:41,asr_mr_v3,"hello, since yesterday. we are experiencing hawkers have encroached on the footpath. the complaint has been logged in the app. we also tried the ivr earlier. krupaya sahayya kara.",179,29,grievance_general,information_request,0.45,grievance_general,0.4502,neutral,-0.0,low,0.25,1,19.967007,79.334444,gps,157.44,"Ward 13, Chandrapur-ish",ULB_CHD,W13,Ward 13,442401,nominatim,2025-02-18 07:46:24,tg83t6,True,2025-02-18 07:45:51,True,14,1,24,5,1,0,0,0,6.0,0.408,MEDIUM,grievance_general_0
PGR202500538,mobile,2025-04-23 01:01:21,Asia/Kolkata,citizen,False,1,"Hi, for 48 hours. I am reporting that we suspect a pipeline leak nearby. we also tried the IVR earlier. please help.",en,True,2025-04-23 01:01:26,asr_en_v3,"hi, for 48 hours. i am reporting that we suspect a pipeline leak nearby. we also tried the ivr earlier. please help.",116,22,water_supply,burst_pipeline,0.75,water_supply,0.4924,neutral,-0.18,low,0.25,1,19.924656,79.389414,gps,44.68,"Ward 14, Chandrapur-ish",ULB_CHD,W14,Ward 14,442401,nominatim,2025-04-23 01:03:29,tg83qe,True,2025-04-23 01:01:21,True,18,1,48,5,0,0,0,0,16.0,0.452,MEDIUM,water_supply_10
PGR202500539,csc,2025-02-04 04:07:58,Asia/Kolkata,citizen,True,1,"Good morning, since last night. I am reporting that resurfacing has been pending for many weeks. the complaint has been logged in the app. we also tried the IVR earlier. kripya madad kijiye.",hi,True,2025-02-04 04:08:30,asr_hi_v3,"good morning, since last night. i am reporting that resurfacing has been pending for many weeks. the complaint has been logged in the app. we also tried the ivr earlier. kripya madad kijiye.",190,33,grievance_general,information_request,0.45,grievance_general,0.5388,neutral,-0.0,low,0.25,1,19.849677,75.416989,manual,34.62,"Ward 10, Aurangabad-ish",ULB_AUR,W10,Ward 10,431001,nominatim,2025-02-04 04:08:34,tet8uj,True,2025-02-04 04:07:58,True,15,1,48,3,0,0,1,0,6.0,0.368,MEDIUM,grievance_general_14
PGR202500540,portal,2025-05-18 08:31:48,Asia/Kolkata,citizen,True,1,"Good morning, for almost a week. Residents are reporting staff behaviour was unhelpful at the office. the complaint has been logged in the app. dayavittu sahaya maadi.",kn,True,2025-05-18 08:32:52,asr_kn_v3,"good morning, for almost a week. residents are reporting staff behaviour was unhelpful at the office. the complaint has been logged in the app. dayavittu sahaya maadi.",167,27,grievance_general,staff_behavior,0.75,grievance_general,0.5316,neutral,-0.18,low,0.25,1,20.005426,79.3225,gps,12.33,"Ward 03, Chandrapur-ish",ULB_CHD,W03,Ward 03,442401,nominatim,2025-05-18 08:33:05,tg83v1,True,2025-05-18 08:31:48,True,13,1,72,5,1,0,0,0,13.0,0.41,MEDIUM,-1
PGR202500541,csc,2025-02-09 07:25:24,Asia/Kolkata,citizen,True,1,"Hello, for the past three days. I am reporting that the bin is overflowing and animals gather there. we also tried the IVR earlier. please help.",en,True,2025-02-09 07:26:32,asr_en_v3,"hello, for the past three days. i am reporting that the bin is overflowing and animals gather there. we also tried the ivr earlier. please help.",144,26,drainage,manhole_overflow,0.75,drainage,0.7142,negative,-0.36,medium,0.61,1,19.934143,75.305361,gps,28.45,"Ward 08, Aurangabad-ish",ULB_AUR,W08,Ward 08,431001,nominatim,2025-02-09 07:26:19,tet93s,True,2025-02-09 07:25:24,True,18,2,48,3,0,0,1,0,4.0,0.656,HIGH,-1
PGR202500542,csc,2025-03-02 05:21:30,Asia/Kolkata,citizen,True,1,"Good evening, for almost a week. play equipment is broken in the park. garami madhe jalsankat aahe. krupaya sahayya kara.",mr,True,2025-03-02 05:22:46,asr_mr_v3,"good evening, for almost a week. play equipment is broken in the park. garami madhe jalsankat aahe. krupaya sahayya kara.",121,20,parks,broken_play_equipment,0.75,parks,0.6945,neutral,-0.18,low,0.25,1,20.048765,73.717593,reverse_geocode,58.58,"Ward 17, Nashik-ish",ULB_NAS,W17,Ward 17,422001,nominatim,2025-03-02 05:21:50,tes6j3,True,2025-03-02 05:21:30,True,20,1,48,3,0,0,1,0,8.0,0.368,MEDIUM,-1
PGR202500543,mobile,2025-02-27 04:42:33,Asia/Kolkata,citizen,False,1,"Hi, for the past three days. We are experiencing an illegal dumpsite is growing near the corner. garami madhe jalsankat aahe. krupaya sahayya kara.",mr,True,2025-02-27 04:43:54,asr_mr_v3,"hi, for the past three days. we are experiencing an illegal dumpsite is growing near the corner. garami madhe jalsankat aahe. krupaya sahayya kara.",147,24,solid_waste,dumpsite,0.75,solid_waste,0.6718,neutral,-0.0,low,0.43,1,20.02109,73.743466,gps,29.34,"Ward 05, Nashik-ish",ULB_NAS,W05,Ward 05,422001,nominatim,2025-02-27 04:44:26,tes3yh,True,2025-02-27 04:42:33,True,23,2,24,5,1,0,0,0,13.0,0.5,MEDIUM,-1
PGR202500544,ivr,2025-06-05 15:34:42,Asia/Kolkata,citizen,True,1,"Good evening, for two days. Residents are reporting the grass is drying up because irrigation is off. groundwater is very low this season. the complaint has been logged in the app. kripya madad kijiye.",hi,True,2025-06-05 15:35:05,asr_hi_v3,"good evening, for two days. residents are reporting the grass is drying up because irrigation is off. groundwater is very low this season. the complaint has been logged in the app. kripya madad kijiye.",201,34,parks,lawn_irrigation,0.75,parks,0.7443,neutral,-0.0,low,0.25,1,,,gps,3.0,"Ward 04, Chandrapur-ish",ULB_CHD,W04,Ward 04,442401,nominatim,2025-06-05 15:35:40,UNKNOWN,True,2025-06-05 15:34:42,False,19,1,24,3,0,0,1,0,6.0,0.368,MEDIUM,-1
PGR202500545,portal,2025-02-09 00:10:29,Asia/Kolkata,citizen,True,1,"Good evening, for almost a week. stray dogs are aggressive near the market. krupaya sahayya kara.",mr,True,2025-02-09 00:12:20,asr_mr_v3,"good evening, for almost a week. stray dogs are aggressive near the market. krupaya sahayya kara.",97,16,public_health,stray_dogs,0.8999999999999999,public_health,0.8564,neutral,-0.0,low,0.25,1,19.998713,73.817906,gps,24.23,"Ward 03, Nashik-ish",ULB_NAS,W03,Ward 03,422001,nominatim,2025-02-09 00:12:11,tes3zb,True,2025-02-09 00:10:29,True,10,1,72,3,0,0,1,0,7.0,0.528,MEDIUM,-1
PGR202500546,portal,2025-04-06 09:20:04,Asia/Kolkata,citizen,True,1,"Ji, since yesterday. Residents are reporting staff behaviour was unhelpful at the office. the complaint has been logged in the app. we also tried the IVR earlier. kripya madad kijiye.",hi,True,2025-04-06 09:20:48,asr_hi_v3,"ji, since yesterday. residents are reporting staff behaviour was unhelpful at the office. the complaint has been logged in the app. we also tried the ivr earlier. kripya madad kijiye.",183,30,grievance_general,staff_behavior,0.75,grievance_general,0.5383,neutral,-0.18,low,0.25,1,19.943732,79.295265,gps,3.0,"Ward 17, Chandrapur-ish",ULB_CHD,W17,Ward 17,442401,nominatim,2025-04-06 09:22:26,tg83kq,True,2025-04-06 09:20:04,True,13,1,24,5,0,0,0,0,9.0,0.289,LOW,grievance_general_2
PGR202500547,mobile,2025-04-30 16:07:03,Asia/Kolkata,citizen,True,1,"Hi, since yesterday. tap pressure is very low. pani ki kami ho rahi hai please arrange tankers. krupaya sahayya kara.",mr,True,2025-04-30 16:07:48,asr_mr_v3,"hi, since yesterday. tap pressure is very low. pani ki kami ho rahi hai please arrange tankers. krupaya sahayya kara.",117,20,water_supply,no_supply,0.98,water_supply,0.8722,neutral,-0.18,low,0.25,1,20.09868,73.887905,gps,38.49,"Ward 03, Nashik-ish",ULB_NAS,W03,Ward 03,422001,nominatim,2025-04-30 16:07:51,tesd36,True,2025-04-30 16:07:03,True,10,1,72,4,0,0,1,0,6.0,0.527,MEDIUM,-1
PGR202500548,whatsapp,2025-04-19 09:35:01,Asia/Kolkata,citizen,True,1,"Good evening, for the past three days. We are experiencing the wash area is broken and unclean. we also tried the IVR earlier. krupaya sahayya kara.",mr,True,2025-04-19 09:36:21,asr_mr_v3,"good evening, for the past three days. we are experiencing the wash area is broken and unclean. we also tried the ivr earlier. krupaya sahayya kara.",148,26,grievance_general,information_request,0.45,grievance_general,0.457,neutral,-0.18,low,0.43,1,19.968848,73.783021,gps,5.66,"Ward 12, Nashik-ish",ULB_NAS,W12,Ward 12,422001,nominatim,2025-04-19 09:37:14,tes3wg,True,2025-04-19 09:35:01,True,12,1,24,4,1,0,1,0,8.0,0.528,MEDIUM,-1
PGR202500549,mobile,2025-05-14 02:34:19,Asia/Kolkata,citizen,True,1,"Good evening, for almost a week. Residents are reporting we suspect a pipeline leak nearby. the complaint has been logged in the app. kripya madad kijiye.",hi,True,2025-05-14 02:35:18,asr_hi_v3,"good evening, for almost a week. residents are reporting we suspect a pipeline leak nearby. the complaint has been logged in the app. kripya madad kijiye.",154,26,water_supply,burst_pipeline,0.75,water_supply,0.5356,neutral,-0.0,low,0.25,1,19.970839,79.360024,gps,21.11,"Ward 20, Chandrapur-ish",ULB_CHD,W20,Ward 20,442401,nominatim,2025-05-14 02:35:26,tg83tg,True,2025-05-14 02:34:19,True,13,1,48,7,1,1,0,0,28.0,0.577,MEDIUM,water_supply_1
PGR202500550,mobile,2025-06-01 11:09:52,Asia/Kolkata,citizen,False,1,"Good evening, for almost a week. We are experiencing the community tap is dry in the morning. kripya madad kijiye.",hi,True,2025-06-01 11:11:43,asr_hi_v3,"good evening, for almost a week. we are experiencing the community tap is dry in the morning. kripya madad kijiye.",114,20,water_supply,no_supply,0.75,water_supply,0.645,neutral,-0.0,low,0.25,1,20.004956,73.849256,reverse_geocode,155.83,"Ward 13, Nashik-ish",ULB_NAS,W13,Ward 13,422001,nominatim,2025-06-01 11:11:04,tes9b3,True,2025-06-01 11:09:52,True,16,2,24,3,0,0,1,0,10.0,0.579,MEDIUM,water_supply_11
PGR202500551,portal,2025-04-01 01:04:10,Asia/Kolkata,citizen,True,1,"Hi, for 48 hours. an illegal dumpsite is growing near the corner. krupaya sahayya kara.",mr,True,2025-04-01 01:05:27,asr_mr_v3,"hi, for 48 hours. an illegal dumpsite is growing near the corner. krupaya sahayya kara.",87,15,solid_waste,dumpsite,0.75,solid_waste,0.8253,neutral,-0.0,low,0.25,1,19.968623,73.766363,manual,11.8,"Ward 09, Nashik-ish",ULB_NAS,W09,Ward 09,422001,nominatim,2025-04-01 01:06:02,tes3we,True,2025-04-01 01:04:10,True,18,1,72,5,1,0,0,0,16.0,0.412,MEDIUM,-1
PGR202500552,mobile,2025-06-05 05:35:02,Asia/Kolkata,citizen,True,1,"Hi, for the past three days. Residents are reporting the road surface is broken at the crossing. the complaint has been logged in the app. roz subah tap dry milta hai. kripya madad kijiye.",hi,True,2025-06-05 05:35:51,asr_hi_v3,"hi, for the past three days. residents are reporting the road surface is broken at the crossing. the complaint has been logged in the app. roz subah tap dry milta hai. kripya madad kijiye.",188,34,water_supply,no_supply,0.75,roads,0.4263,neutral,-0.18,low,0.43,1,19.907465,75.375137,manual,42.29,"Ward 05, Aurangabad-ish",ULB_AUR,W05,Ward 05,431001,nominatim,2025-06-05 05:37:02,tet970,True,2025-06-05 05:35:02,True,17,1,24,3,0,0,1,0,6.0,0.567,MEDIUM,-1
PGR202500553,mobile,2025-03-20 16:46:04,Asia/Kolkata,citizen,True,1,"Hi, for 48 hours. the signal is not working at the junction. kripya madad kijiye.",hi,True,2025-03-20 16:47:37,asr_hi_v3,"hi, for 48 hours. the signal is not working at the junction. kripya madad kijiye.",81,15,grievance_general,information_request,0.45,grievance_general,0.4196,neutral,-0.0,low,0.25,1,19.997209,79.257029,gps,116.79,"Ward 01, Chandrapur-ish",ULB_CHD,W01,Ward 01,442401,nominatim,2025-03-20 16:48:08,tg83g8,True,2025-03-20 16:46:04,True,20,2,48,4,0,0,1,0,10.0,0.419,MEDIUM,grievance_general_1
PGR202500554,portal,2025-06-28 15:55:17,Asia/Kolkata,citizen,True,1,"Good morning, for almost a week. I am reporting that the streetlight near our lane is not working. we also tried the IVR earlier. please help.",en,True,2025-06-28 15:56:28,asr_en_v3,"good morning, for almost a week. i am reporting that the streetlight near our lane is not working. we also tried the ivr earlier. please help.",142,26,streetlights,lamp_faulty,0.75,streetlights,0.8801,neutral,-0.18,low,0.25,1,19.826159,75.259699,gps,11.61,"Ward 04, Aurangabad-ish",ULB_AUR,W04,Ward 04,431001,nominatim,2025-06-28 15:56:08,tet8b9,True,2025-06-28 15:55:17,True,13,1,72,3,0,0,1,0,10.0,0.369,MEDIUM,-1
PGR202500555,mobile,2025-04-17 16:17:39,Asia/Kolkata,citizen,True,1,"Ji, for two days. I am reporting that the whole stretch is dark after evening. krupaya sahayya kara.",mr,True,2025-04-17 16:19:19,asr_mr_v3,"ji, for two days. i am reporting that the whole stretch is dark after evening. krupaya sahayya kara.",100,18,grievance_general,information_request,0.45,grievance_general,0.6669,neutral,-0.0,low,0.25,1,19.828817,75.250857,photo_exif,3.0,"Ward 20, Aurangabad-ish",ULB_AUR,W20,Ward 20,431001,nominatim,2025-04-17 16:19:31,tet8b3,True,2025-04-17 16:17:39,True,12,1,24,5,1,1,0,0,46.0,0.424,MEDIUM,grievance_general_15
PGR202500556,ivr,2025-05-22 09:38:52,Asia/Kolkata,citizen,True,1,"Ji, since Monday. Residents are reporting an electrical cabinet is open near the path. please help.",en,True,2025-05-22 09:40:47,asr_en_v3,"ji, since monday. residents are reporting an electrical cabinet is open near the path. please help.",99,16,grievance_general,information_request,0.45,grievance_general,0.5348,neutral,-0.18,low,0.25,1,19.875632,75.355663,reverse_geocode,8.08,"Ward 03, Aurangabad-ish",ULB_AUR,W03,Ward 03,431001,nominatim,2025-05-22 09:39:54,tet94f,True,2025-05-22 09:38:52,True,19,1,24,3,0,0,1,0,6.0,0.368,MEDIUM,-1
PGR202500557,mobile,2025-06-12 06:01:03,Asia/Kolkata,citizen,True,1,"Namaste, for 48 hours. We are experiencing an illegal dumpsite is growing near the corner. we also tried the IVR earlier. kripya madad kijiye.",hi,True,2025-06-12 06:01:12,asr_hi_v3,"namaste, for 48 hours. we are experiencing an illegal dumpsite is growing near the corner. we also tried the ivr earlier. kripya madad kijiye.",142,24,solid_waste,dumpsite,0.75,solid_waste,0.7625,neutral,-0.0,low,0.25,1,19.898684,75.326982,gps,3.0,"Ward 01, Aurangabad-ish",ULB_AUR,W01,Ward 01,431001,nominatim,2025-06-12 06:02:07,tet94n,True,2025-06-12 06:01:03,True,8,1,72,4,0,0,1,0,9.0,0.369,MEDIUM,-1
PGR202500558,portal,2025-05-30 21:32:39,Asia/Kolkata,citizen,True,1,"Hi, for the past three days. We are experiencing the community tap is dry in the morning. we also tried the IVR earlier. please help.",en,True,2025-05-30 21:33:32,asr_en_v3,"hi, for the past three days. we are experiencing the community tap is dry in the morning. we also tried the ivr earlier. please help.",133,25,water_supply,no_supply,0.75,water_supply,0.5875,neutral,-0.18,low,0.43,1,19.950481,73.834778,gps,21.68,"Ward 17, Nashik-ish",ULB_NAS,W17,Ward 17,422001,nominatim,2025-05-30 21:35:30,tes92p,True,2025-05-30 21:32:39,True,20,1,48,5,1,0,0,0,13.0,0.61,HIGH,-1
PGR202500559,portal,2025-06-08 16:04:25,Asia/Kolkata,citizen,True,1,"Hello, since last night. We are experiencing there is illegal construction on the terrace. the complaint has been logged in the app. krupaya sahayya kara.",mr,True,2025-06-08 16:06:15,asr_mr_v3,"hello, since last night. we are experiencing there is illegal construction on the terrace. the complaint has been logged in the app. krupaya sahayya kara.",154,25,building_safety,illegal_construction,0.75,building_safety,0.7683,neutral,-0.0,low,0.25,1,19.808144,75.423234,gps,34.7,"Ward 09, Aurangabad-ish",ULB_AUR,W09,Ward 09,431001,nominatim,2025-06-08 16:05:01,tet8sm,True,2025-06-08 16:04:25,True,17,1,24,3,1,0,1,0,10.0,0.649,HIGH,-1
PGR202500560,portal,2025-04-22 11:26:55,Asia/Kolkata,citizen,True,1,"Good morning, for almost a week. Residents are reporting the whole stretch is dark after evening. please help.",en,True,2025-04-22 11:27:29,asr_en_v3,"good morning, for almost a week. residents are reporting the whole stretch is dark after evening. please help.",110,18,grievance_general,information_request,0.45,grievance_general,0.5839,neutral,-0.18,low,0.25,1,19.803398,75.356095,gps,11.59,"Ward 08, Aurangabad-ish",ULB_AUR,W08,Ward 08,431001,nominatim,2025-04-22 11:28:21,tet8dv,True,2025-04-22 11:26:55,True,18,1,48,4,0,0,1,0,7.0,0.368,MEDIUM,-1
PGR202500561,portal,2025-02-07 12:30:36,Asia/Kolkata,citizen,False,1,"Good evening, for almost a week. I am reporting that the wash area is broken and unclean. it feels like a drought and the borewell is almost dry. dayavittu sahaya maadi.",kn,True,2025-02-07 12:31:51,asr_kn_v3,"good evening, for almost a week. i am reporting that the wash area is broken and unclean. it feels like a drought and the borewell is almost dry. dayavittu sahaya maadi.",169,31,grievance_general,information_request,0.45,grievance_general,0.3584,neutral,-0.18,low,0.25,1,20.084238,73.814498,gps,43.56,"Ward 15, Nashik-ish",ULB_NAS,W15,Ward 15,422001,nominatim,2025-02-07 12:32:06,tes6r8,True,2025-02-07 12:30:36,True,14,2,72,5,0,0,0,0,14.0,0.341,LOW,grievance_general_12
PGR202500562,portal,2025-04-15 23:06:02,Asia/Kolkata,agent,True,1,"Good morning, for almost a week. I am reporting that resurfacing has been pending for many weeks. we also tried the IVR earlier. please help.",en,True,2025-04-15 23:07:16,asr_en_v3,"good morning, for almost a week. i am reporting that resurfacing has been pending for many weeks. we also tried the ivr earlier. please help.",141,25,grievance_general,information_request,0.45,grievance_general,0.5432,neutral,-0.18,low,0.25,1,19.965178,79.352242,gps,9.24,"Ward 11, Chandrapur-ish",ULB_CHD,W11,Ward 11,442401,nominatim,2025-04-15 23:07:01,tg83td,True,2025-04-15 23:06:02,True,19,2,96,7,1,1,0,0,43.0,0.473,MEDIUM,grievance_general_0
PGR202500563,whatsapp,2025-02-28 05:23:39,Asia/Kolkata,citizen,True,1,"Hi, for the past three days. the wash area is broken and unclean. pani ki kami ho rahi hai please arrange tankers. the complaint has been logged in the app. we also tried the IVR earlier. please jaldi se kijiye. kripya madad kijiye.",hi,True,2025-02-28 05:24:58,asr_hi_v3,"hi, for the past three days. the wash area is broken and unclean. pani ki kami ho rahi hai please arrange tankers. the complaint has been logged in the app. we also tried the ivr earlier. please jaldi se kijiye. kripya madad kijiye.",232,43,water_supply,no_supply,0.8999999999999999,water_supply,0.4195,negative,-0.36,low,0.43,1,19.968361,73.834985,photo_exif,16.43,"Ward 19, Nashik-ish",ULB_NAS,W19,Ward 19,422001,nominatim,2025-02-28 05:26:04,tes985,True,2025-02-28 05:23:39,True,13,1,72,5,0,0,0,0,10.0,0.489,MEDIUM,-1
PGR202500564,mobile,2025-06-14 08:49:10,Asia/Kolkata,citizen,True,1,"Good evening, for the past three days. Residents are reporting an illegal dumpsite is growing near the corner. the complaint has been logged in the app. paani nahi aa raha hai. kripya madad kijiye.",hi,True,2025-06-14 08:50:38,asr_hi_v3,"good evening, for the past three days. residents are reporting an illegal dumpsite is growing near the corner. the complaint has been logged in the app. paani nahi aa raha hai. kripya madad kijiye.",197,34,water_supply,no_supply,0.75,solid_waste,0.5095,neutral,-0.18,low,0.43,1,19.932053,75.444844,reverse_geocode,3.81,"Ward 10, Aurangabad-ish",ULB_AUR,W10,Ward 10,431001,nominatim,2025-06-14 08:50:47,tet9ku,True,2025-06-14 08:49:10,True,15,1,48,3,0,0,1,0,7.0,0.568,MEDIUM,-1
PGR202500565,mobile,2025-03-08 12:16:53,Asia/Kolkata,citizen,True,1,"Good morning, for 48 hours. I am reporting that illegal parking is blocking the lane. kripya madad kijiye.",hi,True,2025-03-08 12:18:01,asr_hi_v3,"good morning, for 48 hours. i am reporting that illegal parking is blocking the lane. kripya madad kijiye.",106,18,traffic,illegal_parking,0.8999999999999999,traffic,0.9051,neutral,-0.0,low,0.25,1,19.866458,75.318901,reverse_geocode,34.86,"Ward 15, Aurangabad-ish",ULB_AUR,W15,Ward 15,431001,nominatim,2025-03-08 12:19:08,tet91b,True,2025-03-08 12:16:53,True,9,1,48,4,0,0,1,0,8.0,0.368,MEDIUM,-1
PGR202500566,portal,2025-03-07 05:03:04,Asia/Kolkata,citizen,True,1,"Good morning, since Monday. Residents are reporting there are big potholes on the road. kripya madad kijiye.",hi,True,2025-03-07 05:04:00,asr_hi_v3,"good morning, since monday. residents are reporting there are big potholes on the road. kripya madad kijiye.",108,17,roads,potholes,0.75,roads,0.832,neutral,-0.0,low,0.25,1,20.062996,73.808575,gps,51.46,"Ward 18, Nashik-ish",ULB_NAS,W18,Ward 18,422001,nominatim,2025-03-07 05:04:25,tes6ps,True,2025-03-07 05:03:04,True,16,1,24,4,0,0,1,0,11.0,0.37,MEDIUM,-1
PGR202500567,csc,2025-03-10 09:47:42,Asia/Kolkata,citizen,True,1,"Good morning, for the past three days. We are experiencing the manhole is overflowing on the street. the complaint has been logged in the app. kripya madad kijiye.",hi,True,2025-03-10 09:49:08,asr_hi_v3,"good morning, for the past three days. we are experiencing the manhole is overflowing on the street. the complaint has been logged in the app. kripya madad kijiye.",163,28,drainage,manhole_overflow,0.8999999999999999,drainage,0.6329,neutral,-0.18,medium,0.61,1,19.916023,79.275824,reverse_geocode,6.43,"Ward 10, Chandrapur-ish",ULB_CHD,W10,Ward 10,442401,nominatim,2025-03-10 09:50:25,tg837c,True,2025-03-10 09:47:42,True,13,1,48,4,0,0,1,0,9.0,0.608,HIGH,-1
PGR202500568,mobile,2025-05-08 09:14:18,Asia/Kolkata,citizen,True,1,"Namaste, since yesterday. Residents are reporting the pole looks damaged and wires are exposed. please help.",en,True,2025-05-08 09:15:25,asr_en_v3,"namaste, since yesterday. residents are reporting the pole looks damaged and wires are exposed. please help.",108,16,utilities_other,cable_hazard,0.75,utilities_other,0.8418,neutral,-0.18,low,0.25,1,19.825535,75.341835,reverse_geocode,14.81,"Ward 06, Aurangabad-ish",ULB_AUR,W06,Ward 06,431001,nominatim,2025-05-08 09:16:34,tet8f3,True,2025-05-08 09:14:18,True,19,1,24,3,0,0,1,0,5.0,0.367,MEDIUM,-1
PGR202500569,portal,2025-04-27 16:26:14,Asia/Kolkata,agent,False,1,"Good evening, since yesterday. I am reporting that there is a strong smell from the open drain. kripya madad kijiye.",hi,True,2025-04-27 16:26:53,asr_hi_v3,"good evening, since yesterday. i am reporting that there is a strong smell from the open drain. kripya madad kijiye.",116,20,grievance_general,information_request,0.45,grievance_general,0.5487,neutral,-0.0,low,0.25,1,19.903817,79.252958,gps,38.97,"Ward 20, Chandrapur-ish",ULB_CHD,W20,Ward 20,442401,nominatim,2025-04-27 16:27:27,tg835r,True,2025-04-27 16:26:14,True,13,2,24,3,0,0,1,0,7.0,0.418,MEDIUM,grievance_general_13
PGR202500570,ivr,2025-06-23 07:49:36,Asia/Kolkata,citizen,True,1,"Namaste, since Monday. a service request has no update. the complaint has been logged in the app. krupaya sahayya kara.",mr,True,2025-06-23 07:50:29,asr_mr_v3,"namaste, since monday. a service request has no update. the complaint has been logged in the app. krupaya sahayya kara.",119,20,grievance_general,information_request,0.45,grievance_general,0.5105,neutral,-0.0,low,0.25,1,19.887292,79.389483,reverse_geocode,3.0,"Ward 05, Chandrapur-ish",ULB_CHD,W05,Ward 05,442401,nominatim,2025-06-23 07:52:29,tg83ns,True,2025-06-23 07:49:36,True,20,2,24,5,0,0,0,0,10.0,0.339,LOW,-1
PGR202500571,portal,2025-04-04 10:32:40,Asia/Kolkata,citizen,True,1,"Namaste, for 48 hours. Residents are reporting tap pressure is very low. we also tried the IVR earlier. tankers kab aayenge. please help.",en,True,2025-04-04 10:34:35,asr_en_v3,"namaste, for 48 hours. residents are reporting tap pressure is very low. we also tried the ivr earlier. tankers kab aayenge. please help.",137,23,water_supply,no_supply,0.8999999999999999,water_supply,0.6165,neutral,-0.18,low,0.25,1,19.960944,73.714636,reverse_geocode,28.5,"Ward 01, Nashik-ish",ULB_NAS,W01,Ward 01,422001,nominatim,2025-04-04 10:35:18,tes3t3,True,2025-04-04 10:32:40,True,10,1,72,3,1,0,1,0,5.0,0.647,HIGH,-1
PGR202500572,whatsapp,2025-03-15 08:12:04,Asia/Kolkata,citizen,True,1,"Good evening, for two days. I am reporting that there are big potholes on the road. the complaint has been logged in the app. we also tried the IVR earlier. kripya madad kijiye.",hi,True,2025-03-15 08:13:52,asr_hi_v3,"good evening, for two days. i am reporting that there are big potholes on the road. the complaint has been logged in the app. we also tried the ivr earlier. kripya madad kijiye.",177,33,roads,potholes,0.75,roads,0.7916,neutral,-0.0,low,0.25,1,,,manual,178.81,"Ward 12, Aurangabad-ish",ULB_AUR,W12,Ward 12,431001,nominatim,2025-03-15 08:13:58,UNKNOWN,True,2025-03-15 08:12:04,False,8,2,24,5,1,0,0,0,12.0,0.46,MEDIUM,-1
PGR202500573,portal,2025-02-08 09:18:53,Asia/Kolkata,citizen,False,1,"Namaste, since yesterday. I am reporting that an electrical cabinet is open near the path. krupaya sahayya kara.",mr,True,2025-02-08 09:19:42,asr_mr_v3,"namaste, since yesterday. i am reporting that an electrical cabinet is open near the path. krupaya sahayya kara.",112,18,grievance_general,information_request,0.45,grievance_general,0.5777,neutral,-0.0,low,0.25,1,20.014777,79.386648,gps,21.17,"Ward 20, Chandrapur-ish",ULB_CHD,W20,Ward 20,442401,nominatim,2025-02-08 09:19:15,tg83y7,True,2025-02-08 09:18:53,True,13,1,24,3,1,0,1,0,5.0,0.487,MEDIUM,-1
PGR202500574,portal,2025-02-02 01:28:23,Asia/Kolkata,citizen,False,1,"Good morning, for almost a week. garbage pickup has been missed repeatedly. kripya madad kijiye.",hi,True,2025-02-02 01:29:25,asr_hi_v3,"good morning, for almost a week. garbage pickup has been missed repeatedly. kripya madad kijiye.",96,15,solid_waste,missed_pickup,0.75,solid_waste,0.7794,negative,-0.36,low,0.25,1,20.010711,73.789746,manual,28.25,"Ward 02, Nashik-ish",ULB_NAS,W02,Ward 02,422001,nominatim,2025-02-02 01:30:17,tes3z4,True,2025-02-02 01:28:23,True,16,1,48,6,0,1,0,0,55.0,0.308,LOW,-1
PGR202500575,mobile,2025-03-29 01:00:38,Asia/Kolkata,citizen,True,1,"Hi, since yesterday. We are experiencing tap pressure is very low. krupaya sahayya kara.",mr,True,2025-03-29 01:02:36,asr_mr_v3,"hi, since yesterday. we are experiencing tap pressure is very low. krupaya sahayya kara.",88,14,water_supply,no_supply,0.75,water_supply,0.6283,neutral,-0.0,low,0.25,1,19.932516,79.25568,gps,46.41,"Ward 17, Chandrapur-ish",ULB_CHD,W17,Ward 17,442401,nominatim,2025-03-29 01:02:48,tg837s,True,2025-03-29 01:00:38,True,13,1,24,4,0,0,1,0,15.0,0.531,MEDIUM,-1
PGR202500576,whatsapp,2025-06-19 20:56:32,Asia/Kolkata,citizen,True,1,"Namaste, for 48 hours. I am reporting that the whole stretch is dark after evening. summer mein dikkat ho rahi hai. kripya madad kijiye.",hi,True,2025-06-19 20:56:43,asr_hi_v3,"namaste, for 48 hours. i am reporting that the whole stretch is dark after evening. summer mein dikkat ho rahi hai. kripya madad kijiye.",136,24,grievance_general,information_request,0.45,grievance_general,0.4691,neutral,-0.0,low,0.25,1,19.993927,73.724535,gps,49.23,"Ward 17, Nashik-ish",ULB_NAS,W17,Ward 17,422001,nominatim,2025-06-19 20:57:50,tes3tx,True,2025-06-19 20:56:32,True,20,1,96,5,1,0,0,0,17.0,0.412,MEDIUM,-1
PGR202500577,mobile,2025-04-20 13:30:37,Asia/Kolkata,citizen,True,1,"Hello, for 48 hours. the road surface is broken at the crossing. the complaint has been logged in the app. kripya madad kijiye.",hi,True,2025-04-20 13:31:43,asr_hi_v3,"hello, for 48 hours. the road surface is broken at the crossing. the complaint has been logged in the app. kripya madad kijiye.",127,23,roads,resurfacing,0.75,roads,0.8155,neutral,-0.18,low,0.25,1,19.894332,79.334129,gps,19.07,"Ward 19, Chandrapur-ish",ULB_CHD,W19,Ward 19,442401,nominatim,2025-04-20 13:31:20,tg83jm,True,2025-04-20 13:30:37,True,15,2,48,5,1,0,0,0,16.0,0.462,MEDIUM,-1
PGR202500578,portal,2025-06-15 00:46:16,Asia/Kolkata,citizen,True,1,"Hi, for the past three days. the streetlight near our lane is not working. we also tried the IVR earlier. krupaya sahayya kara.",mr,True,2025-06-15 00:47:11,asr_mr_v3,"hi, for the past three days. the streetlight near our lane is not working. we also tried the ivr earlier. krupaya sahayya kara.",127,23,streetlights,lamp_faulty,0.75,streetlights,0.8802,neutral,-0.0,low,0.43,1,19.964815,73.720586,gps,12.01,"Ward 09, Nashik-ish",ULB_NAS,W09,Ward 09,422001,nominatim,2025-06-15 00:48:06,tes3td,True,2025-06-15 00:46:16,True,18,1,48,3,1,0,1,0,6.0,0.527,MEDIUM,-1
PGR202500579,portal,2025-02-16 06:01:07,Asia/Kolkata,citizen,True,1,"Namaste, for two days. the tanker did not arrive today. pani ki kami ho rahi hai please arrange tankers. kripya madad kijiye.",hi,True,2025-02-16 06:02:02,asr_hi_v3,"namaste, for two days. the tanker did not arrive today. pani ki kami ho rahi hai please arrange tankers. kripya madad kijiye.",125,22,water_supply,no_supply,0.8999999999999999,water_supply,0.878,neutral,-0.18,low,0.25,1,20.022077,73.788456,gps,6.2,"Ward 06, Nashik-ish",ULB_NAS,W06,Ward 06,422001,nominatim,2025-02-16 06:03:35,tes3zh,True,2025-02-16 06:01:07,True,17,1,72,5,0,0,0,0,11.0,0.45,MEDIUM,water_supply_14
PGR202500580,portal,2025-02-14 23:57:20,Asia/Kolkata,citizen,True,1,"Hello, for 48 hours. we suspect a pipeline leak nearby. krupaya sahayya kara.",mr,True,2025-02-14 23:58:46,asr_mr_v3,"hello, for 48 hours. we suspect a pipeline leak nearby. krupaya sahayya kara.",77,13,water_supply,burst_pipeline,0.75,water_supply,0.6032,neutral,-0.0,low,0.25,1,19.899269,79.250667,gps,34.65,"Ward 11, Chandrapur-ish",ULB_CHD,W11,Ward 11,442401,nominatim,2025-02-14 23:58:31,tg835q,True,2025-02-14 23:57:20,True,19,1,48,5,1,1,0,0,35.0,0.58,MEDIUM,-1
PGR202500581,portal,2025-06-06 00:27:02,Asia/Kolkata,citizen,True,1,"Good evening, for two days. I am reporting that a service request has no update. the complaint has been logged in the app. barah e karam madad karein.",ur,True,2025-06-06 00:27:24,asr_ur_v3,"good evening, for two days. i am reporting that a service request has no update. the complaint has been logged in the app. barah e karam madad karein.",150,28,grievance_general,information_request,0.45,grievance_general,0.525,neutral,-0.0,low,0.25,1,19.907016,79.285384,reverse_geocode,3.0,"Ward 03, Chandrapur-ish",ULB_CHD,W03,Ward 03,442401,nominatim,2025-06-06 00:28:35,tg83hp,True,2025-06-06 00:27:02,True,13,1,72,5,0,0,0,0,10.0,0.289,LOW,-1
PGR202500582,portal,2025-02-17 00:16:16,Asia/Kolkata,citizen,True,1,"Hi, for two days. We are experiencing the drain is blocked and water is stagnant. krupaya sahayya kara.",mr,True,2025-02-17 00:17:05,asr_mr_v3,"hi, for two days. we are experiencing the drain is blocked and water is stagnant. krupaya sahayya kara.",103,18,grievance_general,information_request,0.45,grievance_general,0.6122,neutral,-0.0,low,0.25,1,19.920037,75.433088,gps,16.21,"Ward 17, Aurangabad-ish",ULB_AUR,W17,Ward 17,431001,nominatim,2025-02-17 00:16:36,tet9kd,True,2025-02-17 00:16:16,True,12,1,96,5,0,0,0,0,12.0,0.29,LOW,grievance_general_4
PGR202500583,ivr,2025-02-08 19:03:45,Asia/Kolkata,citizen,True,1,"Hi, in Chandrapur, since last night. I am reporting that we need information on the process. we also tried the IVR earlier. krupaya sahayya kara.",mr,True,2025-02-08 19:04:05,asr_mr_v3,"hi, in chandrapur, since last night. i am reporting that we need information on the process. we also tried the ivr earlier. krupaya sahayya kara.",145,25,grievance_general,information_request,0.75,grievance_general,0.4661,neutral,-0.0,low,0.25,1,19.936832,79.310754,photo_exif,21.54,Chandrapur-ish,ULB_CHD,Non,,442401,nominatim,2025-02-08 19:05:57,tg83kv,True,2025-02-08 19:03:45,True,4,1,48,3,0,0,1,0,5.0,0.367,MEDIUM,grievance_general_2
PGR202500584,portal,2025-04-02 14:44:00,Asia/Kolkata,citizen,True,1,"Good morning, since yesterday. I am reporting that we need information on the process. the complaint has been logged in the app. kripya madad kijiye.",hi,True,2025-04-02 14:45:46,asr_hi_v3,"good morning, since yesterday. i am reporting that we need information on the process. the complaint has been logged in the app. kripya madad kijiye.",149,25,grievance_general,information_request,0.75,grievance_general,0.4668,neutral,-0.0,low,0.25,1,19.979747,79.344038,gps,12.45,"Ward 10, Chandrapur-ish",ULB_CHD,W10,Ward 10,442401,nominatim,2025-04-02 14:46:38,tg83tt,True,2025-04-02 14:44:00,True,13,2,48,4,0,0,1,0,12.0,0.42,MEDIUM,grievance_general_0
PGR202500585,portal,2025-06-19 17:25:49,Asia/Kolkata,citizen,True,1,"Ji, for almost a week. We are experiencing the whole stretch is dark after evening. krupaya sahayya kara.",mr,True,2025-06-19 17:27:23,asr_mr_v3,"ji, for almost a week. we are experiencing the whole stretch is dark after evening. krupaya sahayya kara.",105,18,grievance_general,information_request,0.45,grievance_general,0.6288,neutral,-0.0,low,0.25,1,19.90578,79.266153,reverse_geocode,24.2,"Ward 11, Chandrapur-ish",ULB_CHD,W11,Ward 11,442401,nominatim,2025-06-19 17:28:13,tg835x,True,2025-06-19 17:25:49,True,19,1,72,7,1,1,0,0,42.0,0.422,MEDIUM,grievance_general_13
PGR202500586,mobile,2025-05-15 09:46:47,Asia/Kolkata,citizen,True,1,"Hello, since last night. We are experiencing there is illegal construction on the terrace. the complaint has been logged in the app. krupaya sahayya kara.",mr,True,2025-05-15 09:47:38,asr_mr_v3,"hello, since last night. we are experiencing there is illegal construction on the terrace. the complaint has been logged in the app. krupaya sahayya kara.",154,25,building_safety,illegal_construction,0.75,building_safety,0.7683,neutral,-0.0,low,0.25,1,19.865642,75.362966,manual,58.47,"Ward 15, Aurangabad-ish",ULB_AUR,W15,Ward 15,431001,nominatim,2025-05-15 09:48:15,tet94b,True,2025-05-15 09:46:47,True,9,1,72,5,0,0,0,0,13.0,0.45,MEDIUM,-1
PGR202500587,portal,2025-02-15 20:48:26,Asia/Kolkata,citizen,True,1,"Good morning, since yesterday. the road surface is broken at the crossing. please help.",en,True,2025-02-15 20:49:16,asr_en_v3,"good morning, since yesterday. the road surface is broken at the crossing. please help.",87,14,roads,resurfacing,0.75,roads,0.8591,negative,-0.36,low,0.25,1,19.970806,73.758655,manual,18.18,"Ward 11, Nashik-ish",ULB_NAS,W11,Ward 11,422001,nominatim,2025-02-15 20:48:53,tes3w7,True,2025-02-15 20:48:26,True,17,1,24,4,0,0,1,0,13.0,0.37,MEDIUM,-1
PGR202500588,portal,2025-06-06 13:40:17,Asia/Kolkata,citizen,True,1,"Good evening, for 48 hours. Residents are reporting illegal parking is blocking the lane. please help.",en,True,2025-06-06 13:41:18,asr_en_v3,"good evening, for 48 hours. residents are reporting illegal parking is blocking the lane. please help.",102,16,traffic,illegal_parking,0.8999999999999999,traffic,0.8819,neutral,-0.18,low,0.25,1,19.922832,79.289195,reverse_geocode,13.47,"Ward 17, Chandrapur-ish",ULB_CHD,W17,Ward 17,442401,nominatim,2025-06-06 13:41:55,tg83k6,True,2025-06-06 13:40:17,True,13,1,96,5,1,1,0,0,27.0,0.416,MEDIUM,-1
PGR202500589,mobile,2025-06-07 12:52:10,Asia/Kolkata,citizen,True,1,"Good morning, for two days. Residents are reporting the septic tank has overflowed onto the street. the complaint has been logged in the app. kripya madad kijiye.",hi,True,2025-06-07 12:52:49,asr_hi_v3,"good morning, for two days. residents are reporting the septic tank has overflowed onto the street. the complaint has been logged in the app. kripya madad kijiye.",162,27,sanitation,septic_overflow,0.75,sanitation,0.8076,neutral,-0.18,low,0.43,1,19.869114,75.380613,reverse_geocode,35.23,"Ward 19, Aurangabad-ish",ULB_AUR,W19,Ward 19,431001,nominatim,2025-06-07 12:55:00,tet953,True,2025-06-07 12:52:10,True,12,1,24,4,0,0,1,0,12.0,0.57,MEDIUM,-1
PGR202500590,mobile,2025-06-01 02:30:26,Asia/Kolkata,citizen,True,1,"Good morning, since last night. Residents are reporting waterlogging is happening after even light rain. kripya madad kijiye.",hi,True,2025-06-01 02:31:53,asr_hi_v3,"good morning, since last night. residents are reporting waterlogging is happening after even light rain. kripya madad kijiye.",125,18,drainage,waterlogging,0.75,drainage,0.7811,neutral,-0.0,low,0.25,1,19.951315,79.280218,gps,23.59,"Ward 19, Chandrapur-ish",ULB_CHD,W19,Ward 19,442401,nominatim,2025-06-01 02:30:59,tg83s0,True,2025-06-01 02:30:26,True,15,1,48,5,1,0,0,0,7.0,0.568,MEDIUM,-1
PGR202500591,portal,2025-06-16 09:33:03,Asia/Kolkata,citizen,True,1,"Namaste, for 48 hours. I am reporting that tap pressure is very low. summer water crisis is likely so please plan supply. pressure bahut kam hai. dayavittu sahaya maadi.",kn,True,2025-06-16 09:34:57,asr_kn_v3,"namaste, for 48 hours. i am reporting that tap pressure is very low. summer water crisis is likely so please plan supply. pressure bahut kam hai. dayavittu sahaya maadi.",169,29,water_supply,no_supply,0.75,water_supply,0.454,neutral,-0.0,low,0.25,1,19.965441,73.864374,gps,41.59,"Ward 13, Nashik-ish",ULB_NAS,W13,Ward 13,422001,nominatim,2025-06-16 09:33:57,tes98f,True,2025-06-16 09:33:03,True,16,1,72,4,0,0,1,0,9.0,0.529,MEDIUM,-1
PGR202500592,portal,2025-03-08 23:33:38,Asia/Kolkata,citizen,True,1,"Good morning, since Monday. I am reporting that the grass is drying up because irrigation is off. krupaya sahayya kara.",mr,True,2025-03-08 23:34:13,asr_mr_v3,"good morning, since monday. i am reporting that the grass is drying up because irrigation is off. krupaya sahayya kara.",119,20,parks,lawn_irrigation,0.75,parks,0.8475,neutral,-0.0,low,0.25,1,19.947103,79.259321,gps,22.47,"Ward 15, Chandrapur-ish",ULB_CHD,W15,Ward 15,442401,nominatim,2025-03-08 23:36:11,tg837x,True,2025-03-08 23:33:38,True,14,1,48,3,0,0,1,0,7.0,0.368,MEDIUM,-1
PGR202500593,portal,2025-06-27 22:27:15,Asia/Kolkata,citizen,True,1,"Good morning, for 48 hours. We are experiencing there is no water in the tap. groundwater is very low this season. the complaint has been logged in the app. kripya madad kijiye.",hi,True,2025-06-27 22:27:59,asr_hi_v3,"good morning, for 48 hours. we are experiencing there is no water in the tap. groundwater is very low this season. the complaint has been logged in the app. kripya madad kijiye.",177,32,water_supply,no_supply,0.98,water_supply,0.6242,neutral,-0.18,low,0.43,1,19.838718,75.410807,gps,16.27,Aurangabad-ish,ULB_AUR,Non,,431001,nominatim,2025-06-27 22:29:05,tet8u5,True,2025-06-27 22:27:15,True,6,1,24,3,0,0,1,0,5.0,0.567,MEDIUM,-1
PGR202500594,mobile,2025-03-21 02:30:23,Asia/Kolkata,citizen,True,1,"Hi, for 48 hours. We are experiencing the drain is blocked and water is stagnant. loker madat kara. krupaya sahayya kara.",mr,True,2025-03-21 02:32:15,asr_mr_v3,"hi, for 48 hours. we are experiencing the drain is blocked and water is stagnant. loker madat kara. krupaya sahayya kara.",121,21,grievance_general,information_request,0.45,grievance_general,0.4944,neutral,-0.0,low,0.25,1,19.912759,75.425163,gps,6.76,"Ward 01, Aurangabad-ish",ULB_AUR,W01,Ward 01,431001,nominatim,2025-03-21 02:31:10,tet9k3,True,2025-03-21 02:30:23,True,8,1,48,3,0,0,1,0,8.0,0.368,MEDIUM,grievance_general_4
PGR202500595,mobile,2025-06-01 07:17:34,Asia/Kolkata,agent,True,1,"Good morning, since Monday. Residents are reporting a loose cable is creating a hazard. the complaint has been logged in the app. please jaldi se kijiye. kripya madad kijiye.",hi,True,2025-06-01 07:19:03,asr_hi_v3,"good morning, since monday. residents are reporting a loose cable is creating a hazard. the complaint has been logged in the app. please jaldi se kijiye. kripya madad kijiye.",174,29,utilities_other,cable_hazard,0.75,utilities_other,0.6993,neutral,-0.0,low,0.25,1,19.890313,75.334581,gps,4.3,"Ward 09, Aurangabad-ish",ULB_AUR,W09,Ward 09,431001,nominatim,2025-06-01 07:17:57,tet94k,True,2025-06-01 07:17:34,True,17,1,72,4,0,0,1,0,8.0,0.368,MEDIUM,-1
PGR202500596,mobile,2025-04-28 21:42:44,Asia/Kolkata,citizen,True,1,"Ji, for the past three days. I am reporting that staff behaviour was unhelpful at the office. paani nahi aa raha hai. kripya madad kijiye.",hi,True,2025-04-28 21:43:04,asr_hi_v3,"ji, for the past three days. i am reporting that staff behaviour was unhelpful at the office. paani nahi aa raha hai. kripya madad kijiye.",138,25,water_supply,no_supply,0.75,grievance_general,0.3445,negative,-0.36,low,0.43,1,19.939729,79.2791,manual,7.54,"Ward 18, Chandrapur-ish",ULB_CHD,W18,Ward 18,442401,nominatim,2025-04-28 21:44:09,tg83kj,True,2025-04-28 21:42:44,True,11,1,48,4,0,0,1,0,8.0,0.568,MEDIUM,water_supply_7
PGR202500597,csc,2025-05-28 22:07:08,Asia/Kolkata,agent,True,1,"Namaste, for the past three days. resurfacing has been pending for many weeks. the complaint has been logged in the app. we also tried the IVR earlier. kripya madad kijiye.",hi,True,2025-05-28 22:07:53,asr_hi_v3,"namaste, for the past three days. resurfacing has been pending for many weeks. the complaint has been logged in the app. we also tried the ivr earlier. kripya madad kijiye.",172,30,grievance_general,information_request,0.45,grievance_general,0.4937,neutral,-0.0,low,0.43,1,19.971112,79.33776,manual,25.69,"Ward 03, Chandrapur-ish",ULB_CHD,W03,Ward 03,442401,nominatim,2025-05-28 22:09:03,tg83t7,True,2025-05-28 22:07:08,True,13,1,72,4,0,0,1,0,13.0,0.41,MEDIUM,grievance_general_0
PGR202500598,ivr,2025-05-06 04:08:59,Asia/Kolkata,citizen,True,1,"Ji, for almost a week. I am reporting that the grass is drying up because irrigation is off. summer water crisis is likely so please plan supply. the complaint has been logged in the app. kripya madad kijiye.",hi,True,2025-05-06 04:10:29,asr_hi_v3,"ji, for almost a week. i am reporting that the grass is drying up because irrigation is off. summer water crisis is likely so please plan supply. the complaint has been logged in the app. kripya madad kijiye.",208,38,parks,lawn_irrigation,0.75,parks,0.7879,neutral,-0.0,low,0.25,1,19.82323,75.427133,manual,3.0,"Ward 11, Aurangabad-ish",ULB_AUR,W11,Ward 11,431001,nominatim,2025-05-06 04:11:33,tet8u2,True,2025-05-06 04:08:59,True,18,1,72,5,1,0,0,0,13.0,0.41,MEDIUM,-1
PGR202500599,mobile,2025-05-08 08:56:22,Asia/Kolkata,agent,True,1,"Ji, since yesterday. I am reporting that an electrical cabinet is open near the path. summer water crisis is likely so please plan supply. we also tried the IVR earlier. kripya madad kijiye.",hi,True,2025-05-08 08:57:35,asr_hi_v3,"ji, since yesterday. i am reporting that an electrical cabinet is open near the path. summer water crisis is likely so please plan supply. we also tried the ivr earlier. kripya madad kijiye.",190,33,grievance_general,information_request,0.45,grievance_general,0.3648,neutral,-0.0,low,0.25,1,19.85527,75.259948,reverse_geocode,38.83,"Ward 04, Aurangabad-ish",ULB_AUR,W04,Ward 04,431001,nominatim,2025-05-08 08:59:03,tet8bw,True,2025-05-08 08:56:22,True,13,1,72,4,0,0,1,0,10.0,0.369,MEDIUM,-1
PGR202500600,portal,2025-05-04 10:37:21,Asia/Kolkata,agent,True,1,"Good morning, in Chandrapur near Ward 09, since yesterday. Residents are reporting staff behaviour was unhelpful at the office. summer water crisis is likely so please plan supply. paani nahi aa raha hai. kripya madad kijiye.",hi,True,2025-05-04 10:37:57,asr_hi_v3,"good morning, in chandrapur near ward 09, since yesterday. residents are reporting staff behaviour was unhelpful at the office. summer water crisis is likely so please plan supply. paani nahi aa raha hai. kripya madad kijiye.",225,36,water_supply,no_supply,0.75,water_supply,0.3032,negative,-0.36,low,0.25,1,19.925903,79.380479,gps,20.45,"Ward 09, Chandrapur-ish",ULB_CHD,W09,Ward 09,442401,nominatim,2025-05-04 10:38:54,tg83q7,True,2025-05-04 10:37:21,True,20,1,24,4,0,0,1,0,7.0,0.528,MEDIUM,water_supply_10
PGR202500601,mobile,2025-05-28 20:23:11,Asia/Kolkata,citizen,True,1,"Ji, since Monday. Residents are reporting the septic tank has overflowed onto the street. please help.",en,True,2025-05-28 20:24:49,asr_en_v3,"ji, since monday. residents are reporting the septic tank has overflowed onto the street. please help.",102,16,sanitation,septic_overflow,0.75,sanitation,0.8547,negative,-0.36,low,0.43,1,19.937543,75.34808,gps,16.34,"Ward 03, Aurangabad-ish",ULB_AUR,W03,Ward 03,431001,nominatim,2025-05-28 20:24:38,tet96t,True,2025-05-28 20:23:11,True,19,1,48,4,1,0,1,0,7.0,0.688,HIGH,-1
PGR202500602,mobile,2025-05-22 20:33:16,Asia/Kolkata,citizen,True,1,"Good evening, in Aurangabad near Ward 15, since yesterday. I am reporting that tap pressure is very low. pani ki kami ho rahi hai please arrange tankers. the complaint has been logged in the app. kripya madad kijiye.",hi,True,2025-05-22 20:35:12,asr_hi_v3,"good evening, in aurangabad near ward 15, since yesterday. i am reporting that tap pressure is very low. pani ki kami ho rahi hai please arrange tankers. the complaint has been logged in the app. kripya madad kijiye.",216,38,water_supply,no_supply,0.98,water_supply,0.7635,negative,-0.36,low,0.25,1,19.943451,75.425048,reverse_geocode,7.34,"Ward 15, Aurangabad-ish",ULB_AUR,W15,Ward 15,431001,nominatim,2025-05-22 20:36:04,tet9kq,True,2025-05-22 20:33:16,True,9,1,72,4,0,0,1,0,14.0,0.531,MEDIUM,-1
PGR202500603,mobile,2025-02-21 04:23:16,Asia/Kolkata,contractor,True,1,"Ji, for 48 hours. I am reporting that an electrical cabinet is open near the path. kripya madad kijiye.",hi,True,2025-02-21 04:24:25,asr_hi_v3,"ji, for 48 hours. i am reporting that an electrical cabinet is open near the path. kripya madad kijiye.",103,19,grievance_general,information_request,0.45,grievance_general,0.5396,neutral,-0.0,low,0.25,1,20.073785,73.871942,reverse_geocode,29.33,"Ward 17, Nashik-ish",ULB_NAS,W17,Ward 17,422001,nominatim,2025-02-21 04:25:40,tesd0y,True,2025-02-21 04:23:16,True,20,1,72,5,0,0,0,0,13.0,0.29,LOW,-1
PGR202500604,mobile,2025-06-04 21:47:50,Asia/Kolkata,agent,True,1,"Good evening, for almost a week. I am reporting that there is no water in the tap. pani ki kami ho rahi hai please arrange tankers. please help.",en,True,2025-06-04 21:49:33,asr_en_v3,"good evening, for almost a week. i am reporting that there is no water in the tap. pani ki kami ho rahi hai please arrange tankers. please help.",144,28,water_supply,no_supply,0.98,water_supply,0.8237,negative,-0.54,low,0.43,1,20.007281,73.851294,gps,7.93,"Ward 16, Nashik-ish",ULB_NAS,W16,Ward 16,422001,nominatim,2025-06-04 21:48:43,tes9bd,True,2025-06-04 21:47:50,True,19,1,24,3,1,0,1,0,6.0,0.687,HIGH,water_supply_11
PGR202500605,portal,2025-04-22 09:50:41,Asia/Kolkata,contractor,False,1,"Hello, for the past three days. the community tap is dry in the morning. groundwater is very low this season. the complaint has been logged in the app. kripya madad kijiye.",hi,True,2025-04-22 09:52:12,asr_hi_v3,"hello, for the past three days. the community tap is dry in the morning. groundwater is very low this season. the complaint has been logged in the app. kripya madad kijiye.",172,31,water_supply,no_supply,0.75,water_supply,0.6827,neutral,-0.0,low,0.43,1,19.960827,79.357953,gps,5.22,"Ward 15, Chandrapur-ish",ULB_CHD,W15,Ward 15,442401,nominatim,2025-04-22 09:52:50,tg83tc,True,2025-04-22 09:50:41,True,14,1,24,4,1,0,1,0,8.0,0.688,HIGH,water_supply_1
PGR202500606,ivr,2025-03-21 11:06:00,Asia/Kolkata,citizen,True,1,"Namaste, since Monday. stray dogs are aggressive near the market. it feels like a drought and the borewell is almost dry. please help.",en,True,2025-03-21 11:06:13,asr_en_v3,"namaste, since monday. stray dogs are aggressive near the market. it feels like a drought and the borewell is almost dry. please help.",134,23,public_health,stray_dogs,0.8999999999999999,public_health,0.7875,neutral,-0.18,low,0.25,1,19.90489,79.359709,gps,37.83,"Ward 05, Chandrapur-ish",ULB_CHD,W05,Ward 05,442401,nominatim,2025-03-21 11:08:14,tg83jz,True,2025-03-21 11:06:00,True,20,1,24,3,0,0,1,0,3.0,0.526,MEDIUM,-1
PGR202500607,mobile,2025-04-19 03:12:07,Asia/Kolkata,citizen,True,1,"Hello, since last night. resurfacing has been pending for many weeks. dayavittu sahaya maadi.",kn,True,2025-04-19 03:13:16,asr_kn_v3,"hello, since last night. resurfacing has been pending for many weeks. dayavittu sahaya maadi.",93,14,grievance_general,information_request,0.45,grievance_general,0.6041,neutral,-0.0,low,0.25,1,20.014063,79.295399,gps,25.32,"Ward 11, Chandrapur-ish",ULB_CHD,W11,Ward 11,442401,nominatim,2025-04-19 03:13:04,tg83u7,True,2025-04-19 03:12:07,True,19,2,48,5,0,1,0,0,31.0,0.348,LOW,-1
PGR202500608,portal,2025-06-26 01:08:24,Asia/Kolkata,citizen,True,1,"Good morning, since yesterday. We are experiencing the road surface is broken at the crossing. krupaya sahayya kara.",mr,True,2025-06-26 01:09:20,asr_mr_v3,"good morning, since yesterday. we are experiencing the road surface is broken at the crossing. krupaya sahayya kara.",116,18,roads,resurfacing,0.75,roads,0.8048,neutral,-0.18,low,0.25,1,20.018063,79.306756,gps,16.48,"Ward 03, Chandrapur-ish",ULB_CHD,W03,Ward 03,442401,nominatim,2025-06-26 01:11:20,tg83us,True,2025-06-26 01:08:24,True,13,1,72,3,0,0,1,0,4.0,0.367,MEDIUM,-1
PGR202500609,portal,2025-06-09 15:15:34,Asia/Kolkata,citizen,True,1,"Hello, since yesterday. there is a strong smell from the open drain. please help.",en,True,2025-06-09 15:15:57,asr_en_v3,"hello, since yesterday. there is a strong smell from the open drain. please help.",81,14,grievance_general,information_request,0.45,grievance_general,0.5377,neutral,-0.18,low,0.25,1,19.829959,75.272457,gps,29.62,"Ward 08, Aurangabad-ish",ULB_AUR,W08,Ward 08,431001,nominatim,2025-06-09 15:16:41,tet8bc,True,2025-06-09 15:15:34,True,18,1,48,4,1,0,1,0,11.0,0.49,MEDIUM,grievance_general_15
PGR202500610,whatsapp,2025-06-06 01:18:51,Asia/Kolkata,citizen,True,1,"Good morning, since Monday. Residents are reporting the tanker did not arrive today. summer water crisis is likely so please plan supply. the complaint has been logged in the app. krupaya sahayya kara.",mr,True,2025-06-06 01:20:10,asr_mr_v3,"good morning, since monday. residents are reporting the tanker did not arrive today. summer water crisis is likely so please plan supply. the complaint has been logged in the app. krupaya sahayya kara.",201,33,water_supply,no_supply,0.75,water_supply,0.4703,neutral,-0.0,low,0.25,1,20.067744,73.810965,reverse_geocode,20.13,"Ward 11, Nashik-ish",ULB_NAS,W11,Ward 11,422001,nominatim,2025-06-06 01:20:38,tes6pt,True,2025-06-06 01:18:51,True,17,1,24,5,0,0,0,0,13.0,0.45,MEDIUM,-1
PGR202500611,portal,2025-04-11 10:04:39,Asia/Kolkata,citizen,True,1,"Hi, for 48 hours. Residents are reporting the road surface is broken at the crossing. please help.",en,True,2025-04-11 10:06:16,asr_en_v3,"hi, for 48 hours. residents are reporting the road surface is broken at the crossing. please help.",98,17,roads,resurfacing,0.75,roads,0.8314,negative,-0.36,low,0.25,1,19.84607,75.37169,photo_exif,25.75,"Ward 14, Aurangabad-ish",ULB_AUR,W14,Ward 14,431001,nominatim,2025-04-11 10:06:17,tet8gh,True,2025-04-11 10:04:39,True,14,1,24,5,0,0,0,0,10.0,0.289,LOW,-1
PGR202500612,mobile,2025-05-29 14:53:45,Asia/Kolkata,citizen,True,1,"Hello, since Monday. We are experiencing an electrical cabinet is open near the path. we also tried the IVR earlier. krupaya sahayya kara.",mr,True,2025-05-29 14:55:03,asr_mr_v3,"hello, since monday. we are experiencing an electrical cabinet is open near the path. we also tried the ivr earlier. krupaya sahayya kara.",138,23,grievance_general,information_request,0.45,grievance_general,0.5398,neutral,-0.0,low,0.25,1,19.926494,79.317254,gps,7.75,"Ward 02, Chandrapur-ish",ULB_CHD,W02,Ward 02,442401,nominatim,2025-05-29 14:55:55,tg83kg,True,2025-05-29 14:53:45,True,18,1,72,3,0,0,1,0,5.0,0.367,MEDIUM,grievance_general_2
PGR202500613,portal,2025-03-30 18:19:19,Asia/Kolkata,citizen,True,1,"Ji, for almost a week. I am reporting that the streetlight near our lane is not working. kripya madad kijiye.",hi,True,2025-03-30 18:19:36,asr_hi_v3,"ji, for almost a week. i am reporting that the streetlight near our lane is not working. kripya madad kijiye.",109,20,streetlights,lamp_faulty,0.75,streetlights,0.9017,neutral,-0.0,low,0.25,1,19.9294,75.383633,reverse_geocode,51.06,"Ward 17, Aurangabad-ish",ULB_AUR,W17,Ward 17,431001,nominatim,2025-03-30 18:22:03,tet97k,True,2025-03-30 18:19:19,True,12,1,24,5,0,0,0,0,10.0,0.289,LOW,-1
PGR202500614,mobile,2025-05-14 22:11:43,Asia/Kolkata,citizen,True,1,"Hello, since Monday. Residents are reporting there is no water in the tap. garami madhe jalsankat aahe. krupaya sahayya kara.",mr,True,2025-05-14 22:11:53,asr_mr_v3,"hello, since monday. residents are reporting there is no water in the tap. garami madhe jalsankat aahe. krupaya sahayya kara.",125,20,water_supply,no_supply,0.98,water_supply,0.3786,neutral,-0.18,low,0.43,1,19.986736,79.337524,manual,11.31,"Ward 10, Chandrapur-ish",ULB_CHD,W10,Ward 10,442401,nominatim,2025-05-14 22:13:05,tg83tq,True,2025-05-14 22:11:43,True,13,1,24,3,0,0,1,0,6.0,0.567,MEDIUM,-1
PGR202500615,whatsapp,2025-05-07 22:25:39,Asia/Kolkata,citizen,True,1,"Hello, for almost a week. I am reporting that waterlogging is happening after even light rain. kripya madad kijiye.",hi,True,2025-05-07 22:27:33,asr_hi_v3,"hello, for almost a week. i am reporting that waterlogging is happening after even light rain. kripya madad kijiye.",115,19,drainage,waterlogging,0.75,drainage,0.7947,neutral,-0.0,low,0.25,1,19.94871,75.298282,gps,43.34,"Ward 18, Aurangabad-ish",ULB_AUR,W18,Ward 18,431001,nominatim,2025-05-07 22:27:00,tet93r,True,2025-05-07 22:25:39,True,13,1,24,3,0,0,1,0,7.0,0.528,MEDIUM,-1
PGR202500616,mobile,2025-03-10 11:16:30,Asia/Kolkata,citizen,True,1,"Namaste, since yesterday. resurfacing has been pending for many weeks. krupaya sahayya kara.",mr,True,2025-03-10 11:18:27,asr_mr_v3,"namaste, since yesterday. resurfacing has been pending for many weeks. krupaya sahayya kara.",92,13,grievance_general,information_request,0.45,grievance_general,0.6676,neutral,-0.0,low,0.25,1,19.916721,79.263884,reverse_geocode,17.17,"Ward 11, Chandrapur-ish",ULB_CHD,W11,Ward 11,442401,nominatim,2025-03-10 11:18:50,tg8379,True,2025-03-10 11:16:30,True,19,1,72,4,0,0,1,0,13.0,0.37,MEDIUM,grievance_general_9
PGR202500617,portal,2025-03-12 23:16:04,Asia/Kolkata,citizen,True,1,"Hello, for 48 hours. an old building has a dangerous cracked wall. krupaya sahayya kara.",mr,True,2025-03-12 23:17:20,asr_mr_v3,"hello, for 48 hours. an old building has a dangerous cracked wall. krupaya sahayya kara.",88,15,building_safety,dangerous_structure,0.98,building_safety,0.8622,neutral,-0.18,low,0.43,1,19.957563,79.342004,gps,32.11,"Ward 11, Chandrapur-ish",ULB_CHD,W11,Ward 11,442401,nominatim,2025-03-12 23:18:56,tg83t3,True,2025-03-12 23:16:04,True,19,1,48,5,0,0,0,0,9.0,0.488,MEDIUM,building_safety_0
PGR202500618,mobile,2025-02-10 04:04:45,Asia/Kolkata,citizen,False,1,"Namaste, since yesterday. Residents are reporting the dispensary was closed during working hours. krupaya sahayya kara.",mr,True,2025-02-10 04:06:31,asr_mr_v3,"namaste, since yesterday. residents are reporting the dispensary was closed during working hours. krupaya sahayya kara.",119,16,grievance_general,information_request,0.45,grievance_general,0.4213,neutral,-0.0,low,0.25,1,19.981635,79.300317,reverse_geocode,31.01,"Ward 14, Chandrapur-ish",ULB_CHD,W14,Ward 14,442401,nominatim,2025-02-10 04:07:30,tg83st,True,2025-02-10 04:04:45,True,18,1,24,4,0,0,1,0,11.0,0.37,MEDIUM,grievance_general_1
PGR202500619,portal,2025-02-21 23:09:58,Asia/Kolkata,citizen,True,1,"Good morning, for almost a week. Residents are reporting a service request has no update. the complaint has been logged in the app. paani nahi aa raha hai. dayavittu sahaya maadi.",kn,True,2025-02-21 23:10:32,asr_kn_v3,"good morning, for almost a week. residents are reporting a service request has no update. the complaint has been logged in the app. paani nahi aa raha hai. dayavittu sahaya maadi.",179,31,water_supply,no_supply,0.75,water_supply,0.3376,neutral,-0.18,low,0.25,1,19.801839,75.376446,gps,37.2,"Ward 17, Aurangabad-ish",ULB_AUR,W17,Ward 17,431001,nominatim,2025-02-21 23:12:18,tet8eh,True,2025-02-21 23:09:58,True,12,1,24,3,0,0,1,0,6.0,0.527,MEDIUM,-1
PGR202500620,ivr,2025-04-07 01:01:37,Asia/Kolkata,citizen,True,1,"Namaste, for 48 hours. a loose cable is creating a hazard. please help.",en,True,2025-04-07 01:03:11,asr_en_v3,"namaste, for 48 hours. a loose cable is creating a hazard. please help.",71,13,utilities_other,cable_hazard,0.75,utilities_other,0.8547,neutral,-0.18,low,0.25,1,20.019817,79.294182,manual,7.39,"Ward 04, Chandrapur-ish",ULB_CHD,W04,Ward 04,442401,nominatim,2025-04-07 01:03:49,tg83uk,True,2025-04-07 01:01:37,True,19,1,96,4,0,0,1,0,14.0,0.371,MEDIUM,-1
PGR202500621,portal,2025-04-13 16:21:28,Asia/Kolkata,agent,True,1,"Hello, since last night. we need information on the process. the complaint has been logged in the app. krupaya sahayya kara.",mr,True,2025-04-13 16:22:54,asr_mr_v3,"hello, since last night. we need information on the process. the complaint has been logged in the app. krupaya sahayya kara.",124,21,grievance_general,information_request,0.75,grievance_general,0.5071,neutral,-0.0,low,0.25,1,19.97759,73.756353,photo_exif,36.13,"Ward 11, Nashik-ish",ULB_NAS,W11,Ward 11,422001,nominatim,2025-04-13 16:23:50,tes3wk,True,2025-04-13 16:21:28,True,17,1,48,3,0,0,1,0,7.0,0.368,MEDIUM,-1
PGR202500622,portal,2025-02-25 18:26:04,Asia/Kolkata,citizen,True,1,"Hi, for two days. illegal parking is blocking the lane. dayavittu sahaya maadi.",kn,True,2025-02-25 18:27:43,asr_kn_v3,"hi, for two days. illegal parking is blocking the lane. dayavittu sahaya maadi.",79,13,traffic,illegal_parking,0.8999999999999999,traffic,0.8887,neutral,-0.0,low,0.25,1,20.013812,73.750183,gps,47.7,"Ward 01, Nashik-ish",ULB_NAS,W01,Ward 01,422001,nominatim,2025-02-25 18:28:53,tes3y5,True,2025-02-25 18:26:04,True,10,1,48,3,0,0,1,0,4.0,0.367,MEDIUM,-1
PGR202500623,whatsapp,2025-04-04 12:48:05,Asia/Kolkata,citizen,True,1,"Hi, since last night. Residents are reporting the streetlight near our lane is not working. the complaint has been logged in the app. we also tried the IVR earlier. krupaya sahayya kara.",mr,True,2025-04-04 12:49:25,asr_mr_v3,"hi, since last night. residents are reporting the streetlight near our lane is not working. the complaint has been logged in the app. we also tried the ivr earlier. krupaya sahayya kara.",186,32,streetlights,lamp_faulty,0.75,streetlights,0.8368,neutral,-0.0,low,0.25,1,19.852044,75.377641,gps,16.12,"Ward 10, Aurangabad-ish",ULB_AUR,W10,Ward 10,431001,nominatim,2025-04-04 12:48:26,tet8gm,True,2025-04-04 12:48:05,True,15,1,24,3,0,0,1,0,5.0,0.367,MEDIUM,-1
PGR202500624,ivr,2025-05-02 15:02:20,Asia/Kolkata,citizen,True,1,"Hi, for the past three days. Residents are reporting the bin is overflowing and animals gather there. the complaint has been logged in the app. please help.",en,True,2025-05-02 15:02:55,asr_en_v3,"hi, for the past three days. residents are reporting the bin is overflowing and animals gather there. the complaint has been logged in the app. please help.",156,27,drainage,manhole_overflow,0.75,drainage,0.7872,negative,-0.36,medium,0.61,1,20.001754,73.779212,gps,20.52,"Ward 17, Nashik-ish",ULB_NAS,W17,Ward 17,422001,nominatim,2025-05-02 15:04:14,tes3yc,True,2025-05-02 15:02:20,True,20,1,24,4,1,0,1,0,8.0,0.728,HIGH,-1
PGR202500625,mobile,2025-03-07 21:15:06,Asia/Kolkata,citizen,True,1,"Hello, for 48 hours. We are experiencing staff behaviour was unhelpful at the office. summer water crisis is likely so please plan supply. kripya madad kijiye.",hi,True,2025-03-07 21:16:09,asr_hi_v3,"hello, for 48 hours. we are experiencing staff behaviour was unhelpful at the office. summer water crisis is likely so please plan supply. kripya madad kijiye.",159,26,grievance_general,staff_behavior,0.75,grievance_general,0.393,neutral,-0.18,low,0.25,1,19.885604,79.387691,reverse_geocode,12.15,"Ward 18, Chandrapur-ish",ULB_CHD,W18,Ward 18,442401,nominatim,2025-03-07 21:15:31,tg83ns,True,2025-03-07 21:15:06,True,11,2,72,3,0,0,1,0,5.0,0.417,MEDIUM,-1
PGR202500626,portal,2025-03-23 17:39:09,Asia/Kolkata,citizen,True,1,"Namaste, for 48 hours. Residents are reporting there are big potholes on the road. please help.",en,True,2025-03-23 17:40:36,asr_en_v3,"namaste, for 48 hours. residents are reporting there are big potholes on the road. please help.",95,16,roads,potholes,0.75,roads,0.8326,neutral,-0.18,low,0.25,1,20.011033,73.765629,reverse_geocode,14.8,"Ward 06, Nashik-ish",ULB_NAS,W06,Ward 06,422001,nominatim,2025-03-23 17:41:01,tes3yd,True,2025-03-23 17:39:09,True,17,1,72,5,1,0,0,0,10.0,0.409,MEDIUM,-1
PGR202500627,portal,2025-03-28 03:02:32,Asia/Kolkata,agent,True,1,"Namaste, for the past three days. We are experiencing the community tap is dry in the morning. pani ki kami ho rahi hai please arrange tankers. krupaya sahayya kara.",mr,True,2025-03-28 03:04:17,asr_mr_v3,"namaste, for the past three days. we are experiencing the community tap is dry in the morning. pani ki kami ho rahi hai please arrange tankers. krupaya sahayya kara.",165,29,water_supply,no_supply,0.98,water_supply,0.8745,neutral,-0.18,low,0.43,1,19.892108,79.345127,gps,45.67,"Ward 08, Chandrapur-ish",ULB_CHD,W08,Ward 08,442401,nominatim,2025-03-28 03:03:55,tg83jt,True,2025-03-28 03:02:32,True,14,1,48,3,1,0,1,0,10.0,0.689,HIGH,water_supply_5
PGR202500628,portal,2025-04-17 18:11:37,Asia/Kolkata,citizen,True,1,"Namaste, since last night. I am reporting that the pole looks damaged and wires are exposed. the complaint has been logged in the app. please help.",en,True,2025-04-17 18:12:58,asr_en_v3,"namaste, since last night. i am reporting that the pole looks damaged and wires are exposed. the complaint has been logged in the app. please help.",147,26,utilities_other,cable_hazard,0.75,utilities_other,0.8101,neutral,-0.18,low,0.25,1,19.929574,75.258231,manual,4.94,"Ward 12, Aurangabad-ish",ULB_AUR,W12,Ward 12,431001,nominatim,2025-04-17 18:12:45,tet92s,True,2025-04-17 18:11:37,True,8,1,72,3,0,0,1,0,6.0,0.368,MEDIUM,-1
PGR202500629,mobile,2025-03-27 23:00:45,Asia/Kolkata,citizen,True,1,"Hello, since yesterday. Residents are reporting the public toilet is not functioning. the complaint has been logged in the app. krupaya sahayya kara.",mr,True,2025-03-27 23:02:39,asr_mr_v3,"hello, since yesterday. residents are reporting the public toilet is not functioning. the complaint has been logged in the app. krupaya sahayya kara.",149,23,sanitation,public_toilet_faulty,0.75,sanitation,0.7715,neutral,-0.0,low,0.25,1,19.821791,75.279278,gps,5.87,"Ward 08, Aurangabad-ish",ULB_AUR,W08,Ward 08,431001,nominatim,2025-03-27 23:03:27,tet8c0,True,2025-03-27 23:00:45,True,18,1,24,5,1,0,0,0,13.0,0.57,MEDIUM,-1
PGR202500630,mobile,2025-05-22 13:00:01,Asia/Kolkata,citizen,True,1,"Good evening, for the past three days. I am reporting that an illegal dumpsite is growing near the corner. the complaint has been logged in the app. we also tried the IVR earlier. kripya madad kijiye.",hi,True,2025-05-22 13:00:18,asr_hi_v3,"good evening, for the past three days. i am reporting that an illegal dumpsite is growing near the corner. the complaint has been logged in the app. we also tried the ivr earlier. kripya madad kijiye.",200,36,solid_waste,dumpsite,0.75,solid_waste,0.7351,neutral,-0.0,low,0.43,1,19.964318,79.388185,gps,44.16,"Ward 04, Chandrapur-ish",ULB_CHD,W04,Ward 04,442401,nominatim,2025-05-22 13:02:14,tg83wd,True,2025-05-22 13:00:01,True,19,1,72,7,0,1,0,0,35.0,0.339,LOW,-1
PGR202500631,ivr,2025-03-22 02:59:02,Asia/Kolkata,citizen,True,1,"Ji, since yesterday. the dispensary was closed during working hours. groundwater is very low this season. krupaya sahayya kara.",mr,True,2025-03-22 02:59:42,asr_mr_v3,"ji, since yesterday. the dispensary was closed during working hours. groundwater is very low this season. krupaya sahayya kara.",127,19,grievance_general,information_request,0.45,grievance_general,0.3075,neutral,-0.0,low,0.25,1,19.865665,75.318761,gps,29.37,"Ward 07, Aurangabad-ish",ULB_AUR,W07,Ward 07,431001,nominatim,2025-03-22 03:00:52,tet91b,True,2025-03-22 02:59:02,True,20,2,24,4,0,0,1,0,10.0,0.419,MEDIUM,-1
PGR202500632,ivr,2025-04-07 02:01:41,Asia/Kolkata,citizen,True,1,"Good morning, for the past three days. We are experiencing resurfacing has been pending for many weeks. the complaint has been logged in the app. kripya madad kijiye.",hi,True,2025-04-07 02:02:29,asr_hi_v3,"good morning, for the past three days. we are experiencing resurfacing has been pending for many weeks. the complaint has been logged in the app. kripya madad kijiye.",166,28,grievance_general,information_request,0.45,grievance_general,0.5327,neutral,-0.0,low,0.43,1,19.987218,79.361385,gps,51.81,"Ward 09, Chandrapur-ish",ULB_CHD,W09,Ward 09,442401,nominatim,2025-04-07 02:04:22,tg83ty,True,2025-04-07 02:01:41,True,20,1,24,3,0,0,1,0,6.0,0.407,MEDIUM,grievance_general_0
PGR202500633,csc,2025-03-29 22:04:14,Asia/Kolkata,citizen,True,1,"Ji, for 48 hours. illegal parking is blocking the lane. summer water crisis is likely so please plan supply. kripya madad kijiye.",hi,True,2025-03-29 22:04:19,asr_hi_v3,"ji, for 48 hours. illegal parking is blocking the lane. summer water crisis is likely so please plan supply. kripya madad kijiye.",129,22,traffic,illegal_parking,0.8999999999999999,traffic,0.7349,neutral,-0.0,low,0.25,1,19.987013,73.732165,gps,13.24,"Ward 11, Nashik-ish",ULB_NAS,W11,Ward 11,422001,nominatim,2025-03-29 22:04:49,tes3ty,True,2025-03-29 22:04:14,True,17,1,72,3,0,0,1,0,6.0,0.368,MEDIUM,-1
PGR202500634,whatsapp,2025-02-28 10:29:48,Asia/Kolkata,citizen,True,1,"Good morning, since last night. Residents are reporting there is no water in the tap. please help.",en,True,2025-02-28 10:31:33,asr_en_v3,"good morning, since last night. residents are reporting there is no water in the tap. please help.",98,17,water_supply,no_supply,0.98,water_supply,0.5294,negative,-0.36,low,0.43,1,20.003672,73.855121,gps,21.89,"Ward 19, Nashik-ish",ULB_NAS,W19,Ward 19,422001,nominatim,2025-02-28 10:31:51,tes9b9,True,2025-02-28 10:29:48,True,13,1,72,5,1,0,0,0,13.0,0.61,HIGH,water_supply_11
PGR202500635,portal,2025-05-14 20:40:33,Asia/Kolkata,agent,True,1,"Good evening, for 48 hours. I am reporting that the road surface is broken at the crossing. please jaldi se kijiye. kripya madad kijiye.",hi,True,2025-05-14 20:40:57,asr_hi_v3,"good evening, for 48 hours. i am reporting that the road surface is broken at the crossing. please jaldi se kijiye. kripya madad kijiye.",136,24,roads,resurfacing,0.75,roads,0.7393,neutral,-0.18,low,0.25,1,19.977309,79.349878,gps,10.09,"Ward 11, Chandrapur-ish",ULB_CHD,W11,Ward 11,442401,nominatim,2025-05-14 20:41:17,tg83ts,True,2025-05-14 20:40:33,True,19,1,72,5,1,0,0,0,10.0,0.409,MEDIUM,-1
PGR202500636,csc,2025-03-08 07:36:22,Asia/Kolkata,citizen,True,1,"Hello, since last night. We are experiencing the septic tank has overflowed onto the street. the complaint has been logged in the app. krupaya tatkal karyavahi kara. krupaya sahayya kara.",mr,True,2025-03-08 07:37:19,asr_mr_v3,"hello, since last night. we are experiencing the septic tank has overflowed onto the street. the complaint has been logged in the app. krupaya tatkal karyavahi kara. krupaya sahayya kara.",187,30,sanitation,septic_overflow,0.75,sanitation,0.748,neutral,-0.18,low,0.43,1,20.074414,73.755426,manual,22.15,"Ward 08, Nashik-ish",ULB_NAS,W08,Ward 08,422001,nominatim,2025-03-08 07:37:19,tes6nq,True,2025-03-08 07:36:22,True,9,1,48,5,1,0,0,0,15.0,0.611,HIGH,-1
PGR202500637,csc,2025-03-17 12:45:18,Asia/Kolkata,citizen,False,1,"Namaste, since yesterday. we need information on the process. the complaint has been logged in the app. we also tried the IVR earlier. kripya madad kijiye.",hi,True,2025-03-17 12:45:49,asr_hi_v3,"namaste, since yesterday. we need information on the process. the complaint has been logged in the app. we also tried the ivr earlier. kripya madad kijiye.",155,26,grievance_general,information_request,0.75,grievance_general,0.4266,neutral,-0.0,low,0.25,1,19.927556,79.256351,gps,6.61,"Ward 14, Chandrapur-ish",ULB_CHD,W14,Ward 14,442401,nominatim,2025-03-17 12:46:07,tg837e,True,2025-03-17 12:45:18,True,18,1,72,5,0,0,0,0,13.0,0.29,LOW,grievance_general_9
PGR202500638,portal,2025-05-30 21:54:24,Asia/Kolkata,contractor,True,1,"Good evening, for 48 hours. I am reporting that we need information on the process. kripya madad kijiye.",hi,True,2025-05-30 21:56:10,asr_hi_v3,"good evening, for 48 hours. i am reporting that we need information on the process. kripya madad kijiye.",104,18,grievance_general,information_request,0.75,grievance_general,0.5154,neutral,-0.0,low,0.25,1,19.930312,75.366486,manual,30.27,"Ward 16, Aurangabad-ish",ULB_AUR,W16,Ward 16,431001,nominatim,2025-05-30 21:56:11,tet97h,True,2025-05-30 21:54:24,True,12,1,48,3,0,0,1,0,6.0,0.368,MEDIUM,-1
PGR202500639,portal,2025-06-23 07:53:17,Asia/Kolkata,citizen,True,1,"Hello, for almost a week. the bin is overflowing and animals gather there. krupaya sahayya kara.",mr,True,2025-06-23 07:53:29,asr_mr_v3,"hello, for almost a week. the bin is overflowing and animals gather there. krupaya sahayya kara.",96,16,drainage,manhole_overflow,0.75,drainage,0.7998,neutral,-0.18,low,0.43,1,19.844718,75.263883,reverse_geocode,24.85,"Ward 09, Aurangabad-ish",ULB_AUR,W09,Ward 09,431001,nominatim,2025-06-23 07:55:17,tet8bs,True,2025-06-23 07:53:17,True,17,1,24,5,0,0,0,0,12.0,0.49,MEDIUM,-1
PGR202500640,mobile,2025-05-12 15:02:06,Asia/Kolkata,citizen,True,1,"Ji, since last night. I am reporting that the tanker did not arrive today. pani ki kami ho rahi hai please arrange tankers. kripya madad kijiye.",hi,True,2025-05-12 15:02:29,asr_hi_v3,"ji, since last night. i am reporting that the tanker did not arrive today. pani ki kami ho rahi hai please arrange tankers. kripya madad kijiye.",144,26,water_supply,no_supply,0.8999999999999999,water_supply,0.8537,neutral,-0.18,low,0.25,1,19.908511,75.399748,reverse_geocode,19.14,"Ward 10, Aurangabad-ish",ULB_AUR,W10,Ward 10,431001,nominatim,2025-05-12 15:04:26,tet97b,True,2025-05-12 15:02:06,True,15,1,48,4,0,0,1,0,7.0,0.528,MEDIUM,-1
PGR202500641,portal,2025-06-18 10:51:09,Asia/Kolkata,citizen,False,1,"Good evening, for the past three days. the signal is not working at the junction. the complaint has been logged in the app. krupaya sahayya kara.",mr,True,2025-06-18 10:51:51,asr_mr_v3,"good evening, for the past three days. the signal is not working at the junction. the complaint has been logged in the app. krupaya sahayya kara.",145,26,grievance_general,information_request,0.45,grievance_general,0.3811,neutral,-0.0,low,0.43,1,20.049927,73.740756,gps,14.14,"Ward 05, Nashik-ish",ULB_NAS,W05,Ward 05,422001,nominatim,2025-06-18 10:52:39,tes6n1,True,2025-06-18 10:51:09,True,23,1,48,5,1,0,0,0,10.0,0.449,MEDIUM,-1
PGR202500642,mobile,2025-06-09 03:05:09,Asia/Kolkata,citizen,True,1,"Namaste, for two days. an electrical cabinet is open near the path. krupaya sahayya kara.",mr,True,2025-06-09 03:06:50,asr_mr_v3,"namaste, for two days. an electrical cabinet is open near the path. krupaya sahayya kara.",89,15,grievance_general,information_request,0.45,grievance_general,0.6033,neutral,-0.0,low,0.25,1,20.086982,73.850632,reverse_geocode,6.58,"Ward 18, Nashik-ish",ULB_NAS,W18,Ward 18,422001,nominatim,2025-06-09 03:07:59,tesd28,True,2025-06-09 03:05:09,True,16,1,48,4,0,0,1,0,9.0,0.369,MEDIUM,-1
PGR202500643,mobile,2025-04-14 03:16:38,Asia/Kolkata,citizen,True,1,"Hello, for 48 hours. We are experiencing the road surface is broken at the crossing. tankers kab aayenge. dayavittu sahaya maadi.",kn,True,2025-04-14 03:18:25,asr_kn_v3,"hello, for 48 hours. we are experiencing the road surface is broken at the crossing. tankers kab aayenge. dayavittu sahaya maadi.",129,21,water_supply,no_supply,0.75,roads,0.58,neutral,-0.18,low,0.25,1,20.048663,73.830189,gps,30.92,"Ward 18, Nashik-ish",ULB_NAS,W18,Ward 18,422001,nominatim,2025-04-14 03:17:57,tesd01,True,2025-04-14 03:16:38,True,16,1,72,5,0,0,0,0,15.0,0.451,MEDIUM,-1
PGR202500644,portal,2025-05-27 13:02:39,Asia/Kolkata,citizen,False,1,"Ji, since Monday. We are experiencing the road surface is broken at the crossing. groundwater is very low this season. kripya madad kijiye.",hi,True,2025-05-27 13:04:38,asr_hi_v3,"ji, since monday. we are experiencing the road surface is broken at the crossing. groundwater is very low this season. kripya madad kijiye.",139,23,roads,resurfacing,0.75,roads,0.6255,neutral,-0.18,low,0.25,1,19.935654,75.435661,gps,103.34,"Ward 04, Aurangabad-ish",ULB_AUR,W04,Ward 04,431001,nominatim,2025-05-27 13:03:24,tet9kt,True,2025-05-27 13:02:39,True,13,1,48,5,0,0,0,0,12.0,0.29,LOW,-1
PGR202500645,portal,2025-03-22 06:06:00,Asia/Kolkata,citizen,True,1,"Good morning, for the past three days. I am reporting that the grass is drying up because irrigation is off. krupaya sahayya kara.",mr,True,2025-03-22 06:07:27,asr_mr_v3,"good morning, for the past three days. i am reporting that the grass is drying up because irrigation is off. krupaya sahayya kara.",130,23,parks,lawn_irrigation,0.75,parks,0.8351,neutral,-0.0,low,0.43,1,20.039346,73.783334,gps,27.68,"Ward 07, Nashik-ish",ULB_NAS,W07,Ward 07,422001,nominatim,2025-03-22 06:06:25,tes6nb,True,2025-03-22 06:06:00,True,7,1,24,5,1,0,0,0,11.0,0.449,MEDIUM,-1
PGR202500646,mobile,2025-04-11 01:47:21,Asia/Kolkata,citizen,False,1,"Ji, for two days. there is a strong smell from the open drain. krupaya tatkal karyavahi kara. krupaya sahayya kara.",mr,True,2025-04-11 01:48:02,asr_mr_v3,"ji, for two days. there is a strong smell from the open drain. krupaya tatkal karyavahi kara. krupaya sahayya kara.",115,20,grievance_general,information_request,0.45,grievance_general,0.5014,neutral,-0.0,low,0.25,1,20.00456,73.863816,gps,51.12,"Ward 06, Nashik-ish",ULB_NAS,W06,Ward 06,422001,nominatim,2025-04-11 01:48:01,tes9bc,True,2025-04-11 01:47:21,True,17,1,24,4,0,0,1,0,11.0,0.37,MEDIUM,-1
PGR202500647,csc,2025-04-22 07:33:54,Asia/Kolkata,citizen,True,1,"Ji, since last night. I am reporting that an old building has a dangerous cracked wall. we also tried the IVR earlier. tanker kadi yetil. krupaya sahayya kara.",mr,True,2025-04-22 07:35:08,asr_mr_v3,"ji, since last night. i am reporting that an old building has a dangerous cracked wall. we also tried the ivr earlier. tanker kadi yetil. krupaya sahayya kara.",159,28,building_safety,dangerous_structure,0.98,building_safety,0.6712,neutral,-0.18,low,0.43,1,20.046691,73.715453,manual,42.28,"Ward 19, Nashik-ish",ULB_NAS,W19,Ward 19,422001,nominatim,2025-04-22 07:35:25,tes6j3,True,2025-04-22 07:33:54,True,13,1,72,3,0,0,1,0,2.0,0.565,MEDIUM,-1
PGR202500648,ivr,2025-06-25 01:46:28,Asia/Kolkata,citizen,True,1,"Hi, for 48 hours. I am reporting that the bin is overflowing and animals gather there. it feels like a drought and the borewell is almost dry. kripya madad kijiye.",hi,True,2025-06-25 01:47:19,asr_hi_v3,"hi, for 48 hours. i am reporting that the bin is overflowing and animals gather there. it feels like a drought and the borewell is almost dry. kripya madad kijiye.",163,30,drainage,manhole_overflow,0.75,drainage,0.5328,neutral,-0.18,low,0.43,1,19.971328,73.880037,photo_exif,3.0,"Ward 02, Nashik-ish",ULB_NAS,W02,Ward 02,422001,nominatim,2025-06-25 01:47:54,tes995,True,2025-06-25 01:46:28,True,16,1,24,4,0,0,1,0,12.0,0.57,MEDIUM,-1
PGR202500649,mobile,2025-06-08 06:49:03,Asia/Kolkata,citizen,True,1,"Hi, since yesterday. Residents are reporting an illegal dumpsite is growing near the corner. krupaya sahayya kara.",mr,True,2025-06-08 06:49:47,asr_mr_v3,"hi, since yesterday. residents are reporting an illegal dumpsite is growing near the corner. krupaya sahayya kara.",114,17,solid_waste,dumpsite,0.75,solid_waste,0.8232,neutral,-0.0,low,0.25,1,20.082675,73.890366,reverse_geocode,11.95,"Ward 05, Nashik-ish",ULB_NAS,W05,Ward 05,422001,nominatim,2025-06-08 06:51:39,tesd1r,True,2025-06-08 06:49:03,True,23,1,72,4,0,0,1,0,7.0,0.368,MEDIUM,-1
PGR202500650,mobile,2025-04-15 09:18:37,Asia/Kolkata,citizen,True,1,"Good evening, for 48 hours. I am reporting that the road surface is broken at the crossing. kripya madad kijiye.",hi,True,2025-04-15 09:18:48,asr_hi_v3,"good evening, for 48 hours. i am reporting that the road surface is broken at the crossing. kripya madad kijiye.",112,20,roads,resurfacing,0.75,roads,0.8413,neutral,-0.18,low,0.25,1,19.864178,75.406812,gps,26.32,"Ward 07, Aurangabad-ish",ULB_AUR,W07,Ward 07,431001,nominatim,2025-04-15 09:19:17,tet95b,True,2025-04-15 09:18:37,True,20,1,24,3,0,0,1,0,6.0,0.368,MEDIUM,-1
PGR202500651,mobile,2025-05-09 21:18:51,Asia/Kolkata,citizen,False,1,"Namaste, since last night. We are experiencing the dispensary was closed during working hours. pani ki kami ho rahi hai please arrange tankers. the complaint has been logged in the app. krupaya sahayya kara.",mr,True,2025-05-09 21:20:13,asr_mr_v3,"namaste, since last night. we are experiencing the dispensary was closed during working hours. pani ki kami ho rahi hai please arrange tankers. the complaint has been logged in the app. krupaya sahayya kara.",207,34,water_supply,no_supply,0.8999999999999999,water_supply,0.5508,neutral,-0.18,low,0.25,1,20.074234,73.763139,manual,18.95,"Ward 12, Nashik-ish",ULB_NAS,W12,Ward 12,422001,nominatim,2025-05-09 21:19:52,tes6nw,True,2025-05-09 21:18:51,True,12,2,24,5,1,0,0,0,11.0,0.62,HIGH,water_supply_12
PGR202500652,csc,2025-03-03 08:29:00,Asia/Kolkata,agent,True,1,"Namaste, for two days. We are experiencing there is a strong smell from the open drain. kripya madad kijiye.",hi,True,2025-03-03 08:29:38,asr_hi_v3,"namaste, for two days. we are experiencing there is a strong smell from the open drain. kripya madad kijiye.",108,19,grievance_general,information_request,0.45,grievance_general,0.5612,neutral,-0.0,low,0.25,1,19.821801,75.449405,reverse_geocode,3.0,"Ward 05, Aurangabad-ish",ULB_AUR,W05,Ward 05,431001,nominatim,2025-03-03 08:31:56,tet8ub,True,2025-03-03 08:29:00,True,17,1,72,3,0,0,1,0,6.0,0.368,MEDIUM,-1
PGR202500653,csc,2025-06-01 15:48:37,Asia/Kolkata,citizen,False,1,"Hello, for the past three days. there is illegal construction on the terrace. the complaint has been logged in the app. we also tried the IVR earlier. kripya madad kijiye.",hi,True,2025-06-01 15:49:53,asr_hi_v3,"hello, for the past three days. there is illegal construction on the terrace. the complaint has been logged in the app. we also tried the ivr earlier. kripya madad kijiye.",171,30,building_safety,illegal_construction,0.75,building_safety,0.7057,neutral,-0.0,low,0.43,1,19.804533,75.369467,gps,25.78,"Ward 11, Aurangabad-ish",ULB_AUR,W11,Ward 11,431001,nominatim,2025-06-01 15:49:01,tet8ej,True,2025-06-01 15:48:37,True,18,1,48,4,1,0,1,0,11.0,0.689,HIGH,-1
PGR202500654,mobile,2025-04-24 22:56:11,Asia/Kolkata,citizen,True,1,"Good evening, since last night. the wash area is broken and unclean. krupaya sahayya kara.",mr,True,2025-04-24 22:56:50,asr_mr_v3,"good evening, since last night. the wash area is broken and unclean. krupaya sahayya kara.",90,15,grievance_general,information_request,0.45,grievance_general,0.5599,neutral,-0.18,low,0.25,1,20.047532,73.836358,gps,19.85,"Ward 15, Nashik-ish",ULB_NAS,W15,Ward 15,422001,nominatim,2025-04-24 22:57:38,tesd01,True,2025-04-24 22:56:11,True,14,1,72,5,0,0,0,0,12.0,0.29,LOW,-1
PGR202500655,csc,2025-04-21 21:48:00,Asia/Kolkata,citizen,True,1,"Namaste, for almost a week. Residents are reporting the wash area is broken and unclean. we also tried the IVR earlier. krupaya sahayya kara.",mr,True,2025-04-21 21:48:14,asr_mr_v3,"namaste, for almost a week. residents are reporting the wash area is broken and unclean. we also tried the ivr earlier. krupaya sahayya kara.",141,24,grievance_general,information_request,0.45,grievance_general,0.5009,neutral,-0.18,low,0.25,1,19.838344,75.394316,reverse_geocode,48.71,"Ward 17, Aurangabad-ish",ULB_AUR,W17,Ward 17,431001,nominatim,2025-04-21 21:48:51,tet8ge,True,2025-04-21 21:48:00,True,12,1,24,5,0,0,0,0,11.0,0.29,LOW,-1
PGR202500656,mobile,2025-05-26 22:37:13,Asia/Kolkata,citizen,False,1,"Good evening, for almost a week. I am reporting that garbage pickup has been missed repeatedly. the complaint has been logged in the app. krupaya sahayya kara.",mr,True,2025-05-26 22:38:52,asr_mr_v3,"good evening, for almost a week. i am reporting that garbage pickup has been missed repeatedly. the complaint has been logged in the app. krupaya sahayya kara.",159,27,solid_waste,missed_pickup,0.75,solid_waste,0.7594,negative,-0.36,low,0.25,1,19.910296,79.374356,gps,16.2,"Ward 02, Chandrapur-ish",ULB_CHD,W02,Ward 02,442401,nominatim,2025-05-26 22:38:58,tg83q0,True,2025-05-26 22:37:13,True,18,1,48,4,1,0,1,0,7.0,0.488,MEDIUM,-1
PGR202500657,mobile,2025-05-06 22:30:11,Asia/Kolkata,citizen,True,1,"Hello, for almost a week. I am reporting that the community tap is dry in the morning. we also tried the IVR earlier. krupaya sahayya kara.",mr,True,2025-05-06 22:32:04,asr_mr_v3,"hello, for almost a week. i am reporting that the community tap is dry in the morning. we also tried the ivr earlier. krupaya sahayya kara.",139,26,water_supply,no_supply,0.75,water_supply,0.5353,neutral,-0.0,low,0.25,1,19.832868,75.389341,gps,37.52,"Ward 03, Aurangabad-ish",ULB_AUR,W03,Ward 03,431001,nominatim,2025-05-06 22:33:06,tet8gd,True,2025-05-06 22:30:11,True,19,2,48,5,0,0,0,0,17.0,0.502,MEDIUM,water_supply_6
PGR202500658,whatsapp,2025-02-11 20:52:53,Asia/Kolkata,citizen,False,1,"Namaste, for 48 hours. I am reporting that the community tap is dry in the morning. krupaya sahayya kara.",mr,True,2025-02-11 20:53:00,asr_mr_v3,"namaste, for 48 hours. i am reporting that the community tap is dry in the morning. krupaya sahayya kara.",105,19,water_supply,no_supply,0.75,water_supply,0.628,neutral,-0.0,low,0.25,1,19.989678,79.278342,reverse_geocode,3.0,"Ward 02, Chandrapur-ish",ULB_CHD,W02,Ward 02,442401,nominatim,2025-02-11 20:53:49,tg83sp,True,2025-02-11 20:52:53,True,18,1,72,5,0,0,0,0,13.0,0.45,MEDIUM,-1
PGR202500659,mobile,2025-03-16 05:21:36,Asia/Kolkata,citizen,True,1,"Namaste, for the past three days. the whole stretch is dark after evening. the complaint has been logged in the app. krupaya sahayya kara.",mr,True,2025-03-16 05:22:02,asr_mr_v3,"namaste, for the past three days. the whole stretch is dark after evening. the complaint has been logged in the app. krupaya sahayya kara.",138,24,grievance_general,information_request,0.45,grievance_general,0.54,neutral,-0.0,low,0.43,1,19.985698,73.855821,gps,4.58,"Ward 19, Nashik-ish",ULB_NAS,W19,Ward 19,422001,nominatim,2025-03-16 05:22:55,tes98w,True,2025-03-16 05:21:36,True,13,1,24,3,0,0,1,0,7.0,0.408,MEDIUM,grievance_general_6
PGR202500660,mobile,2025-02-27 12:11:17,Asia/Kolkata,citizen,True,1,"Namaste, since Monday. I am reporting that staff behaviour was unhelpful at the office. the complaint has been logged in the app. we also tried the IVR earlier. please help.",en,True,2025-02-27 12:12:39,asr_en_v3,"namaste, since monday. i am reporting that staff behaviour was unhelpful at the office. the complaint has been logged in the app. we also tried the ivr earlier. please help.",173,30,grievance_general,staff_behavior,0.75,grievance_general,0.5193,neutral,-0.18,low,0.25,1,19.89204,79.278614,gps,30.82,"Ward 14, Chandrapur-ish",ULB_CHD,W14,Ward 14,442401,nominatim,2025-02-27 12:12:48,tg83hj,True,2025-02-27 12:11:17,True,18,1,24,5,0,0,0,0,17.0,0.292,LOW,grievance_general_13
PGR202500661,portal,2025-05-22 05:36:54,Asia/Kolkata,citizen,True,1,"Good morning, since Monday. Residents are reporting tap pressure is very low. it feels like a drought and the borewell is almost dry. krupaya sahayya kara.",mr,True,2025-05-22 05:37:09,asr_mr_v3,"good morning, since monday. residents are reporting tap pressure is very low. it feels like a drought and the borewell is almost dry. krupaya sahayya kara.",155,26,water_supply,no_supply,0.75,water_supply,0.5208,neutral,-0.0,low,0.25,1,20.01833,73.886036,gps,36.26,"Ward 11, Nashik-ish",ULB_NAS,W11,Ward 11,422001,nominatim,2025-05-22 05:39:21,tes9ck,True,2025-05-22 05:36:54,True,17,1,48,4,0,0,1,0,10.0,0.529,MEDIUM,-1
PGR202500662,portal,2025-02-06 06:31:47,Asia/Kolkata,citizen,True,1,"Good evening, for almost a week. the drain is blocked and water is stagnant. the complaint has been logged in the app. summer mein dikkat ho rahi hai. kripya madad kijiye.",hi,True,2025-02-06 06:33:38,asr_hi_v3,"good evening, for almost a week. the drain is blocked and water is stagnant. the complaint has been logged in the app. summer mein dikkat ho rahi hai. kripya madad kijiye.",171,31,grievance_general,information_request,0.45,grievance_general,0.4545,neutral,-0.0,low,0.25,1,20.034282,73.777536,reverse_geocode,5.64,"Ward 16, Nashik-ish",ULB_NAS,W16,Ward 16,422001,nominatim,2025-02-06 06:34:44,tes3yz,True,2025-02-06 06:31:47,True,19,1,96,4,0,0,1,0,10.0,0.369,MEDIUM,-1
PGR202500663,whatsapp,2025-03-03 08:39:23,Asia/Kolkata,citizen,True,1,"Ji, for 48 hours. We are experiencing resurfacing has been pending for many weeks. krupaya sahayya kara.",mr,True,2025-03-03 08:39:35,asr_mr_v3,"ji, for 48 hours. we are experiencing resurfacing has been pending for many weeks. krupaya sahayya kara.",104,17,grievance_general,information_request,0.45,grievance_general,0.6499,neutral,-0.0,low,0.25,1,19.946756,75.342742,photo_exif,119.01,"Ward 12, Aurangabad-ish",ULB_AUR,W12,Ward 12,431001,nominatim,2025-03-03 08:39:58,tet96r,True,2025-03-03 08:39:23,True,8,1,72,3,0,0,1,0,5.0,0.367,MEDIUM,-1
PGR202500664,whatsapp,2025-05-01 14:48:07,Asia/Kolkata,citizen,True,1,"Ji, for almost a week. I am reporting that a loose cable is creating a hazard. the complaint has been logged in the app. we also tried the IVR earlier. dayavittu sahaya maadi.",kn,True,2025-05-01 14:49:16,asr_kn_v3,"ji, for almost a week. i am reporting that a loose cable is creating a hazard. the complaint has been logged in the app. we also tried the ivr earlier. dayavittu sahaya maadi.",175,33,utilities_other,cable_hazard,0.75,utilities_other,0.7153,neutral,-0.0,low,0.25,1,19.940723,79.311747,manual,3.0,"Ward 05, Chandrapur-ish",ULB_CHD,W05,Ward 05,442401,nominatim,2025-05-01 14:49:45,tg83ky,True,2025-05-01 14:48:07,True,20,1,72,4,0,0,1,0,10.0,0.369,MEDIUM,-1
PGR202500665,mobile,2025-05-16 05:16:23,Asia/Kolkata,citizen,True,1,"Hello, for two days. I am reporting that resurfacing has been pending for many weeks. groundwater is very low this season. kripya madad kijiye.",hi,True,2025-05-16 05:16:56,asr_hi_v3,"hello, for two days. i am reporting that resurfacing has been pending for many weeks. groundwater is very low this season. kripya madad kijiye.",143,24,grievance_general,information_request,0.45,grievance_general,0.495,neutral,-0.0,low,0.25,1,19.846827,75.315139,reverse_geocode,17.28,"Ward 11, Aurangabad-ish",ULB_AUR,W11,Ward 11,431001,nominatim,2025-05-16 05:18:43,tet8cv,True,2025-05-16 05:16:23,True,18,1,48,5,0,0,0,0,11.0,0.29,LOW,-1
PGR202500666,mobile,2025-04-17 11:53:50,Asia/Kolkata,citizen,True,1,"Hi, since last night. I am reporting that we need information on the process. krupaya sahayya kara.",mr,True,2025-04-17 11:54:30,asr_mr_v3,"hi, since last night. i am reporting that we need information on the process. krupaya sahayya kara.",99,17,grievance_general,information_request,0.75,grievance_general,0.5435,neutral,-0.0,low,0.25,1,19.903176,75.258167,reverse_geocode,32.55,"Ward 15, Aurangabad-ish",ULB_AUR,W15,Ward 15,431001,nominatim,2025-04-17 11:54:11,tet90x,True,2025-04-17 11:53:50,True,9,2,48,5,1,0,0,0,8.0,0.458,MEDIUM,-1
PGR202500667,csc,2025-06-10 02:35:18,Asia/Kolkata,citizen,False,1,"Hi, for almost a week. I am reporting that tap pressure is very low. summer water crisis is likely so please plan supply. kripya madad kijiye.",hi,True,2025-06-10 02:36:38,asr_hi_v3,"hi, for almost a week. i am reporting that tap pressure is very low. summer water crisis is likely so please plan supply. kripya madad kijiye.",142,26,water_supply,no_supply,0.75,water_supply,0.4837,neutral,-0.0,low,0.25,1,20.052273,73.740241,reverse_geocode,13.48,"Ward 01, Nashik-ish",ULB_NAS,W01,Ward 01,422001,nominatim,2025-06-10 02:37:46,tes6n4,True,2025-06-10 02:35:18,True,10,1,72,5,1,0,0,0,12.0,0.57,MEDIUM,water_supply_13
PGR202500668,mobile,2025-06-18 20:11:02,Asia/Kolkata,citizen,True,1,"Hello, for two days. I am reporting that illegal parking is blocking the lane. krupaya sahayya kara.",mr,True,2025-06-18 20:12:01,asr_mr_v3,"hello, for two days. i am reporting that illegal parking is blocking the lane. krupaya sahayya kara.",100,17,traffic,illegal_parking,0.8999999999999999,traffic,0.908,neutral,-0.0,low,0.25,1,20.007631,73.729308,gps,16.26,"Ward 13, Nashik-ish",ULB_NAS,W13,Ward 13,422001,nominatim,2025-06-18 20:12:00,tes3vf,True,2025-06-18 20:11:02,True,16,1,72,5,1,0,0,0,10.0,0.409,MEDIUM,-1
PGR202500669,ivr,2025-02-20 19:34:12,Asia/Kolkata,citizen,True,1,"Good morning, since Monday. I am reporting that a service request has no update. the complaint has been logged in the app. tankers kab aayenge. kripya madad kijiye.",hi,True,2025-02-20 19:35:57,asr_hi_v3,"good morning, since monday. i am reporting that a service request has no update. the complaint has been logged in the app. tankers kab aayenge. kripya madad kijiye.",164,28,water_supply,no_supply,0.75,grievance_general,0.3248,neutral,-0.0,low,0.25,1,19.882913,75.39587,gps,150.18,"Ward 10, Aurangabad-ish",ULB_AUR,W10,Ward 10,431001,nominatim,2025-02-20 19:35:54,tet95e,True,2025-02-20 19:34:12,True,15,1,24,6,0,1,0,0,41.0,0.462,MEDIUM,-1
PGR202500670,portal,2025-06-23 21:02:22,Asia/Kolkata,citizen,False,1,"Ji, for 48 hours. Residents are reporting there is illegal construction on the terrace. please jaldi se kijiye. kripya madad kijiye.",hi,True,2025-06-23 21:02:45,asr_hi_v3,"ji, for 48 hours. residents are reporting there is illegal construction on the terrace. please jaldi se kijiye. kripya madad kijiye.",132,21,building_safety,illegal_construction,0.75,building_safety,0.6817,neutral,-0.0,low,0.25,1,19.929652,79.274512,reverse_geocode,10.27,"Ward 02, Chandrapur-ish",ULB_CHD,W02,Ward 02,442401,nominatim,2025-06-23 21:05:18,tg837u,True,2025-06-23 21:02:22,True,18,1,72,5,0,0,0,0,11.0,0.45,MEDIUM,-1
PGR202500671,mobile,2025-05-04 03:46:00,Asia/Kolkata,citizen,True,1,"Good evening, since Monday. I am reporting that an old building has a dangerous cracked wall. it feels like a drought and the borewell is almost dry. the complaint has been logged in the app. kripya madad kijiye.",hi,True,2025-05-04 03:46:47,asr_hi_v3,"good evening, since monday. i am reporting that an old building has a dangerous cracked wall. it feels like a drought and the borewell is almost dry. the complaint has been logged in the app. kripya madad kijiye.",212,38,building_safety,dangerous_structure,0.98,building_safety,0.6147,neutral,-0.18,low,0.43,1,19.833976,75.413623,reverse_geocode,46.37,"Ward 06, Aurangabad-ish",ULB_AUR,W06,Ward 06,431001,nominatim,2025-05-04 03:48:01,tet8u4,True,2025-05-04 03:46:00,True,19,1,72,3,0,0,1,0,3.0,0.566,MEDIUM,-1
PGR202500672,csc,2025-05-07 10:23:19,Asia/Kolkata,citizen,True,1,"Hi, for almost a week. I am reporting that the public toilet is not functioning. the complaint has been logged in the app. we also tried the IVR earlier. krupaya sahayya kara.",mr,True,2025-05-07 10:23:43,asr_mr_v3,"hi, for almost a week. i am reporting that the public toilet is not functioning. the complaint has been logged in the app. we also tried the ivr earlier. krupaya sahayya kara.",175,32,sanitation,public_toilet_faulty,0.75,sanitation,0.6773,neutral,-0.0,low,0.25,1,19.917471,79.366205,gps,21.09,"Ward 09, Chandrapur-ish",ULB_CHD,W09,Ward 09,442401,nominatim,2025-05-07 10:26:17,tg83q1,True,2025-05-07 10:23:19,True,20,1,24,5,0,0,0,0,11.0,0.45,MEDIUM,-1
PGR202500673,mobile,2025-02-15 06:20:40,Asia/Kolkata,citizen,True,1,"Hello, for two days. We are experiencing the community tap is dry in the morning. krupaya sahayya kara.",mr,True,2025-02-15 06:21:51,asr_mr_v3,"hello, for two days. we are experiencing the community tap is dry in the morning. krupaya sahayya kara.",103,18,water_supply,no_supply,0.75,water_supply,0.6512,neutral,-0.0,low,0.25,1,19.84968,75.287747,manual,4.97,"Ward 07, Aurangabad-ish",ULB_AUR,W07,Ward 07,431001,nominatim,2025-02-15 06:22:36,tet8cj,True,2025-02-15 06:20:40,True,20,1,24,3,0,0,1,0,6.0,0.527,MEDIUM,-1
PGR202500674,portal,2025-05-05 06:44:18,Asia/Kolkata,citizen,True,1,"Good evening, for the past three days. Residents are reporting the bin is overflowing and animals gather there. the complaint has been logged in the app. we also tried the IVR earlier. krupaya sahayya kara.",mr,True,2025-05-05 06:46:17,asr_mr_v3,"good evening, for the past three days. residents are reporting the bin is overflowing and animals gather there. the complaint has been logged in the app. we also tried the ivr earlier. krupaya sahayya kara.",206,35,drainage,manhole_overflow,0.75,drainage,0.7172,neutral,-0.18,medium,0.61,1,19.981823,79.320282,reverse_geocode,15.28,"Ward 06, Chandrapur-ish",ULB_CHD,W06,Ward 06,442401,nominatim,2025-05-05 06:45:11,tg83sv,True,2025-05-05 06:44:18,True,17,1,96,4,0,0,1,0,9.0,0.608,HIGH,-1
PGR202500675,portal,2025-05-20 20:34:33,Asia/Kolkata,citizen,True,1,"Hello, for two days. the pole looks damaged and wires are exposed. krupaya sahayya kara.",mr,True,2025-05-20 20:34:57,asr_mr_v3,"hello, for two days. the pole looks damaged and wires are exposed. krupaya sahayya kara.",88,15,utilities_other,cable_hazard,0.75,utilities_other,0.8418,neutral,-0.0,low,0.25,1,19.804692,75.441988,gps,3.96,"Ward 13, Aurangabad-ish",ULB_AUR,W13,Ward 13,431001,nominatim,2025-05-20 20:36:43,tet8st,True,2025-05-20 20:34:33,True,16,1,48,5,1,0,0,0,12.0,0.41,MEDIUM,-1
PGR202500676,portal,2025-04-29 02:50:52,Asia/Kolkata,citizen,True,1,"Namaste, since Monday. illegal parking is blocking the lane. kripya madad kijiye.",hi,True,2025-04-29 02:51:48,asr_hi_v3,"namaste, since monday. illegal parking is blocking the lane. kripya madad kijiye.",81,12,traffic,illegal_parking,0.8999999999999999,traffic,0.9127,neutral,-0.0,low,0.25,1,19.822163,75.320681,gps,4.79,"Ward 09, Aurangabad-ish",ULB_AUR,W09,Ward 09,431001,nominatim,2025-04-29 02:52:50,tet8cb,True,2025-04-29 02:50:52,True,17,1,24,5,1,0,0,0,13.0,0.41,MEDIUM,-1
PGR202500677,portal,2025-02-13 16:10:32,Asia/Kolkata,citizen,True,1,"Ji, for almost a week. Residents are reporting staff behaviour was unhelpful at the office. please help.",en,True,2025-02-13 16:12:02,asr_en_v3,"ji, for almost a week. residents are reporting staff behaviour was unhelpful at the office. please help.",104,17,grievance_general,staff_behavior,0.75,grievance_general,0.583,neutral,-0.18,low,0.25,1,19.933871,79.323414,gps,40.41,"Ward 10, Chandrapur-ish",ULB_CHD,W10,Ward 10,442401,nominatim,2025-02-13 16:11:41,tg83mh,True,2025-02-13 16:10:32,True,13,1,48,5,0,0,0,0,13.0,0.29,LOW,grievance_general_2
PGR202500678,portal,2025-04-20 11:37:07,Asia/Kolkata,citizen,True,1,"Good evening, for almost a week. We are experiencing tap pressure is very low. krupaya sahayya kara.",mr,True,2025-04-20 11:38:03,asr_mr_v3,"good evening, for almost a week. we are experiencing tap pressure is very low. krupaya sahayya kara.",100,17,water_supply,no_supply,0.75,water_supply,0.5914,neutral,-0.0,low,0.25,1,20.067817,73.701218,gps,17.86,"Ward 16, Nashik-ish",ULB_NAS,W16,Ward 16,422001,nominatim,2025-04-20 11:37:39,tes6jj,True,2025-04-20 11:37:07,True,19,1,48,5,1,0,0,0,13.0,0.57,MEDIUM,-1
PGR202500679,whatsapp,2025-06-21 09:22:59,Asia/Kolkata,citizen,True,1,"Good morning, for almost a week. I am reporting that resurfacing has been pending for many weeks. the complaint has been logged in the app. krupaya sahayya kara.",mr,True,2025-06-21 09:23:57,asr_mr_v3,"good morning, for almost a week. i am reporting that resurfacing has been pending for many weeks. the complaint has been logged in the app. krupaya sahayya kara.",161,28,grievance_general,information_request,0.45,grievance_general,0.5943,neutral,-0.0,low,0.25,1,20.089871,73.829198,gps,48.36,"Ward 02, Nashik-ish",ULB_NAS,W02,Ward 02,422001,nominatim,2025-06-21 09:25:02,tesd21,True,2025-06-21 09:22:59,True,16,1,72,4,0,0,1,0,8.0,0.368,MEDIUM,grievance_general_12
PGR202500680,whatsapp,2025-05-20 12:17:57,Asia/Kolkata,citizen,True,1,"Hi, since yesterday. staff behaviour was unhelpful at the office. pani ki kami ho rahi hai please arrange tankers. kirpa karke madad karo.",pa,True,2025-05-20 12:18:57,asr_pa_v3,"hi, since yesterday. staff behaviour was unhelpful at the office. pani ki kami ho rahi hai please arrange tankers. kirpa karke madad karo.",138,23,water_supply,no_supply,0.8999999999999999,water_supply,0.4871,negative,-0.36,low,0.25,1,20.013091,79.372608,gps,18.57,"Ward 08, Chandrapur-ish",ULB_CHD,W08,Ward 08,442401,nominatim,2025-05-20 12:19:49,tg83y5,True,2025-05-20 12:17:57,True,14,1,48,5,0,1,0,0,58.0,0.469,MEDIUM,-1
PGR202500681,portal,2025-02-21 14:40:06,Asia/Kolkata,citizen,True,1,"Hi, since yesterday. the whole stretch is dark after evening. the complaint has been logged in the app. krupaya sahayya kara.",mr,True,2025-02-21 14:41:47,asr_mr_v3,"hi, since yesterday. the whole stretch is dark after evening. the complaint has been logged in the app. krupaya sahayya kara.",125,21,grievance_general,information_request,0.45,grievance_general,0.6019,neutral,-0.0,low,0.25,1,20.089176,73.8202,gps,19.46,"Ward 02, Nashik-ish",ULB_NAS,W02,Ward 02,422001,nominatim,2025-02-21 14:42:29,tes6rc,True,2025-02-21 14:40:06,True,16,1,96,7,0,1,0,0,32.0,0.298,LOW,grievance_general_12
PGR202500682,mobile,2025-06-24 23:46:42,Asia/Kolkata,citizen,True,1,"Ji, for the past three days. I am reporting that an illegal dumpsite is growing near the corner. we also tried the IVR earlier. krupaya sahayya kara.",mr,True,2025-06-24 23:47:07,asr_mr_v3,"ji, for the past three days. i am reporting that an illegal dumpsite is growing near the corner. we also tried the ivr earlier. krupaya sahayya kara.",149,27,solid_waste,dumpsite,0.75,solid_waste,0.7373,neutral,-0.0,low,0.43,1,19.853596,75.338583,gps,29.61,"Ward 19, Aurangabad-ish",ULB_AUR,W19,Ward 19,431001,nominatim,2025-06-24 23:47:22,tet8fq,True,2025-06-24 23:46:42,True,12,1,48,4,0,0,1,0,12.0,0.41,MEDIUM,-1
PGR202500683,portal,2025-06-24 19:58:07,Asia/Kolkata,citizen,False,1,"Hi, since yesterday. I am reporting that staff behaviour was unhelpful at the office. the complaint has been logged in the app. please help.",en,True,2025-06-24 19:58:28,asr_en_v3,"hi, since yesterday. i am reporting that staff behaviour was unhelpful at the office. the complaint has been logged in the app. please help.",140,24,grievance_general,staff_behavior,0.75,grievance_general,0.5592,neutral,-0.18,low,0.25,1,19.972125,79.31404,reverse_geocode,20.09,"Ward 04, Chandrapur-ish",ULB_CHD,W04,Ward 04,442401,nominatim,2025-06-24 19:59:53,tg83sg,True,2025-06-24 19:58:07,True,19,1,24,5,0,0,0,0,14.0,0.291,LOW,grievance_general_7
PGR202500684,whatsapp,2025-02-26 09:49:25,Asia/Kolkata,citizen,True,1,"Good morning, since last night. I am reporting that the whole stretch is dark after evening. krupaya sahayya kara.",mr,True,2025-02-26 09:51:09,asr_mr_v3,"good morning, since last night. i am reporting that the whole stretch is dark after evening. krupaya sahayya kara.",114,19,grievance_general,information_request,0.45,grievance_general,0.6242,neutral,-0.0,low,0.25,1,19.909751,75.26837,reverse_geocode,23.07,"Ward 17, Aurangabad-ish",ULB_AUR,W17,Ward 17,431001,nominatim,2025-02-26 09:51:55,tet92b,True,2025-02-26 09:49:25,True,12,1,48,6,1,1,0,0,35.0,0.42,MEDIUM,-1
PGR202500685,mobile,2025-06-01 03:10:58,Asia/Kolkata,citizen,True,1,"Namaste, for 48 hours. the wash area is broken and unclean. please help.",en,True,2025-06-01 03:12:40,asr_en_v3,"namaste, for 48 hours. the wash area is broken and unclean. please help.",72,13,grievance_general,information_request,0.45,grievance_general,0.493,negative,-0.36,low,0.25,1,19.924498,75.290838,gps,19.27,"Ward 04, Aurangabad-ish",ULB_AUR,W04,Ward 04,431001,nominatim,2025-06-01 03:13:40,tet937,True,2025-06-01 03:10:58,True,13,2,24,5,1,0,0,0,6.0,0.457,MEDIUM,-1
PGR202500686,portal,2025-04-03 00:10:53,Asia/Kolkata,agent,True,1,"Good evening, since Monday. I am reporting that a loose cable is creating a hazard. kripya madad kijiye.",hi,True,2025-04-03 00:11:12,asr_hi_v3,"good evening, since monday. i am reporting that a loose cable is creating a hazard. kripya madad kijiye.",104,18,utilities_other,cable_hazard,0.75,utilities_other,0.8207,neutral,-0.0,low,0.25,1,20.091592,73.731109,gps,42.29,"Ward 07, Nashik-ish",ULB_NAS,W07,Ward 07,422001,nominatim,2025-04-03 00:13:43,tes6mc,True,2025-04-03 00:10:53,True,7,1,48,4,0,0,1,0,9.0,0.369,MEDIUM,-1
PGR202500687,portal,2025-05-01 01:15:18,Asia/Kolkata,citizen,True,1,"Hello, since last night. We are experiencing the signal is not working at the junction. we also tried the IVR earlier. pressure bahut kam hai. dayavittu sahaya maadi.",kn,True,2025-05-01 01:15:24,asr_kn_v3,"hello, since last night. we are experiencing the signal is not working at the junction. we also tried the ivr earlier. pressure bahut kam hai. dayavittu sahaya maadi.",166,28,grievance_general,information_request,0.45,grievance_general,0.3349,neutral,-0.0,low,0.25,1,19.969375,73.862375,gps,34.47,"Ward 13, Nashik-ish",ULB_NAS,W13,Ward 13,422001,nominatim,2025-05-01 01:16:11,tes98g,True,2025-05-01 01:15:18,True,16,1,48,3,0,0,1,0,4.0,0.367,MEDIUM,grievance_general_6
PGR202500688,mobile,2025-04-08 18:40:14,Asia/Kolkata,citizen,True,1,"Ji, for 48 hours. We are experiencing a license check is required for these stalls. dayavittu sahaya maadi.",kn,True,2025-04-08 18:41:53,asr_kn_v3,"ji, for 48 hours. we are experiencing a license check is required for these stalls. dayavittu sahaya maadi.",107,18,markets,license_check,0.75,markets,0.8682,neutral,-0.0,low,0.25,1,20.072805,73.847752,gps,3.0,"Ward 17, Nashik-ish",ULB_NAS,W17,Ward 17,422001,nominatim,2025-04-08 18:41:01,tesd0q,True,2025-04-08 18:40:14,True,20,1,48,3,0,0,1,0,10.0,0.369,MEDIUM,-1
PGR202500689,portal,2025-05-29 09:26:47,Asia/Kolkata,citizen,True,1,"Namaste, since last night. I am reporting that a service request has no update. krupaya sahayya kara.",mr,True,2025-05-29 09:27:56,asr_mr_v3,"namaste, since last night. i am reporting that a service request has no update. krupaya sahayya kara.",101,17,grievance_general,information_request,0.45,grievance_general,0.5543,neutral,-0.0,low,0.25,1,20.014474,79.290581,gps,38.63,"Ward 04, Chandrapur-ish",ULB_CHD,W04,Ward 04,442401,nominatim,2025-05-29 09:28:39,tg83u7,True,2025-05-29 09:26:47,True,19,2,48,5,0,0,0,0,12.0,0.34,LOW,-1
PGR202500690,mobile,2025-06-30 11:58:30,Asia/Kolkata,citizen,False,1,"Ji, since last night. Residents are reporting play equipment is broken in the park. krupaya sahayya kara.",mr,True,2025-06-30 11:59:06,asr_mr_v3,"ji, since last night. residents are reporting play equipment is broken in the park. krupaya sahayya kara.",105,17,parks,broken_play_equipment,0.75,parks,0.8299,neutral,-0.18,low,0.25,1,20.073997,73.770408,gps,16.07,"Ward 05, Nashik-ish",ULB_NAS,W05,Ward 05,422001,nominatim,2025-06-30 12:00:04,tes6nw,True,2025-06-30 11:58:30,True,23,1,48,5,0,0,0,0,10.0,0.289,LOW,-1
PGR202500691,csc,2025-05-31 06:24:47,Asia/Kolkata,citizen,True,1,"Good evening, for two days. Residents are reporting an electrical cabinet is open near the path. it feels like a drought and the borewell is almost dry. pani nahiye. krupaya sahayya kara.",mr,True,2025-05-31 06:26:36,asr_mr_v3,"good evening, for two days. residents are reporting an electrical cabinet is open near the path. it feels like a drought and the borewell is almost dry. pani nahiye. krupaya sahayya kara.",187,32,grievance_general,information_request,0.45,grievance_general,0.4058,neutral,-0.18,low,0.25,1,19.88061,75.33912,gps,6.43,"Ward 18, Aurangabad-ish",ULB_AUR,W18,Ward 18,431001,nominatim,2025-05-31 06:25:44,tet947,True,2025-05-31 06:24:47,True,13,1,48,3,0,0,1,0,2.0,0.366,MEDIUM,-1
PGR202500692,csc,2025-06-20 16:56:12,Asia/Kolkata,citizen,True,1,"Good morning, in Chandrapur near Ward 07, for the past three days. I am reporting that the streetlight near our lane is not working. kripya madad kijiye.",hi,True,2025-06-20 16:57:26,asr_hi_v3,"good morning, in chandrapur near ward 07, for the past three days. i am reporting that the streetlight near our lane is not working. kripya madad kijiye.",153,27,streetlights,lamp_faulty,0.75,streetlights,0.7757,neutral,-0.0,low,0.43,1,19.880819,79.336169,photo_exif,22.96,"Ward 07, Chandrapur-ish",ULB_CHD,W07,Ward 07,442401,nominatim,2025-06-20 16:56:48,tg83j7,True,2025-06-20 16:56:12,True,16,1,24,5,0,0,0,0,13.0,0.33,LOW,-1
PGR202500693,csc,2025-06-22 21:41:49,Asia/Kolkata,agent,True,1,"Ji, for the past three days. We are experiencing we suspect a pipeline leak nearby. the complaint has been logged in the app. krupaya sahayya kara.",mr,True,2025-06-22 21:43:21,asr_mr_v3,"ji, for the past three days. we are experiencing we suspect a pipeline leak nearby. the complaint has been logged in the app. krupaya sahayya kara.",147,26,water_supply,burst_pipeline,0.75,water_supply,0.5568,neutral,-0.0,low,0.43,1,19.912126,75.28491,gps,16.96,"Ward 05, Aurangabad-ish",ULB_AUR,W05,Ward 05,431001,nominatim,2025-06-22 21:42:31,tet930,True,2025-06-22 21:41:49,True,17,1,24,5,1,0,0,0,16.0,0.611,HIGH,-1
PGR202500694,portal,2025-02-14 12:22:46,Asia/Kolkata,contractor,True,1,"Namaste, for 48 hours. I am reporting that there is no water in the tap. pani ki kami ho rahi hai please arrange tankers. the complaint has been logged in the app. krupaya sahayya kara.",mr,True,2025-02-14 12:23:07,asr_mr_v3,"namaste, for 48 hours. i am reporting that there is no water in the tap. pani ki kami ho rahi hai please arrange tankers. the complaint has been logged in the app. krupaya sahayya kara.",185,35,water_supply,no_supply,0.98,water_supply,0.8195,negative,-0.36,low,0.43,1,19.939748,75.35608,manual,43.08,"Ward 15, Aurangabad-ish",ULB_AUR,W15,Ward 15,431001,nominatim,2025-02-14 12:24:00,tet96v,True,2025-02-14 12:22:46,True,9,1,48,4,0,0,1,0,8.0,0.568,MEDIUM,-1
PGR202500695,mobile,2025-03-11 00:10:48,Asia/Kolkata,citizen,True,1,"Namaste, since last night. I am reporting that we suspect a pipeline leak nearby. krupaya sahayya kara.",mr,True,2025-03-11 00:11:20,asr_mr_v3,"namaste, since last night. i am reporting that we suspect a pipeline leak nearby. krupaya sahayya kara.",103,17,water_supply,burst_pipeline,0.75,water_supply,0.5596,neutral,-0.0,low,0.25,1,19.826737,75.37919,gps,25.11,"Ward 02, Aurangabad-ish",ULB_AUR,W02,Ward 02,431001,nominatim,2025-03-11 00:13:06,tet8g3,True,2025-03-11 00:10:48,True,14,1,24,7,1,1,0,0,46.0,0.584,MEDIUM,water_supply_6
PGR202500696,portal,2025-05-20 06:41:00,Asia/Kolkata,citizen,True,1,"Namaste, for 48 hours. Residents are reporting a service request has no update. krupaya sahayya kara.",mr,True,2025-05-20 06:41:07,asr_mr_v3,"namaste, for 48 hours. residents are reporting a service request has no update. krupaya sahayya kara.",101,16,grievance_general,information_request,0.45,grievance_general,0.5556,neutral,-0.0,low,0.25,1,19.978788,73.712707,gps,23.08,"Ward 18, Nashik-ish",ULB_NAS,W18,Ward 18,422001,nominatim,2025-05-20 06:41:30,tes3tm,True,2025-05-20 06:41:00,True,16,1,72,3,0,0,1,0,2.0,0.366,MEDIUM,-1
PGR202500697,csc,2025-04-30 12:16:23,Asia/Kolkata,citizen,True,1,"Good morning, for almost a week. we suspect a pipeline leak nearby. krupaya sahayya kara.",mr,True,2025-04-30 12:18:20,asr_mr_v3,"good morning, for almost a week. we suspect a pipeline leak nearby. krupaya sahayya kara.",89,15,water_supply,burst_pipeline,0.75,water_supply,0.6047,neutral,-0.0,low,0.25,1,20.052797,73.722139,manual,33.51,"Ward 18, Nashik-ish",ULB_NAS,W18,Ward 18,422001,nominatim,2025-04-30 12:16:59,tes6jd,True,2025-04-30 12:16:23,True,16,1,24,4,0,0,1,0,7.0,0.528,MEDIUM,water_supply_13
PGR202500698,portal,2025-02-08 12:31:34,Asia/Kolkata,citizen,False,1,"Good evening, since last night. We are experiencing there are big potholes on the road. the complaint has been logged in the app. kripya madad kijiye.",hi,True,2025-02-08 12:31:47,asr_hi_v3,"good evening, since last night. we are experiencing there are big potholes on the road. the complaint has been logged in the app. kripya madad kijiye.",150,26,roads,potholes,0.75,roads,0.8039,neutral,-0.0,low,0.25,1,19.965933,73.847989,gps,36.39,"Ward 18, Nashik-ish",ULB_NAS,W18,Ward 18,422001,nominatim,2025-02-08 12:32:36,tes986,True,2025-02-08 12:31:34,True,16,1,72,4,0,0,1,0,9.0,0.369,MEDIUM,-1
PGR202500699,ivr,2025-02-15 06:10:37,Asia/Kolkata,citizen,False,1,"Good morning, for two days. Residents are reporting the grass is drying up because irrigation is off. kripya madad kijiye.",hi,True,2025-02-15 06:11:35,asr_hi_v3,"good morning, for two days. residents are reporting the grass is drying up because irrigation is off. kripya madad kijiye.",122,20,parks,lawn_irrigation,0.75,parks,0.8298,neutral,-0.0,low,0.25,1,19.80828,75.411954,reverse_geocode,31.75,"Ward 06, Aurangabad-ish",ULB_AUR,W06,Ward 06,431001,nominatim,2025-02-15 06:13:16,tet8sj,True,2025-02-15 06:10:37,True,19,1,24,4,1,0,1,0,11.0,0.49,MEDIUM,-1
PGR202500700,mobile,2025-04-20 01:58:13,Asia/Kolkata,contractor,True,1,"Namaste, for 48 hours. I am reporting that illegal parking is blocking the lane. the complaint has been logged in the app. krupaya sahayya kara.",mr,True,2025-04-20 01:58:33,asr_mr_v3,"namaste, for 48 hours. i am reporting that illegal parking is blocking the lane. the complaint has been logged in the app. krupaya sahayya kara.",144,25,traffic,illegal_parking,0.8999999999999999,traffic,0.8669,neutral,-0.0,low,0.25,1,19.919422,75.278279,photo_exif,41.29,"Ward 03, Aurangabad-ish",ULB_AUR,W03,Ward 03,431001,nominatim,2025-04-20 02:01:11,tet92f,True,2025-04-20 01:58:13,True,19,1,72,3,1,0,1,0,2.0,0.486,MEDIUM,-1
PGR202500701,ivr,2025-05-04 10:11:46,Asia/Kolkata,citizen,True,1,"Good morning, for the past three days. We are experiencing the road surface is broken at the crossing. the complaint has been logged in the app. krupaya sahayya kara.",mr,True,2025-05-04 10:12:49,asr_mr_v3,"good morning, for the past three days. we are experiencing the road surface is broken at the crossing. the complaint has been logged in the app. krupaya sahayya kara.",166,29,roads,resurfacing,0.75,roads,0.7242,neutral,-0.18,low,0.43,1,20.027757,73.719325,reverse_geocode,29.13,"Ward 09, Nashik-ish",ULB_NAS,W09,Ward 09,422001,nominatim,2025-05-04 10:13:16,tes3vt,True,2025-05-04 10:11:46,True,18,1,24,4,0,0,1,0,6.0,0.407,MEDIUM,-1
PGR202500702,mobile,2025-02-26 03:47:22,Asia/Kolkata,citizen,True,1,"Namaste, for 48 hours. We are experiencing the grass is drying up because irrigation is off. pani ki kami ho rahi hai please arrange tankers. the complaint has been logged in the app. krupaya sahayya kara.",mr,True,2025-02-26 03:48:13,asr_mr_v3,"namaste, for 48 hours. we are experiencing the grass is drying up because irrigation is off. pani ki kami ho rahi hai please arrange tankers. the complaint has been logged in the app. krupaya sahayya kara.",205,36,water_supply,no_supply,0.8999999999999999,parks,0.4338,neutral,-0.18,low,0.25,1,19.894886,75.262586,gps,22.51,"Ward 07, Aurangabad-ish",ULB_AUR,W07,Ward 07,431001,nominatim,2025-02-26 03:47:49,tet90t,True,2025-02-26 03:47:22,True,20,1,72,6,1,1,0,0,18.0,0.572,MEDIUM,-1
PGR202500703,mobile,2025-02-26 16:38:55,Asia/Kolkata,citizen,False,1,"Good evening, since yesterday. the septic tank has overflowed onto the street. krupaya tatkal karyavahi kara. krupaya sahayya kara.",mr,True,2025-02-26 16:40:41,asr_mr_v3,"good evening, since yesterday. the septic tank has overflowed onto the street. krupaya tatkal karyavahi kara. krupaya sahayya kara.",131,19,sanitation,septic_overflow,0.75,sanitation,0.7227,neutral,-0.18,low,0.43,1,20.091672,73.741546,gps,38.59,"Ward 20, Nashik-ish",ULB_NAS,W20,Ward 20,422001,nominatim,2025-02-26 16:39:16,tes6q1,True,2025-02-26 16:38:55,True,11,1,24,3,0,0,1,0,6.0,0.567,MEDIUM,-1
PGR202500704,portal,2025-02-20 09:37:29,Asia/Kolkata,citizen,True,1,"Hello, for 48 hours. We are experiencing the grass is drying up because irrigation is off. we also tried the IVR earlier. kripya madad kijiye.",hi,True,2025-02-20 09:38:47,asr_hi_v3,"hello, for 48 hours. we are experiencing the grass is drying up because irrigation is off. we also tried the ivr earlier. kripya madad kijiye.",142,25,parks,lawn_irrigation,0.75,parks,0.7637,neutral,-0.0,low,0.25,1,20.052434,73.725658,gps,18.64,"Ward 13, Nashik-ish",ULB_NAS,W13,Ward 13,422001,nominatim,2025-02-20 09:40:06,tes6jd,True,2025-02-20 09:37:29,True,16,1,48,4,0,0,1,0,11.0,0.37,MEDIUM,-1
PGR202500705,mobile,2025-04-26 17:49:19,Asia/Kolkata,citizen,True,1,"Hi, since Monday. Residents are reporting an old building has a dangerous cracked wall. we also tried the IVR earlier. paani nahi aa raha hai. please help.",en,True,2025-04-26 17:49:33,asr_en_v3,"hi, since monday. residents are reporting an old building has a dangerous cracked wall. we also tried the ivr earlier. paani nahi aa raha hai. please help.",155,27,building_safety,dangerous_structure,0.98,building_safety,0.6489,negative,-0.54,low,0.43,1,19.909344,79.317642,gps,20.5,"Ward 19, Chandrapur-ish",ULB_CHD,W19,Ward 19,442401,nominatim,2025-04-26 17:50:50,tg83kb,True,2025-04-26 17:49:19,True,15,1,24,4,0,0,1,0,4.0,0.566,MEDIUM,-1
PGR202500706,mobile,2025-02-02 04:16:23,Asia/Kolkata,contractor,True,1,"Good evening, since last night. staff behaviour was unhelpful at the office. we also tried the IVR earlier. krupaya sahayya kara.",mr,True,2025-02-02 04:16:45,asr_mr_v3,"good evening, since last night. staff behaviour was unhelpful at the office. we also tried the ivr earlier. krupaya sahayya kara.",129,21,grievance_general,staff_behavior,0.75,grievance_general,0.5702,neutral,-0.18,low,0.25,1,20.035964,73.899773,gps,45.82,"Ward 16, Nashik-ish",ULB_NAS,W16,Ward 16,422001,nominatim,2025-02-02 04:16:55,tes9cx,True,2025-02-02 04:16:23,True,19,1,72,5,1,0,0,0,12.0,0.41,MEDIUM,-1
PGR202500707,mobile,2025-04-27 20:44:58,Asia/Kolkata,citizen,True,1,"Good evening, since yesterday. we suspect a pipeline leak nearby. summer water crisis is likely so please plan supply. the complaint has been logged in the app. krupaya sahayya kara.",mr,True,2025-04-27 20:46:34,asr_mr_v3,"good evening, since yesterday. we suspect a pipeline leak nearby. summer water crisis is likely so please plan supply. the complaint has been logged in the app. krupaya sahayya kara.",182,30,water_supply,burst_pipeline,0.75,water_supply,0.4606,neutral,-0.0,low,0.25,1,19.953889,73.700063,manual,44.33,"Ward 15, Nashik-ish",ULB_NAS,W15,Ward 15,422001,nominatim,2025-04-27 20:47:31,tes3t0,True,2025-04-27 20:44:58,True,14,1,48,4,0,0,1,0,7.0,0.528,MEDIUM,-1
PGR202500708,portal,2025-04-13 09:20:34,Asia/Kolkata,citizen,True,1,"Namaste, since last night. tap pressure is very low. it feels like a drought and the borewell is almost dry. the complaint has been logged in the app. kripya madad kijiye.",hi,True,2025-04-13 09:20:55,asr_hi_v3,"namaste, since last night. tap pressure is very low. it feels like a drought and the borewell is almost dry. the complaint has been logged in the app. kripya madad kijiye.",171,31,water_supply,no_supply,0.75,water_supply,0.5541,neutral,-0.0,low,0.25,1,19.852555,75.323231,reverse_geocode,19.88,"Ward 03, Aurangabad-ish",ULB_AUR,W03,Ward 03,431001,nominatim,2025-04-13 09:22:18,tet8fn,True,2025-04-13 09:20:34,True,19,1,96,4,1,0,1,0,12.0,0.65,HIGH,-1
PGR202500709,csc,2025-04-11 21:32:47,Asia/Kolkata,citizen,False,1,"Hi, for almost a week. I am reporting that hawkers have encroached on the footpath. the complaint has been logged in the app. please help.",en,True,2025-04-11 21:33:00,asr_en_v3,"hi, for almost a week. i am reporting that hawkers have encroached on the footpath. the complaint has been logged in the app. please help.",138,25,grievance_general,information_request,0.45,grievance_general,0.4363,neutral,-0.18,low,0.25,1,19.932576,75.432517,gps,13.2,"Ward 02, Aurangabad-ish",ULB_AUR,W02,Ward 02,431001,nominatim,2025-04-11 21:34:02,tet9ks,True,2025-04-11 21:32:47,True,14,1,48,4,0,0,1,0,8.0,0.368,MEDIUM,grievance_general_4
PGR202500710,mobile,2025-05-13 21:23:39,Asia/Kolkata,agent,True,1,"Good morning, in Chandrapur near Ward 01, for the past three days. We are experiencing garbage pickup has been missed repeatedly. please help.",en,True,2025-05-13 21:24:57,asr_en_v3,"good morning, in chandrapur near ward 01, for the past three days. we are experiencing garbage pickup has been missed repeatedly. please help.",142,23,solid_waste,missed_pickup,0.75,solid_waste,0.6395,negative,-0.54,low,0.43,1,20.003273,79.271477,gps,112.35,"Ward 01, Chandrapur-ish",ULB_CHD,W01,Ward 01,442401,nominatim,2025-05-13 21:25:11,tg83gc,True,2025-05-13 21:23:39,True,20,1,48,4,1,0,1,0,13.0,0.53,MEDIUM,-1
PGR202500711,portal,2025-04-20 09:28:27,Asia/Kolkata,citizen,False,1,"Good morning, since yesterday. an old building has a dangerous cracked wall. kirpa karke madad karo.",pa,True,2025-04-20 09:28:58,asr_pa_v3,"good morning, since yesterday. an old building has a dangerous cracked wall. kirpa karke madad karo.",100,16,building_safety,dangerous_structure,0.98,building_safety,0.7815,neutral,-0.18,low,0.43,1,20.011816,73.849177,reverse_geocode,32.01,"Ward 12, Nashik-ish",ULB_NAS,W12,Ward 12,422001,nominatim,2025-04-20 09:29:23,tes9b7,True,2025-04-20 09:28:27,True,12,1,72,3,1,0,1,0,4.0,0.686,HIGH,-1
PGR202500712,csc,2025-05-21 03:53:43,Asia/Kolkata,citizen,True,1,"Ji, for the past three days. I am reporting that the community tap is dry in the morning. pani ki kami ho rahi hai please arrange tankers. krupaya sahayya kara.",mr,True,2025-05-21 03:54:23,asr_mr_v3,"ji, for the past three days. i am reporting that the community tap is dry in the morning. pani ki kami ho rahi hai please arrange tankers. krupaya sahayya kara.",160,30,water_supply,no_supply,0.98,water_supply,0.8561,neutral,-0.18,low,0.43,1,19.846892,75.382648,manual,24.73,"Ward 05, Aurangabad-ish",ULB_AUR,W05,Ward 05,431001,nominatim,2025-05-21 03:56:32,tet8gm,True,2025-05-21 03:53:43,True,17,1,24,5,1,0,0,0,13.0,0.61,HIGH,water_supply_6
PGR202500713,mobile,2025-05-26 14:07:26,Asia/Kolkata,citizen,True,1,"Good morning, for almost a week. I am reporting that play equipment is broken in the park. groundwater is very low this season. pressure bahut kam hai. kripya madad kijiye.",hi,True,2025-05-26 14:08:39,asr_hi_v3,"good morning, for almost a week. i am reporting that play equipment is broken in the park. groundwater is very low this season. pressure bahut kam hai. kripya madad kijiye.",172,30,parks,broken_play_equipment,0.75,parks,0.6681,neutral,-0.18,low,0.25,1,19.985571,73.764684,gps,15.17,"Ward 20, Nashik-ish",ULB_NAS,W20,Ward 20,422001,nominatim,2025-05-26 14:09:52,tes3ww,True,2025-05-26 14:07:26,True,11,1,48,4,1,0,1,0,8.0,0.488,MEDIUM,-1
PGR202500714,mobile,2025-06-19 00:25:25,Asia/Kolkata,citizen,True,1,"Namaste, since last night. I am reporting that the signal is not working at the junction. the complaint has been logged in the app. kripya madad kijiye.",hi,True,2025-06-19 00:26:21,asr_hi_v3,"namaste, since last night. i am reporting that the signal is not working at the junction. the complaint has been logged in the app. kripya madad kijiye.",152,27,grievance_general,information_request,0.45,grievance_general,0.4072,neutral,-0.0,low,0.25,1,20.079064,73.750102,gps,24.98,"Ward 03, Nashik-ish",ULB_NAS,W03,Ward 03,422001,nominatim,2025-06-19 00:26:16,tes6np,True,2025-06-19 00:25:25,True,10,1,24,4,0,0,1,0,8.0,0.368,MEDIUM,-1
PGR202500715,ivr,2025-05-31 21:16:50,Asia/Kolkata,agent,True,1,"Hello, for two days. I am reporting that we suspect a pipeline leak nearby. kirpa karke madad karo.",pa,True,2025-05-31 21:16:57,asr_pa_v3,"hello, for two days. i am reporting that we suspect a pipeline leak nearby. kirpa karke madad karo.",99,18,water_supply,burst_pipeline,0.75,water_supply,0.4911,neutral,-0.0,low,0.25,1,19.944649,75.311252,manual,19.67,"Ward 19, Aurangabad-ish",ULB_AUR,W19,Ward 19,431001,nominatim,2025-05-31 21:19:07,tet93w,True,2025-05-31 21:16:50,True,12,2,48,3,0,0,1,0,8.0,0.578,MEDIUM,water_supply_4
PGR202500716,csc,2025-04-19 15:44:31,Asia/Kolkata,citizen,True,1,"Hi, for almost a week. the grass is drying up because irrigation is off. summer water crisis is likely so please plan supply. the complaint has been logged in the app. krupaya sahayya kara.",mr,True,2025-04-19 15:46:29,asr_mr_v3,"hi, for almost a week. the grass is drying up because irrigation is off. summer water crisis is likely so please plan supply. the complaint has been logged in the app. krupaya sahayya kara.",189,34,parks,lawn_irrigation,0.75,parks,0.7995,neutral,-0.0,low,0.25,1,19.953529,73.75098,manual,10.03,"Ward 14, Nashik-ish",ULB_NAS,W14,Ward 14,422001,nominatim,2025-04-19 15:45:19,tes3w0,True,2025-04-19 15:44:31,True,15,1,24,5,1,0,0,0,11.0,0.41,MEDIUM,-1
PGR202500717,portal,2025-04-15 19:45:05,Asia/Kolkata,contractor,True,1,"Good morning, for two days. the road surface is broken at the crossing. it feels like a drought and the borewell is almost dry. kripya madad kijiye.",hi,True,2025-04-15 19:45:17,asr_hi_v3,"good morning, for two days. the road surface is broken at the crossing. it feels like a drought and the borewell is almost dry. kripya madad kijiye.",148,27,roads,resurfacing,0.75,roads,0.6234,neutral,-0.18,low,0.25,1,19.825681,75.351365,manual,21.94,"Ward 03, Aurangabad-ish",ULB_AUR,W03,Ward 03,431001,nominatim,2025-04-15 19:46:37,tet8f9,True,2025-04-15 19:45:05,True,19,1,48,4,0,0,1,0,9.0,0.369,MEDIUM,-1
PGR202500718,csc,2025-03-08 08:33:03,Asia/Kolkata,citizen,True,1,"Hello, since yesterday. We are experiencing the public toilet is not functioning. the complaint has been logged in the app. kripya madad kijiye.",hi,True,2025-03-08 08:33:53,asr_hi_v3,"hello, since yesterday. we are experiencing the public toilet is not functioning. the complaint has been logged in the app. kripya madad kijiye.",144,23,sanitation,public_toilet_faulty,0.75,sanitation,0.7906,neutral,-0.0,low,0.25,1,19.966907,73.82521,gps,23.98,"Ward 02, Nashik-ish",ULB_NAS,W02,Ward 02,422001,nominatim,2025-03-08 08:35:22,tes3xf,True,2025-03-08 08:33:03,True,16,1,48,3,0,0,1,0,6.0,0.527,MEDIUM,-1
PGR202500719,mobile,2025-05-01 22:32:10,Asia/Kolkata,citizen,True,1,"Hi, for almost a week. tap pressure is very low. groundwater is very low this season. the complaint has been logged in the app. krupaya sahayya kara.",mr,True,2025-05-01 22:33:36,asr_mr_v3,"hi, for almost a week. tap pressure is very low. groundwater is very low this season. the complaint has been logged in the app. krupaya sahayya kara.",149,27,water_supply,no_supply,0.75,water_supply,0.5985,neutral,-0.0,low,0.25,1,20.002486,79.304378,gps,14.37,"Ward 08, Chandrapur-ish",ULB_CHD,W08,Ward 08,442401,nominatim,2025-05-01 22:32:35,tg83u9,True,2025-05-01 22:32:10,True,14,1,48,3,0,0,1,0,3.0,0.526,MEDIUM,water_supply_8
PGR202500720,mobile,2025-02-21 20:53:15,Asia/Kolkata,citizen,True,1,"Ji, for 48 hours. We are experiencing the community tap is dry in the morning. the complaint has been logged in the app. paani nahi aa raha hai. kripya madad kijiye.",hi,True,2025-02-21 20:54:35,asr_hi_v3,"ji, for 48 hours. we are experiencing the community tap is dry in the morning. the complaint has been logged in the app. paani nahi aa raha hai. kripya madad kijiye.",165,31,water_supply,no_supply,0.8999999999999999,water_supply,0.8012,neutral,-0.18,low,0.25,1,19.975274,73.780005,gps,33.56,"Ward 07, Nashik-ish",ULB_NAS,W07,Ward 07,422001,nominatim,2025-02-21 20:55:31,tes3wu,True,2025-02-21 20:53:15,True,7,1,24,4,0,0,1,0,10.0,0.529,MEDIUM,-1
PGR202500721,portal,2025-06-20 16:27:00,Asia/Kolkata,citizen,True,1,"Ji, since Monday. illegal parking is blocking the lane. please help.",en,True,2025-06-20 16:28:28,asr_en_v3,"ji, since monday. illegal parking is blocking the lane. please help.",68,11,traffic,illegal_parking,0.8999999999999999,traffic,0.8964,neutral,-0.18,low,0.25,1,19.917895,75.368298,gps,39.33,"Ward 07, Aurangabad-ish",ULB_AUR,W07,Ward 07,431001,nominatim,2025-06-20 16:27:56,tet971,True,2025-06-20 16:27:00,True,20,1,48,5,0,0,0,0,12.0,0.29,LOW,-1
PGR202500722,mobile,2025-06-07 18:09:32,Asia/Kolkata,citizen,True,1,"Namaste, for two days. an electrical cabinet is open near the path. the complaint has been logged in the app. krupaya sahayya kara.",mr,True,2025-06-07 18:10:57,asr_mr_v3,"namaste, for two days. an electrical cabinet is open near the path. the complaint has been logged in the app. krupaya sahayya kara.",131,23,grievance_general,information_request,0.45,grievance_general,0.5505,neutral,-0.0,low,0.25,1,19.965171,73.807437,manual,34.55,"Ward 11, Nashik-ish",ULB_NAS,W11,Ward 11,422001,nominatim,2025-06-07 18:11:43,tes3xd,True,2025-06-07 18:09:32,True,17,1,72,3,0,0,1,0,6.0,0.368,MEDIUM,-1
PGR202500723,csc,2025-02-18 23:02:27,Asia/Kolkata,citizen,False,1,"Good morning, since yesterday. waterlogging is happening after even light rain. summer water crisis is likely so please plan supply. please help.",en,True,2025-02-18 23:02:53,asr_en_v3,"good morning, since yesterday. waterlogging is happening after even light rain. summer water crisis is likely so please plan supply. please help.",145,22,drainage,waterlogging,0.75,drainage,0.5547,neutral,-0.18,low,0.25,1,19.870213,75.315422,gps,15.86,"Ward 03, Aurangabad-ish",ULB_AUR,W03,Ward 03,431001,nominatim,2025-02-18 23:04:06,tet91c,True,2025-02-18 23:02:27,True,19,1,24,3,1,0,1,0,7.0,0.648,HIGH,-1
PGR202500724,portal,2025-05-29 21:26:27,Asia/Kolkata,citizen,True,1,"Good morning, for almost a week. Residents are reporting stray dogs are aggressive near the market. summer water crisis is likely so please plan supply. krupaya sahayya kara.",mr,True,2025-05-29 21:27:56,asr_mr_v3,"good morning, for almost a week. residents are reporting stray dogs are aggressive near the market. summer water crisis is likely so please plan supply. krupaya sahayya kara.",174,28,public_health,stray_dogs,0.8999999999999999,public_health,0.8175,neutral,-0.0,low,0.25,1,19.895422,79.397167,reverse_geocode,31.34,"Ward 03, Chandrapur-ish",ULB_CHD,W03,Ward 03,442401,nominatim,2025-05-29 21:26:51,tg83nt,True,2025-05-29 21:26:27,True,13,1,24,4,1,0,1,0,8.0,0.648,HIGH,-1
PGR202500725,csc,2025-02-18 13:34:22,Asia/Kolkata,citizen,True,1,"Good morning, for 48 hours. Residents are reporting the whole stretch is dark after evening. the complaint has been logged in the app. kripya madad kijiye.",hi,True,2025-02-18 13:36:11,asr_hi_v3,"good morning, for 48 hours. residents are reporting the whole stretch is dark after evening. the complaint has been logged in the app. kripya madad kijiye.",155,26,grievance_general,information_request,0.45,grievance_general,0.5595,neutral,-0.0,low,0.25,1,19.826406,75.288549,manual,21.17,"Ward 14, Aurangabad-ish",ULB_AUR,W14,Ward 14,431001,nominatim,2025-02-18 13:36:43,tet8c1,True,2025-02-18 13:34:22,True,14,1,96,4,1,0,1,0,5.0,0.487,MEDIUM,-1
PGR202500726,portal,2025-05-20 04:24:37,Asia/Kolkata,contractor,True,1,"Namaste, for two days. We are experiencing an old building has a dangerous cracked wall. the complaint has been logged in the app. kripya madad kijiye.",hi,True,2025-05-20 04:26:14,asr_hi_v3,"namaste, for two days. we are experiencing an old building has a dangerous cracked wall. the complaint has been logged in the app. kripya madad kijiye.",151,26,building_safety,dangerous_structure,0.98,building_safety,0.8187,neutral,-0.18,low,0.43,1,19.900382,79.335529,photo_exif,3.0,"Ward 20, Chandrapur-ish",ULB_CHD,W20,Ward 20,442401,nominatim,2025-05-20 04:25:38,tg83jq,True,2025-05-20 04:24:37,True,13,1,72,5,0,0,0,0,10.0,0.489,MEDIUM,-1
PGR202500727,mobile,2025-02-14 03:45:08,Asia/Kolkata,citizen,True,1,"Good morning, for two days. I am reporting that hawkers have encroached on the footpath. it feels like a drought and the borewell is almost dry. the complaint has been logged in the app. please help.",en,True,2025-02-14 03:45:15,asr_en_v3,"good morning, for two days. i am reporting that hawkers have encroached on the footpath. it feels like a drought and the borewell is almost dry. the complaint has been logged in the app. please help.",199,36,grievance_general,information_request,0.45,grievance_general,0.3323,neutral,-0.18,low,0.25,1,19.86655,75.299911,reverse_geocode,30.09,"Ward 06, Aurangabad-ish",ULB_AUR,W06,Ward 06,431001,nominatim,2025-02-14 03:48:00,tet912,True,2025-02-14 03:45:08,True,19,1,24,5,0,0,0,0,12.0,0.29,LOW,-1
PGR202500728,mobile,2025-04-15 05:29:46,Asia/Kolkata,citizen,True,1,"Namaste, since last night. I am reporting that the tanker did not arrive today. groundwater is very low this season. kripya madad kijiye.",hi,True,2025-04-15 05:30:53,asr_hi_v3,"namaste, since last night. i am reporting that the tanker did not arrive today. groundwater is very low this season. kripya madad kijiye.",137,23,water_supply,no_supply,0.75,water_supply,0.6452,neutral,-0.0,low,0.25,1,20.014414,73.834704,manual,22.19,"Ward 19, Nashik-ish",ULB_NAS,W19,Ward 19,422001,nominatim,2025-04-15 05:32:20,tes9b5,True,2025-04-15 05:29:46,True,13,1,48,4,1,0,1,0,5.0,0.647,HIGH,-1
PGR202500729,mobile,2025-05-10 16:18:27,Asia/Kolkata,citizen,False,1,"Hi, for 48 hours. Residents are reporting there is a strong smell from the open drain. the complaint has been logged in the app. please help.",en,True,2025-05-10 16:19:11,asr_en_v3,"hi, for 48 hours. residents are reporting there is a strong smell from the open drain. the complaint has been logged in the app. please help.",141,26,grievance_general,information_request,0.45,grievance_general,0.4794,neutral,-0.18,low,0.25,1,19.842255,75.433049,gps,58.9,"Ward 07, Aurangabad-ish",ULB_AUR,W07,Ward 07,431001,nominatim,2025-05-10 16:19:17,tet8us,True,2025-05-10 16:18:27,True,20,1,24,4,0,0,1,0,8.0,0.368,MEDIUM,grievance_general_14
PGR202500730,csc,2025-05-21 07:43:07,Asia/Kolkata,citizen,True,1,"Good morning, since Monday. We are experiencing an illegal dumpsite is growing near the corner. please help.",en,True,2025-05-21 07:44:11,asr_en_v3,"good morning, since monday. we are experiencing an illegal dumpsite is growing near the corner. please help.",108,17,solid_waste,dumpsite,0.75,solid_waste,0.8117,neutral,-0.18,low,0.25,1,19.845952,75.289636,gps,41.86,"Ward 07, Aurangabad-ish",ULB_AUR,W07,Ward 07,431001,nominatim,2025-05-21 07:45:03,tet8ck,True,2025-05-21 07:43:07,True,20,1,72,4,0,0,1,0,10.0,0.369,MEDIUM,-1
PGR202500731,mobile,2025-04-04 18:59:23,Asia/Kolkata,citizen,True,1,"Hi, for almost a week. We are experiencing an illegal dumpsite is growing near the corner. kripya madad kijiye.",hi,True,2025-04-04 19:00:36,asr_hi_v3,"hi, for almost a week. we are experiencing an illegal dumpsite is growing near the corner. kripya madad kijiye.",111,19,solid_waste,dumpsite,0.75,solid_waste,0.8085,neutral,-0.0,low,0.25,1,19.943185,75.412112,gps,30.67,"Ward 02, Aurangabad-ish",ULB_AUR,W02,Ward 02,431001,nominatim,2025-04-04 19:00:40,tet9kn,True,2025-04-04 18:59:23,True,14,1,96,6,0,1,0,0,27.0,0.296,LOW,-1
PGR202500732,mobile,2025-06-19 05:50:39,Asia/Kolkata,citizen,True,1,"Hello, for 48 hours. Residents are reporting the pole looks damaged and wires are exposed. krupaya sahayya kara.",mr,True,2025-06-19 05:51:58,asr_mr_v3,"hello, for 48 hours. residents are reporting the pole looks damaged and wires are exposed. krupaya sahayya kara.",112,18,utilities_other,cable_hazard,0.75,utilities_other,0.8532,neutral,-0.0,low,0.25,1,19.851471,75.418286,photo_exif,23.74,"Ward 09, Aurangabad-ish",ULB_AUR,W09,Ward 09,431001,nominatim,2025-06-19 05:52:35,tet8uj,True,2025-06-19 05:50:39,True,17,1,48,3,0,0,1,0,7.0,0.368,MEDIUM,-1
PGR202500733,mobile,2025-05-28 03:33:24,Asia/Kolkata,citizen,True,1,"Good evening, since yesterday. there are big potholes on the road. the complaint has been logged in the app. kripya madad kijiye.",hi,True,2025-05-28 03:34:51,asr_hi_v3,"good evening, since yesterday. there are big potholes on the road. the complaint has been logged in the app. kripya madad kijiye.",129,22,roads,potholes,0.75,roads,0.8396,neutral,-0.0,low,0.25,1,20.027822,73.76935,manual,22.46,"Ward 10, Nashik-ish",ULB_NAS,W10,Ward 10,422001,nominatim,2025-05-28 03:35:13,tes3yt,True,2025-05-28 03:33:24,True,11,1,24,4,0,0,1,0,8.0,0.368,MEDIUM,-1
PGR202500734,mobile,2025-03-04 05:45:11,Asia/Kolkata,citizen,True,1,"Ji, since yesterday. I am reporting that the streetlight near our lane is not working. krupaya sahayya kara.",mr,True,2025-03-04 05:45:39,asr_mr_v3,"ji, since yesterday. i am reporting that the streetlight near our lane is not working. krupaya sahayya kara.",108,18,streetlights,lamp_faulty,0.75,streetlights,0.9192,neutral,-0.0,low,0.25,1,19.925942,75.400433,gps,4.94,"Ward 14, Aurangabad-ish",ULB_AUR,W14,Ward 14,431001,nominatim,2025-03-04 05:46:18,tet97g,True,2025-03-04 05:45:11,True,14,1,48,5,0,0,0,0,12.0,0.29,LOW,-1
PGR202500735,csc,2025-05-12 16:25:58,Asia/Kolkata,citizen,True,1,"Hi, for the past three days. Residents are reporting there is illegal construction on the terrace. krupaya sahayya kara.",mr,True,2025-05-12 16:26:36,asr_mr_v3,"hi, for the past three days. residents are reporting there is illegal construction on the terrace. krupaya sahayya kara.",120,19,building_safety,illegal_construction,0.75,building_safety,0.7478,neutral,-0.0,low,0.43,1,19.921702,79.341002,gps,6.08,"Ward 04, Chandrapur-ish",ULB_CHD,W04,Ward 04,442401,nominatim,2025-05-12 16:28:02,tg83m6,True,2025-05-12 16:25:58,True,19,1,24,4,0,0,1,0,9.0,0.568,MEDIUM,-1
PGR202500736,mobile,2025-05-21 13:55:27,Asia/Kolkata,citizen,True,1,"Hi, for 48 hours. I am reporting that the manhole is overflowing on the street. the complaint has been logged in the app. kripya madad kijiye.",hi,True,2025-05-21 13:56:30,asr_hi_v3,"hi, for 48 hours. i am reporting that the manhole is overflowing on the street. the complaint has been logged in the app. kripya madad kijiye.",142,26,drainage,manhole_overflow,0.8999999999999999,drainage,0.6768,neutral,-0.18,low,0.43,1,19.931715,79.250158,gps,6.91,"Ward 04, Chandrapur-ish",ULB_CHD,W04,Ward 04,442401,nominatim,2025-05-21 13:56:28,tg837k,True,2025-05-21 13:55:27,True,19,1,72,4,0,0,1,0,11.0,0.569,MEDIUM,-1
PGR202500737,whatsapp,2025-03-23 01:05:45,Asia/Kolkata,citizen,True,1,"Hello, in Nashik near Ward 09, for 48 hours. Residents are reporting resurfacing has been pending for many weeks. the complaint has been logged in the app. we also tried the IVR earlier. krupaya sahayya kara.",mr,True,2025-03-23 01:06:02,asr_mr_v3,"hello, in nashik near ward 09, for 48 hours. residents are reporting resurfacing has been pending for many weeks. the complaint has been logged in the app. we also tried the ivr earlier. krupaya sahayya kara.",208,36,grievance_general,information_request,0.45,grievance_general,0.4929,neutral,-0.0,low,0.25,1,20.094272,73.809926,gps,19.28,"Ward 09, Nashik-ish",ULB_NAS,W09,Ward 09,422001,nominatim,2025-03-23 01:08:30,tes6rd,True,2025-03-23 01:05:45,True,18,1,48,5,0,0,0,0,14.0,0.291,LOW,grievance_general_12
PGR202500738,mobile,2025-05-22 17:37:57,Asia/Kolkata,citizen,True,1,"Namaste, for 48 hours. the dispensary was closed during working hours. pani ki kami ho rahi hai please arrange tankers. we also tried the IVR earlier. please help.",en,True,2025-05-22 17:38:10,asr_en_v3,"namaste, for 48 hours. the dispensary was closed during working hours. pani ki kami ho rahi hai please arrange tankers. we also tried the ivr earlier. please help.",163,28,water_supply,no_supply,0.8999999999999999,water_supply,0.5199,negative,-0.36,low,0.25,1,19.889765,75.369978,manual,11.58,Aurangabad-ish,ULB_AUR,Non,,431001,nominatim,2025-05-22 17:40:48,tet95h,True,2025-05-22 17:37:57,True,6,1,48,3,0,0,1,0,5.0,0.527,MEDIUM,-1
PGR202500739,portal,2025-06-15 18:07:09,Asia/Kolkata,citizen,True,1,"Hello, since yesterday. the septic tank has overflowed onto the street. the complaint has been logged in the app. please help.",en,True,2025-06-15 18:07:22,asr_en_v3,"hello, since yesterday. the septic tank has overflowed onto the street. the complaint has been logged in the app. please help.",126,21,sanitation,septic_overflow,0.75,sanitation,0.8596,negative,-0.36,low,0.43,1,19.882596,75.30801,gps,11.84,"Ward 03, Aurangabad-ish",ULB_AUR,W03,Ward 03,431001,nominatim,2025-06-15 18:07:55,tet91e,True,2025-06-15 18:07:09,True,19,1,72,3,0,0,1,0,5.0,0.567,MEDIUM,-1
PGR202500740,portal,2025-06-03 13:36:40,Asia/Kolkata,citizen,True,1,"Good morning, since last night. the whole stretch is dark after evening. pani ki kami ho rahi hai please arrange tankers. the complaint has been logged in the app. kripya madad kijiye.",hi,True,2025-06-03 13:37:42,asr_hi_v3,"good morning, since last night. the whole stretch is dark after evening. pani ki kami ho rahi hai please arrange tankers. the complaint has been logged in the app. kripya madad kijiye.",184,32,water_supply,no_supply,0.8999999999999999,water_supply,0.5154,neutral,-0.18,low,0.25,1,20.095736,73.824334,reverse_geocode,16.29,"Ward 13, Nashik-ish",ULB_NAS,W13,Ward 13,422001,nominatim,2025-06-03 13:38:56,tes6rf,True,2025-06-03 13:36:40,True,16,1,24,5,0,0,0,0,9.0,0.449,MEDIUM,-1
PGR202500741,mobile,2025-05-26 09:06:55,Asia/Kolkata,citizen,True,1,"Hello, since last night. Residents are reporting a loose cable is creating a hazard. the complaint has been logged in the app. krupaya sahayya kara.",mr,True,2025-05-26 09:08:09,asr_mr_v3,"hello, since last night. residents are reporting a loose cable is creating a hazard. the complaint has been logged in the app. krupaya sahayya kara.",148,25,utilities_other,cable_hazard,0.75,utilities_other,0.8044,neutral,-0.0,low,0.25,1,20.050638,73.790959,reverse_geocode,16.77,"Ward 20, Nashik-ish",ULB_NAS,W20,Ward 20,422001,nominatim,2025-05-26 09:09:43,tes6p4,True,2025-05-26 09:06:55,True,11,1,24,5,0,0,0,0,12.0,0.29,LOW,-1
PGR202500742,ivr,2025-05-07 04:11:26,Asia/Kolkata,citizen,True,1,"Ji, for 48 hours. We are experiencing play equipment is broken in the park. krupaya sahayya kara.",mr,True,2025-05-07 04:12:01,asr_mr_v3,"ji, for 48 hours. we are experiencing play equipment is broken in the park. krupaya sahayya kara.",97,17,parks,broken_play_equipment,0.75,parks,0.7814,neutral,-0.18,low,0.25,1,19.993179,73.71287,gps,10.07,"Ward 12, Nashik-ish",ULB_NAS,W12,Ward 12,422001,nominatim,2025-05-07 04:12:06,tes3tr,True,2025-05-07 04:11:26,True,12,1,48,6,0,1,0,0,59.0,0.31,LOW,-1
PGR202500743,whatsapp,2025-03-13 13:55:32,Asia/Kolkata,citizen,True,1,"Hi, for 48 hours. an illegal dumpsite is growing near the corner. the complaint has been logged in the app. krupaya sahayya kara.",mr,True,2025-03-13 13:55:40,asr_mr_v3,"hi, for 48 hours. an illegal dumpsite is growing near the corner. the complaint has been logged in the app. krupaya sahayya kara.",129,23,solid_waste,dumpsite,0.75,solid_waste,0.8053,neutral,-0.0,low,0.25,1,19.852535,75.285219,gps,14.88,"Ward 03, Aurangabad-ish",ULB_AUR,W03,Ward 03,431001,nominatim,2025-03-13 13:57:50,tet8cn,True,2025-03-13 13:55:32,True,19,1,72,5,1,0,0,0,8.0,0.408,MEDIUM,-1
PGR202500744,ivr,2025-05-31 06:48:08,Asia/Kolkata,agent,True,1,"Good evening, for 48 hours. We are experiencing tap pressure is very low. kirpa karke madad karo.",pa,True,2025-05-31 06:49:11,asr_pa_v3,"good evening, for 48 hours. we are experiencing tap pressure is very low. kirpa karke madad karo.",97,17,water_supply,no_supply,0.75,water_supply,0.528,neutral,-0.0,low,0.25,1,19.899313,75.425801,photo_exif,45.86,"Ward 20, Aurangabad-ish",ULB_AUR,W20,Ward 20,431001,nominatim,2025-05-31 06:50:58,tet9hq,True,2025-05-31 06:48:08,True,12,1,24,4,1,0,1,0,11.0,0.65,HIGH,-1
PGR202500745,mobile,2025-03-27 15:05:28,Asia/Kolkata,citizen,True,1,"Hi, since Monday. I am reporting that there is a strong smell from the open drain. krupaya sahayya kara.",mr,True,2025-03-27 15:05:38,asr_mr_v3,"hi, since monday. i am reporting that there is a strong smell from the open drain. krupaya sahayya kara.",104,19,grievance_general,information_request,0.45,grievance_general,0.5611,neutral,-0.0,low,0.25,1,19.922386,79.299932,reverse_geocode,29.93,"Ward 11, Chandrapur-ish",ULB_CHD,W11,Ward 11,442401,nominatim,2025-03-27 15:06:24,tg83kd,True,2025-03-27 15:05:28,True,19,1,72,5,0,0,0,0,16.0,0.292,LOW,grievance_general_2
PGR202500746,mobile,2025-04-21 19:54:30,Asia/Kolkata,citizen,True,1,"Namaste, since yesterday. I am reporting that the whole stretch is dark after evening. pani ki kami ho rahi hai please arrange tankers. krupaya sahayya kara.",mr,True,2025-04-21 19:54:54,asr_mr_v3,"namaste, since yesterday. i am reporting that the whole stretch is dark after evening. pani ki kami ho rahi hai please arrange tankers. krupaya sahayya kara.",157,26,water_supply,no_supply,0.8999999999999999,water_supply,0.4431,neutral,-0.18,low,0.25,1,20.050555,73.729854,gps,11.6,"Ward 15, Nashik-ish",ULB_NAS,W15,Ward 15,422001,nominatim,2025-04-21 19:56:23,tes6jf,True,2025-04-21 19:54:30,True,14,1,48,3,0,0,1,0,5.0,0.527,MEDIUM,water_supply_13
PGR202500747,portal,2025-03-20 03:59:01,Asia/Kolkata,citizen,True,1,"Hi, for the past three days. I am reporting that the dispensary was closed during working hours. pani ki kami ho rahi hai please arrange tankers. kripya madad kijiye.",hi,True,2025-03-20 04:00:22,asr_hi_v3,"hi, for the past three days. i am reporting that the dispensary was closed during working hours. pani ki kami ho rahi hai please arrange tankers. kripya madad kijiye.",166,29,water_supply,no_supply,0.8999999999999999,water_supply,0.5403,neutral,-0.18,low,0.43,1,20.089416,73.772769,gps,18.97,"Ward 04, Nashik-ish",ULB_NAS,W04,Ward 04,422001,nominatim,2025-03-20 04:01:28,tes6q9,True,2025-03-20 03:59:01,True,7,1,48,5,0,0,0,0,16.0,0.491,MEDIUM,water_supply_12
PGR202500748,mobile,2025-03-19 22:51:40,Asia/Kolkata,citizen,False,1,"Namaste, for 48 hours. Residents are reporting the bin is overflowing and animals gather there. the complaint has been logged in the app. please help.",en,True,2025-03-19 22:53:12,asr_en_v3,"namaste, for 48 hours. residents are reporting the bin is overflowing and animals gather there. the complaint has been logged in the app. please help.",150,25,drainage,manhole_overflow,0.75,drainage,0.7941,negative,-0.36,low,0.43,1,19.81518,75.284937,manual,19.58,"Ward 12, Aurangabad-ish",ULB_AUR,W12,Ward 12,431001,nominatim,2025-03-19 22:52:53,tet89p,True,2025-03-19 22:51:40,True,8,1,48,3,0,0,1,0,3.0,0.566,MEDIUM,-1
PGR202500749,portal,2025-02-24 15:24:06,Asia/Kolkata,citizen,True,1,"Hi, since last night. there is no water in the tap. kripya madad kijiye.",hi,True,2025-02-24 15:25:11,asr_hi_v3,"hi, since last night. there is no water in the tap. kripya madad kijiye.",72,14,water_supply,no_supply,0.98,water_supply,0.5645,neutral,-0.18,low,0.43,1,20.089912,73.749424,manual,8.48,"Ward 02, Nashik-ish",ULB_NAS,W02,Ward 02,422001,nominatim,2025-02-24 15:25:04,tes6q1,True,2025-02-24 15:24:06,True,16,1,24,3,0,0,1,0,8.0,0.568,MEDIUM,-1
PGR202500750,portal,2025-06-25 04:40:16,Asia/Kolkata,citizen,True,1,"Good evening, for almost a week. We are experiencing an old building has a dangerous cracked wall. krupaya sahayya kara.",mr,True,2025-06-25 04:41:36,asr_mr_v3,"good evening, for almost a week. we are experiencing an old building has a dangerous cracked wall. krupaya sahayya kara.",120,20,building_safety,dangerous_structure,0.98,building_safety,0.8423,neutral,-0.18,low,0.43,1,19.89934,75.281233,manual,8.46,"Ward 13, Aurangabad-ish",ULB_AUR,W13,Ward 13,431001,nominatim,2025-06-25 04:41:39,tet91n,True,2025-06-25 04:40:16,True,16,1,72,7,1,1,0,0,63.0,0.631,HIGH,-1
PGR202500751,portal,2025-02-23 04:01:12,Asia/Kolkata,citizen,True,1,"Hello, for almost a week. I am reporting that an illegal dumpsite is growing near the corner. the complaint has been logged in the app. we also tried the IVR earlier. kripya madad kijiye.",hi,True,2025-02-23 04:02:55,asr_hi_v3,"hello, for almost a week. i am reporting that an illegal dumpsite is growing near the corner. the complaint has been logged in the app. we also tried the ivr earlier. kripya madad kijiye.",187,34,solid_waste,dumpsite,0.75,solid_waste,0.7564,neutral,-0.0,low,0.25,1,19.979115,73.875848,reverse_geocode,35.16,"Ward 05, Nashik-ish",ULB_NAS,W05,Ward 05,422001,nominatim,2025-02-23 04:02:25,tes99j,True,2025-02-23 04:01:12,True,23,1,72,3,0,0,1,0,10.0,0.369,MEDIUM,-1
PGR202500752,csc,2025-02-13 22:31:54,Asia/Kolkata,citizen,True,1,"Hi, for the past three days. there is illegal construction on the terrace. the complaint has been logged in the app. krupaya sahayya kara.",mr,True,2025-02-13 22:32:35,asr_mr_v3,"hi, for the past three days. there is illegal construction on the terrace. the complaint has been logged in the app. krupaya sahayya kara.",138,24,building_safety,illegal_construction,0.75,building_safety,0.7621,neutral,-0.0,low,0.43,1,19.822205,75.25375,manual,13.7,"Ward 19, Aurangabad-ish",ULB_AUR,W19,Ward 19,431001,nominatim,2025-02-13 22:34:10,tet8b2,True,2025-02-13 22:31:54,True,12,1,48,4,1,0,1,0,8.0,0.688,HIGH,-1
PGR202500753,portal,2025-06-21 10:03:30,Asia/Kolkata,agent,True,1,"Hi, since yesterday. Residents are reporting the tanker did not arrive today. the complaint has been logged in the app. kripya madad kijiye.",hi,True,2025-06-21 10:04:06,asr_hi_v3,"hi, since yesterday. residents are reporting the tanker did not arrive today. the complaint has been logged in the app. kripya madad kijiye.",140,23,water_supply,no_supply,0.75,water_supply,0.5823,neutral,-0.0,low,0.25,1,19.950173,79.379409,gps,3.58,"Ward 02, Chandrapur-ish",ULB_CHD,W02,Ward 02,442401,nominatim,2025-06-21 10:04:49,tg83qr,True,2025-06-21 10:03:30,True,18,1,48,5,1,0,0,0,12.0,0.57,MEDIUM,water_supply_1
PGR202500754,mobile,2025-04-25 06:02:50,Asia/Kolkata,citizen,True,1,"Hi, since last night. Residents are reporting a loose cable is creating a hazard. kripya madad kijiye.",hi,True,2025-04-25 06:02:55,asr_hi_v3,"hi, since last night. residents are reporting a loose cable is creating a hazard. kripya madad kijiye.",102,17,utilities_other,cable_hazard,0.75,utilities_other,0.8033,neutral,-0.0,low,0.25,1,19.848899,75.275632,reverse_geocode,19.35,"Ward 14, Aurangabad-ish",ULB_AUR,W14,Ward 14,431001,nominatim,2025-04-25 06:04:10,tet8bv,True,2025-04-25 06:02:50,True,14,1,72,5,0,0,0,0,13.0,0.29,LOW,-1
PGR202500755,mobile,2025-04-07 16:27:15,Asia/Kolkata,citizen,True,1,"Namaste, for almost a week. there is illegal construction on the terrace. krupaya sahayya kara.",mr,True,2025-04-07 16:28:05,asr_mr_v3,"namaste, for almost a week. there is illegal construction on the terrace. krupaya sahayya kara.",95,15,building_safety,illegal_construction,0.75,building_safety,0.7907,neutral,-0.0,low,0.25,1,20.017512,79.351511,gps,21.77,"Ward 03, Chandrapur-ish",ULB_CHD,W03,Ward 03,442401,nominatim,2025-04-07 16:30:06,tg83vs,True,2025-04-07 16:27:15,True,13,1,24,4,0,0,1,0,7.0,0.528,MEDIUM,-1
PGR202500756,portal,2025-05-22 14:58:07,Asia/Kolkata,citizen,True,1,"Hi, for almost a week. Residents are reporting the community tap is dry in the morning. kripya madad kijiye.",hi,True,2025-05-22 14:59:38,asr_hi_v3,"hi, for almost a week. residents are reporting the community tap is dry in the morning. kripya madad kijiye.",108,19,water_supply,no_supply,0.75,water_supply,0.6298,neutral,-0.0,low,0.25,1,20.077604,73.850428,reverse_geocode,9.59,"Ward 14, Nashik-ish",ULB_NAS,W14,Ward 14,422001,nominatim,2025-05-22 14:59:59,tesd0x,True,2025-05-22 14:58:07,True,15,1,48,3,0,0,1,0,6.0,0.527,MEDIUM,-1
PGR202500757,portal,2025-03-30 11:57:04,Asia/Kolkata,contractor,True,1,"Good morning, in Aurangabad near Ward 10, since Monday. Residents are reporting staff behaviour was unhelpful at the office. the complaint has been logged in the app. kripya madad kijiye.",hi,True,2025-03-30 11:58:34,asr_hi_v3,"good morning, in aurangabad near ward 10, since monday. residents are reporting staff behaviour was unhelpful at the office. the complaint has been logged in the app. kripya madad kijiye.",187,30,grievance_general,staff_behavior,0.75,grievance_general,0.4635,negative,-0.36,low,0.25,1,19.904736,75.326913,photo_exif,19.39,"Ward 10, Aurangabad-ish",ULB_AUR,W10,Ward 10,431001,nominatim,2025-03-30 11:59:52,tet94p,True,2025-03-30 11:57:04,True,15,2,96,5,0,1,0,0,19.0,0.343,LOW,grievance_general_11
PGR202500758,mobile,2025-02-20 04:31:04,Asia/Kolkata,citizen,True,1,"Ji, for almost a week. mosquito breeding is visible due to stagnant water. the complaint has been logged in the app. krupaya sahayya kara.",mr,True,2025-02-20 04:32:28,asr_mr_v3,"ji, for almost a week. mosquito breeding is visible due to stagnant water. the complaint has been logged in the app. krupaya sahayya kara.",138,24,public_health,mosquito_breeding,0.8999999999999999,public_health,0.7563,neutral,-0.18,low,0.25,1,19.848651,75.393392,photo_exif,33.02,"Ward 20, Aurangabad-ish",ULB_AUR,W20,Ward 20,431001,nominatim,2025-02-20 04:33:17,tet8gt,True,2025-02-20 04:31:04,True,12,1,24,4,0,0,1,0,6.0,0.527,MEDIUM,-1
PGR202500759,portal,2025-05-21 10:52:06,Asia/Kolkata,citizen,True,1,"Good morning, for the past three days. resurfacing has been pending for many weeks. please help.",en,True,2025-05-21 10:53:53,asr_en_v3,"good morning, for the past three days. resurfacing has been pending for many weeks. please help.",96,16,grievance_general,information_request,0.45,grievance_general,0.5436,neutral,-0.18,low,0.43,1,20.057507,73.890118,gps,26.77,Nashik-ish,ULB_NAS,Non,,422001,nominatim,2025-05-21 10:54:47,tesd17,True,2025-05-21 10:52:06,True,8,1,96,4,1,0,1,0,10.0,0.529,MEDIUM,-1
PGR202500760,csc,2025-02-27 09:35:53,Asia/Kolkata,citizen,True,1,"Hello, for almost a week. We are experiencing staff behaviour was unhelpful at the office. the complaint has been logged in the app. krupaya sahayya kara.",mr,True,2025-02-27 09:36:59,asr_mr_v3,"hello, for almost a week. we are experiencing staff behaviour was unhelpful at the office. the complaint has been logged in the app. krupaya sahayya kara.",154,26,grievance_general,staff_behavior,0.75,grievance_general,0.5677,neutral,-0.18,low,0.25,1,20.035299,73.758924,reverse_geocode,53.45,"Ward 08, Nashik-ish",ULB_NAS,W08,Ward 08,422001,nominatim,2025-02-27 09:36:44,tes3yr,True,2025-02-27 09:35:53,True,9,2,48,7,1,1,0,0,38.0,0.471,MEDIUM,-1
PGR202500761,csc,2025-04-24 22:46:29,Asia/Kolkata,citizen,False,1,"Ji, since Monday. I am reporting that there is illegal construction on the terrace. kripya madad kijiye.",hi,True,2025-04-24 22:47:03,asr_hi_v3,"ji, since monday. i am reporting that there is illegal construction on the terrace. kripya madad kijiye.",104,17,building_safety,illegal_construction,0.75,building_safety,0.7887,neutral,-0.0,low,0.25,1,19.948534,79.342057,manual,38.77,"Ward 02, Chandrapur-ish",ULB_CHD,W02,Ward 02,442401,nominatim,2025-04-24 22:49:19,tg83mr,True,2025-04-24 22:46:29,True,18,1,24,5,1,0,0,0,10.0,0.569,MEDIUM,building_safety_0
PGR202500762,portal,2025-06-23 08:38:16,Asia/Kolkata,citizen,True,1,"Hi, since yesterday. We are experiencing garbage pickup has been missed repeatedly. it feels like a drought and the borewell is almost dry. the complaint has been logged in the app. barah e karam madad karein.",ur,True,2025-06-23 08:39:09,asr_ur_v3,"hi, since yesterday. we are experiencing garbage pickup has been missed repeatedly. it feels like a drought and the borewell is almost dry. the complaint has been logged in the app. barah e karam madad karein.",209,36,solid_waste,missed_pickup,0.75,solid_waste,0.4965,negative,-0.36,low,0.25,1,19.864009,75.408227,photo_exif,41.73,"Ward 12, Aurangabad-ish",ULB_AUR,W12,Ward 12,431001,nominatim,2025-06-23 08:41:07,tet95b,True,2025-06-23 08:38:16,True,8,1,72,4,1,0,1,0,9.0,0.489,MEDIUM,-1
PGR202500763,mobile,2025-06-21 10:06:13,Asia/Kolkata,citizen,True,1,"Hi, for the past three days. We are experiencing staff behaviour was unhelpful at the office. the complaint has been logged in the app. we also tried the IVR earlier. krupaya sahayya kara.",mr,True,2025-06-21 10:06:25,asr_mr_v3,"hi, for the past three days. we are experiencing staff behaviour was unhelpful at the office. the complaint has been logged in the app. we also tried the ivr earlier. krupaya sahayya kara.",188,33,grievance_general,staff_behavior,0.75,grievance_general,0.4897,neutral,-0.18,low,0.43,1,19.961846,79.251415,reverse_geocode,101.5,"Ward 09, Chandrapur-ish",ULB_CHD,W09,Ward 09,442401,nominatim,2025-06-21 10:06:39,tg83e3,True,2025-06-21 10:06:13,True,20,1,24,4,0,0,1,0,12.0,0.41,MEDIUM,grievance_general_9
PGR202500764,mobile,2025-03-27 02:49:07,Asia/Kolkata,citizen,True,1,"Good morning, since last night. mosquito breeding is visible due to stagnant water. the complaint has been logged in the app. we also tried the IVR earlier. please jaldi se kijiye. please help.",en,True,2025-03-27 02:50:29,asr_en_v3,"good morning, since last night. mosquito breeding is visible due to stagnant water. the complaint has been logged in the app. we also tried the ivr earlier. please jaldi se kijiye. please help.",193,33,public_health,mosquito_breeding,0.8999999999999999,public_health,0.6442,negative,-0.36,low,0.25,1,19.959778,79.345041,gps,31.37,"Ward 02, Chandrapur-ish",ULB_CHD,W02,Ward 02,442401,nominatim,2025-03-27 02:50:23,tg83t9,True,2025-03-27 02:49:07,True,18,1,96,4,0,0,1,0,7.0,0.528,MEDIUM,public_health_0
PGR202500765,portal,2025-05-29 01:05:06,Asia/Kolkata,agent,True,1,"Hello, for 48 hours. resurfacing has been pending for many weeks. kripya madad kijiye.",hi,True,2025-05-29 01:06:10,asr_hi_v3,"hello, for 48 hours. resurfacing has been pending for many weeks. kripya madad kijiye.",86,14,grievance_general,information_request,0.45,grievance_general,0.6209,neutral,-0.0,low,0.25,1,20.087289,73.782744,gps,22.45,"Ward 12, Nashik-ish",ULB_NAS,W12,Ward 12,422001,nominatim,2025-05-29 01:06:32,tes6qb,True,2025-05-29 01:05:06,True,12,1,72,3,1,0,1,0,5.0,0.487,MEDIUM,-1
PGR202500766,mobile,2025-05-03 21:37:57,Asia/Kolkata,citizen,False,1,"Good evening, since yesterday. I am reporting that the whole stretch is dark after evening. the complaint has been logged in the app. we also tried the IVR earlier. barah e karam madad karein.",ur,True,2025-05-03 21:38:02,asr_ur_v3,"good evening, since yesterday. i am reporting that the whole stretch is dark after evening. the complaint has been logged in the app. we also tried the ivr earlier. barah e karam madad karein.",192,34,grievance_general,information_request,0.45,grievance_general,0.5319,neutral,-0.0,low,0.25,1,19.960425,79.32125,manual,34.61,"Ward 05, Chandrapur-ish",ULB_CHD,W05,Ward 05,442401,nominatim,2025-05-03 21:39:24,tg83sc,True,2025-05-03 21:37:57,True,20,1,48,6,0,1,0,0,56.0,0.308,LOW,grievance_general_7
PGR202500767,portal,2025-04-13 21:43:49,Asia/Kolkata,citizen,True,1,"Hi, for almost a week. We are experiencing the community tap is dry in the morning. krupaya sahayya kara.",mr,True,2025-04-13 21:44:04,asr_mr_v3,"hi, for almost a week. we are experiencing the community tap is dry in the morning. krupaya sahayya kara.",105,19,water_supply,no_supply,0.75,water_supply,0.6631,neutral,-0.0,low,0.25,1,19.954432,79.260096,reverse_geocode,11.61,"Ward 05, Chandrapur-ish",ULB_CHD,W05,Ward 05,442401,nominatim,2025-04-13 21:46:13,tg83e8,True,2025-04-13 21:43:49,True,20,1,48,5,1,0,0,0,11.0,0.57,MEDIUM,-1
PGR202500768,portal,2025-02-21 23:44:28,Asia/Kolkata,citizen,True,1,"Good morning, since Monday. the whole stretch is dark after evening. the complaint has been logged in the app. kripya madad kijiye.",hi,True,2025-02-21 23:45:56,asr_hi_v3,"good morning, since monday. the whole stretch is dark after evening. the complaint has been logged in the app. kripya madad kijiye.",131,22,grievance_general,information_request,0.45,grievance_general,0.5702,neutral,-0.0,low,0.25,1,20.084593,73.882082,reverse_geocode,21.62,"Ward 01, Nashik-ish",ULB_NAS,W01,Ward 01,422001,nominatim,2025-02-21 23:46:39,tesd30,True,2025-02-21 23:44:28,True,10,1,72,5,0,0,0,0,13.0,0.29,LOW,-1
PGR202500769,mobile,2025-03-29 10:53:38,Asia/Kolkata,citizen,True,1,"Hi, for almost a week. an old building has a dangerous cracked wall. krupaya sahayya kara.",mr,True,2025-03-29 10:54:11,asr_mr_v3,"hi, for almost a week. an old building has a dangerous cracked wall. krupaya sahayya kara.",90,16,building_safety,dangerous_structure,0.98,building_safety,0.8477,neutral,-0.18,low,0.43,1,19.882209,75.361311,reverse_geocode,10.28,"Ward 08, Aurangabad-ish",ULB_AUR,W08,Ward 08,431001,nominatim,2025-03-29 10:54:32,tet94g,True,2025-03-29 10:53:38,True,18,1,24,5,0,0,0,0,13.0,0.49,MEDIUM,-1
PGR202500770,mobile,2025-05-09 18:54:17,Asia/Kolkata,citizen,True,1,"Good morning, since yesterday. the whole stretch is dark after evening. the complaint has been logged in the app. we also tried the IVR earlier. tankers kab aayenge. please help.",en,True,2025-05-09 18:55:50,asr_en_v3,"good morning, since yesterday. the whole stretch is dark after evening. the complaint has been logged in the app. we also tried the ivr earlier. tankers kab aayenge. please help.",178,30,water_supply,no_supply,0.75,grievance_general,0.3743,neutral,-0.18,low,0.25,1,19.888058,79.339693,gps,25.97,"Ward 05, Chandrapur-ish",ULB_CHD,W05,Ward 05,442401,nominatim,2025-05-09 18:56:14,tg83jk,True,2025-05-09 18:54:17,True,20,1,24,5,1,0,0,0,16.0,0.572,MEDIUM,water_supply_5
PGR202500771,mobile,2025-06-28 23:52:23,Asia/Kolkata,citizen,True,1,"Hi, for two days. Residents are reporting illegal parking is blocking the lane. dayavittu sahaya maadi.",kn,True,2025-06-28 23:53:24,asr_kn_v3,"hi, for two days. residents are reporting illegal parking is blocking the lane. dayavittu sahaya maadi.",103,16,traffic,illegal_parking,0.8999999999999999,traffic,0.8819,neutral,-0.0,low,0.25,1,19.864373,75.391809,gps,10.22,"Ward 02, Aurangabad-ish",ULB_AUR,W02,Ward 02,431001,nominatim,2025-06-28 23:55:18,tet958,True,2025-06-28 23:52:23,True,14,1,48,4,1,0,1,0,9.0,0.489,MEDIUM,-1
PGR202500772,ivr,2025-02-01 17:36:21,Asia/Kolkata,citizen,True,1,"Good evening, for two days. I am reporting that hawkers have encroached on the footpath. kripya madad kijiye.",hi,True,2025-02-01 17:37:30,asr_hi_v3,"good evening, for two days. i am reporting that hawkers have encroached on the footpath. kripya madad kijiye.",109,18,grievance_general,information_request,0.45,grievance_general,0.5255,neutral,-0.0,low,0.25,1,19.957069,73.842178,manual,9.7,"Ward 09, Nashik-ish",ULB_NAS,W09,Ward 09,422001,nominatim,2025-02-01 17:37:51,tes983,True,2025-02-01 17:36:21,True,18,1,24,4,0,0,1,0,10.0,0.369,MEDIUM,-1
PGR202500773,portal,2025-05-19 15:56:11,Asia/Kolkata,citizen,True,1,"Namaste, for almost a week. I am reporting that there is no water in the tap. pani ki kami ho rahi hai please arrange tankers. the complaint has been logged in the app. please help.",en,True,2025-05-19 15:57:00,asr_en_v3,"namaste, for almost a week. i am reporting that there is no water in the tap. pani ki kami ho rahi hai please arrange tankers. the complaint has been logged in the app. please help.",181,35,water_supply,no_supply,0.98,water_supply,0.8324,negative,-0.54,low,0.43,1,19.920165,79.347756,gps,26.2,"Ward 05, Chandrapur-ish",ULB_CHD,W05,Ward 05,442401,nominatim,2025-05-19 15:58:59,tg83md,True,2025-05-19 15:56:11,True,20,1,24,5,0,0,0,0,7.0,0.488,MEDIUM,-1
PGR202500774,mobile,2025-06-07 22:48:44,Asia/Kolkata,citizen,True,1,"Hi, since last night. I am reporting that there are big potholes on the road. the complaint has been logged in the app. we also tried the IVR earlier. krupaya sahayya kara.",mr,True,2025-06-07 22:49:44,asr_mr_v3,"hi, since last night. i am reporting that there are big potholes on the road. the complaint has been logged in the app. we also tried the ivr earlier. krupaya sahayya kara.",172,32,roads,potholes,0.75,roads,0.7783,neutral,-0.0,low,0.25,1,19.894069,75.295368,reverse_geocode,17.93,"Ward 03, Aurangabad-ish",ULB_AUR,W03,Ward 03,431001,nominatim,2025-06-07 22:50:47,tet91m,True,2025-06-07 22:48:44,True,19,1,24,4,0,0,1,0,6.0,0.368,MEDIUM,-1
PGR202500775,ivr,2025-06-23 16:18:01,Asia/Kolkata,citizen,True,1,"Good morning, for 48 hours. I am reporting that stray dogs are aggressive near the market. summer water crisis is likely so please plan supply. the complaint has been logged in the app. kripya madad kijiye.",hi,True,2025-06-23 16:19:00,asr_hi_v3,"good morning, for 48 hours. i am reporting that stray dogs are aggressive near the market. summer water crisis is likely so please plan supply. the complaint has been logged in the app. kripya madad kijiye.",206,36,public_health,stray_dogs,0.8999999999999999,public_health,0.768,neutral,-0.0,low,0.25,1,20.016068,73.867127,reverse_geocode,8.91,"Ward 10, Nashik-ish",ULB_NAS,W10,Ward 10,422001,nominatim,2025-06-23 16:20:48,tes9bg,True,2025-06-23 16:18:01,True,11,1,48,5,0,0,0,0,11.0,0.45,MEDIUM,-1
PGR202500776,portal,2025-04-05 13:41:35,Asia/Kolkata,citizen,True,1,"Hello, for 48 hours. Residents are reporting there are big potholes on the road. the complaint has been logged in the app. krupaya sahayya kara.",mr,True,2025-04-05 13:43:20,asr_mr_v3,"hello, for 48 hours. residents are reporting there are big potholes on the road. the complaint has been logged in the app. krupaya sahayya kara.",144,25,roads,potholes,0.75,roads,0.8007,neutral,-0.0,low,0.25,1,19.890839,75.263748,manual,3.0,"Ward 02, Aurangabad-ish",ULB_AUR,W02,Ward 02,431001,nominatim,2025-04-05 13:44:19,tet90t,True,2025-04-05 13:41:35,True,14,1,24,4,0,0,1,0,5.0,0.367,MEDIUM,-1
PGR202500777,portal,2025-02-18 18:31:22,Asia/Kolkata,citizen,False,1,"Good evening, for the past three days. I am reporting that garbage pickup has been missed repeatedly. groundwater is very low this season. krupaya sahayya kara.",mr,True,2025-02-18 18:31:27,asr_mr_v3,"good evening, for the past three days. i am reporting that garbage pickup has been missed repeatedly. groundwater is very low this season. krupaya sahayya kara.",160,26,solid_waste,missed_pickup,0.75,solid_waste,0.6061,negative,-0.36,low,0.43,1,19.942007,79.296766,gps,3.0,"Ward 20, Chandrapur-ish",ULB_CHD,W20,Ward 20,442401,nominatim,2025-02-18 18:31:44,tg83kq,True,2025-02-18 18:31:22,True,13,1,48,3,1,0,1,0,8.0,0.528,MEDIUM,-1
PGR202500778,whatsapp,2025-03-13 15:28:54,Asia/Kolkata,citizen,True,1,"Good evening, since yesterday. stray dogs are aggressive near the market. summer water crisis is likely so please plan supply. the complaint has been logged in the app. kripya madad kijiye.",hi,True,2025-03-13 15:30:03,asr_hi_v3,"good evening, since yesterday. stray dogs are aggressive near the market. summer water crisis is likely so please plan supply. the complaint has been logged in the app. kripya madad kijiye.",189,31,public_health,stray_dogs,0.8999999999999999,public_health,0.8073,neutral,-0.0,low,0.25,1,19.96983,79.342185,reverse_geocode,6.76,"Ward 10, Chandrapur-ish",ULB_CHD,W10,Ward 10,442401,nominatim,2025-03-13 15:31:22,tg83t7,True,2025-03-13 15:28:54,True,13,2,24,3,0,0,1,0,7.0,0.578,MEDIUM,public_health_0
PGR202500779,mobile,2025-06-08 13:55:15,Asia/Kolkata,citizen,True,1,"Good morning, for almost a week. I am reporting that the community tap is dry in the morning. the complaint has been logged in the app. tanker kadi yetil. krupaya sahayya kara.",mr,True,2025-06-08 13:56:28,asr_mr_v3,"good morning, for almost a week. i am reporting that the community tap is dry in the morning. the complaint has been logged in the app. tanker kadi yetil. krupaya sahayya kara.",176,32,water_supply,no_supply,0.8999999999999999,water_supply,0.6734,neutral,-0.0,low,0.25,1,19.881456,79.341154,gps,26.22,"Ward 20, Chandrapur-ish",ULB_CHD,W20,Ward 20,442401,nominatim,2025-06-08 13:56:05,tg83j7,True,2025-06-08 13:55:15,True,13,1,24,5,0,1,0,0,21.0,0.454,MEDIUM,water_supply_5
PGR202500780,mobile,2025-06-12 16:33:55,Asia/Kolkata,citizen,True,1,"Namaste, since yesterday. staff behaviour was unhelpful at the office. kripya madad kijiye.",hi,True,2025-06-12 16:34:03,asr_hi_v3,"namaste, since yesterday. staff behaviour was unhelpful at the office. kripya madad kijiye.",91,13,grievance_general,staff_behavior,0.75,grievance_general,0.5977,neutral,-0.18,low,0.25,1,20.060227,73.853746,gps,23.28,"Ward 18, Nashik-ish",ULB_NAS,W18,Ward 18,422001,nominatim,2025-06-12 16:36:26,tesd0e,True,2025-06-12 16:33:55,True,16,1,48,3,1,0,1,0,7.0,0.488,MEDIUM,-1
PGR202500781,portal,2025-05-07 13:27:56,Asia/Kolkata,citizen,True,1,"Namaste, since last night. We are experiencing the manhole is overflowing on the street. the complaint has been logged in the app. we also tried the IVR earlier. kripya madad kijiye.",hi,True,2025-05-07 13:28:48,asr_hi_v3,"namaste, since last night. we are experiencing the manhole is overflowing on the street. the complaint has been logged in the app. we also tried the ivr earlier. kripya madad kijiye.",182,31,drainage,manhole_overflow,0.8999999999999999,drainage,0.556,neutral,-0.18,low,0.43,1,19.808846,75.310732,gps,35.98,"Ward 20, Aurangabad-ish",ULB_AUR,W20,Ward 20,431001,nominatim,2025-05-07 13:30:25,tet89w,True,2025-05-07 13:27:56,True,12,1,24,5,0,0,0,0,13.0,0.49,MEDIUM,-1
PGR202500782,mobile,2025-02-19 09:51:56,Asia/Kolkata,contractor,True,1,"Hi, for two days. Residents are reporting the wash area is broken and unclean. summer mein dikkat ho rahi hai. please help.",en,True,2025-02-19 09:52:31,asr_en_v3,"hi, for two days. residents are reporting the wash area is broken and unclean. summer mein dikkat ho rahi hai. please help.",123,22,grievance_general,information_request,0.45,grievance_general,0.4313,negative,-0.36,low,0.25,1,19.863191,75.285954,gps,31.29,"Ward 11, Aurangabad-ish",ULB_AUR,W11,Ward 11,431001,nominatim,2025-02-19 09:52:57,tet8cp,True,2025-02-19 09:51:56,True,18,1,72,7,0,1,0,0,50.0,0.306,LOW,-1
PGR202500783,portal,2025-02-19 06:55:04,Asia/Kolkata,agent,True,1,"Hi, for two days. Residents are reporting the streetlight near our lane is not working. krupaya sahayya kara.",mr,True,2025-02-19 06:55:13,asr_mr_v3,"hi, for two days. residents are reporting the streetlight near our lane is not working. krupaya sahayya kara.",109,18,streetlights,lamp_faulty,0.75,streetlights,0.9174,neutral,-0.0,low,0.25,1,20.01311,73.714226,manual,36.08,"Ward 09, Nashik-ish",ULB_NAS,W09,Ward 09,422001,nominatim,2025-02-19 06:55:34,tes3v7,True,2025-02-19 06:55:04,True,18,1,48,5,0,0,0,0,9.0,0.289,LOW,-1
PGR202500784,mobile,2025-04-13 17:25:10,Asia/Kolkata,citizen,False,1,"Good morning, since Monday. the manhole is overflowing on the street. the complaint has been logged in the app. kripya madad kijiye.",hi,True,2025-04-13 17:27:09,asr_hi_v3,"good morning, since monday. the manhole is overflowing on the street. the complaint has been logged in the app. kripya madad kijiye.",132,22,drainage,manhole_overflow,0.8999999999999999,drainage,0.7239,neutral,-0.18,low,0.43,1,19.966983,73.833739,manual,29.13,"Ward 15, Nashik-ish",ULB_NAS,W15,Ward 15,422001,nominatim,2025-04-13 17:26:37,tes984,True,2025-04-13 17:25:10,True,14,1,48,3,1,0,1,0,7.0,0.688,HIGH,-1
PGR202500785,mobile,2025-04-30 05:43:43,Asia/Kolkata,citizen,True,1,"Hello, for almost a week. I am reporting that the bin is overflowing and animals gather there. please help.",en,True,2025-04-30 05:43:48,asr_en_v3,"hello, for almost a week. i am reporting that the bin is overflowing and animals gather there. please help.",107,19,drainage,manhole_overflow,0.75,drainage,0.8057,negative,-0.36,low,0.43,1,19.839386,75.392281,gps,23.15,"Ward 02, Aurangabad-ish",ULB_AUR,W02,Ward 02,431001,nominatim,2025-04-30 05:44:51,tet8ge,True,2025-04-30 05:43:43,True,14,1,24,4,0,0,1,0,8.0,0.568,MEDIUM,-1
PGR202500786,mobile,2025-02-05 20:33:46,Asia/Kolkata,citizen,True,1,"Namaste, since Monday. an illegal dumpsite is growing near the corner. the complaint has been logged in the app. kripya madad kijiye.",hi,True,2025-02-05 20:35:21,asr_hi_v3,"namaste, since monday. an illegal dumpsite is growing near the corner. the complaint has been logged in the app. kripya madad kijiye.",133,22,solid_waste,dumpsite,0.75,solid_waste,0.8149,neutral,-0.0,low,0.25,1,19.957216,73.812541,manual,36.49,"Ward 17, Nashik-ish",ULB_NAS,W17,Ward 17,422001,nominatim,2025-02-05 20:35:34,tes3x9,True,2025-02-05 20:33:46,True,20,1,72,3,0,0,1,0,7.0,0.368,MEDIUM,-1
PGR202500787,portal,2025-05-14 21:56:48,Asia/Kolkata,citizen,True,1,"Hello, since yesterday. I am reporting that the drain is blocked and water is stagnant. the complaint has been logged in the app. please help.",en,True,2025-05-14 21:57:29,asr_en_v3,"hello, since yesterday. i am reporting that the drain is blocked and water is stagnant. the complaint has been logged in the app. please help.",142,25,grievance_general,information_request,0.45,grievance_general,0.5454,neutral,-0.18,low,0.25,1,19.934803,79.369546,gps,33.79,"Ward 07, Chandrapur-ish",ULB_CHD,W07,Ward 07,442401,nominatim,2025-05-14 21:57:21,tg83qj,True,2025-05-14 21:56:48,True,16,1,24,3,0,0,1,0,5.0,0.367,MEDIUM,-1
PGR202500788,mobile,2025-04-23 16:14:09,Asia/Kolkata,citizen,True,1,"Namaste, for 48 hours. the bin is overflowing and animals gather there. krupaya sahayya kara.",mr,True,2025-04-23 16:14:46,asr_mr_v3,"namaste, for 48 hours. the bin is overflowing and animals gather there. krupaya sahayya kara.",93,15,drainage,manhole_overflow,0.75,drainage,0.7933,neutral,-0.18,low,0.43,1,19.989753,79.306334,reverse_geocode,25.64,"Ward 01, Chandrapur-ish",ULB_CHD,W01,Ward 01,442401,nominatim,2025-04-23 16:14:36,tg83sx,True,2025-04-23 16:14:09,True,20,1,72,4,1,0,1,0,9.0,0.688,HIGH,-1
PGR202500789,mobile,2025-02-02 20:17:22,Asia/Kolkata,citizen,True,1,"Hi, for 48 hours. We are experiencing the wash area is broken and unclean. krupaya sahayya kara.",mr,True,2025-02-02 20:18:48,asr_mr_v3,"hi, for 48 hours. we are experiencing the wash area is broken and unclean. krupaya sahayya kara.",96,17,grievance_general,information_request,0.45,grievance_general,0.5315,neutral,-0.18,low,0.25,1,19.96718,79.284132,manual,39.07,"Ward 05, Chandrapur-ish",ULB_CHD,W05,Ward 05,442401,nominatim,2025-02-02 20:18:51,tg83s4,True,2025-02-02 20:17:22,True,20,1,24,5,1,0,0,0,14.0,0.411,MEDIUM,grievance_general_1
PGR202500790,ivr,2025-02-15 08:26:20,Asia/Kolkata,citizen,True,1,"Hi, since Monday. We are experiencing there is a strong smell from the open drain. krupaya sahayya kara.",mr,True,2025-02-15 08:28:10,asr_mr_v3,"hi, since monday. we are experiencing there is a strong smell from the open drain. krupaya sahayya kara.",104,18,grievance_general,information_request,0.45,grievance_general,0.5712,neutral,-0.0,low,0.25,1,20.037061,73.716253,reverse_geocode,15.19,"Ward 05, Nashik-ish",ULB_NAS,W05,Ward 05,422001,nominatim,2025-02-15 08:28:43,tes3vr,True,2025-02-15 08:26:20,True,23,1,24,3,0,0,1,0,5.0,0.367,MEDIUM,-1
PGR202500791,mobile,2025-04-10 03:32:40,Asia/Kolkata,citizen,False,1,"Hi, for 48 hours. We are experiencing the streetlight near our lane is not working. please help.",en,True,2025-04-10 03:33:02,asr_en_v3,"hi, for 48 hours. we are experiencing the streetlight near our lane is not working. please help.",96,17,streetlights,lamp_faulty,0.75,streetlights,0.8846,neutral,-0.18,low,0.25,1,20.015191,73.736546,gps,15.64,"Ward 01, Nashik-ish",ULB_NAS,W01,Ward 01,422001,nominatim,2025-04-10 03:33:50,tes3vg,True,2025-04-10 03:32:40,True,10,1,48,4,1,0,1,0,10.0,0.489,MEDIUM,-1
PGR202500792,mobile,2025-05-20 09:18:26,Asia/Kolkata,citizen,True,1,"Good morning, since yesterday. Residents are reporting an old building has a dangerous cracked wall. the complaint has been logged in the app. kripya madad kijiye.",hi,True,2025-05-20 09:19:48,asr_hi_v3,"good morning, since yesterday. residents are reporting an old building has a dangerous cracked wall. the complaint has been logged in the app. kripya madad kijiye.",163,26,building_safety,dangerous_structure,0.98,building_safety,0.8472,neutral,-0.18,low,0.43,1,20.082507,73.78898,gps,15.41,"Ward 14, Nashik-ish",ULB_NAS,W14,Ward 14,422001,nominatim,2025-05-20 09:19:37,tes6pp,True,2025-05-20 09:18:26,True,15,1,24,3,0,0,1,0,5.0,0.567,MEDIUM,-1
PGR202500793,mobile,2025-06-04 19:26:16,Asia/Kolkata,citizen,True,1,"Good morning, for 48 hours. I am reporting that play equipment is broken in the park. dayavittu sahaya maadi.",kn,True,2025-06-04 19:28:15,asr_kn_v3,"good morning, for 48 hours. i am reporting that play equipment is broken in the park. dayavittu sahaya maadi.",109,19,parks,broken_play_equipment,0.75,parks,0.7561,neutral,-0.18,low,0.25,1,20.038616,73.772076,gps,37.29,"Ward 02, Nashik-ish",ULB_NAS,W02,Ward 02,422001,nominatim,2025-06-04 19:27:02,tes3yx,True,2025-06-04 19:26:16,True,16,1,48,5,0,0,0,0,10.0,0.289,LOW,-1
PGR202500794,mobile,2025-04-06 16:41:08,Asia/Kolkata,citizen,True,1,"Namaste, since last night. the tanker did not arrive today. it feels like a drought and the borewell is almost dry. kripya madad kijiye.",hi,True,2025-04-06 16:42:25,asr_hi_v3,"namaste, since last night. the tanker did not arrive today. it feels like a drought and the borewell is almost dry. kripya madad kijiye.",136,24,water_supply,no_supply,0.75,water_supply,0.576,neutral,-0.0,low,0.25,1,19.843311,75.290584,manual,43.57,"Ward 17, Aurangabad-ish",ULB_AUR,W17,Ward 17,431001,nominatim,2025-04-06 16:42:13,tet8ck,True,2025-04-06 16:41:08,True,12,1,72,3,0,0,1,0,6.0,0.527,MEDIUM,-1
PGR202500795,mobile,2025-03-17 07:17:32,Asia/Kolkata,agent,False,1,"Namaste, since Monday. Residents are reporting stray dogs are aggressive near the market. it feels like a drought and the borewell is almost dry. the complaint has been logged in the app. please help.",en,True,2025-03-17 07:18:46,asr_en_v3,"namaste, since monday. residents are reporting stray dogs are aggressive near the market. it feels like a drought and the borewell is almost dry. the complaint has been logged in the app. please help.",200,34,public_health,stray_dogs,0.8999999999999999,public_health,0.7339,neutral,-0.18,low,0.25,1,19.936781,75.409893,reverse_geocode,3.0,"Ward 10, Aurangabad-ish",ULB_AUR,W10,Ward 10,431001,nominatim,2025-03-17 07:18:39,tet97v,True,2025-03-17 07:17:32,True,15,1,72,4,1,0,1,0,12.0,0.65,HIGH,-1
PGR202500796,portal,2025-06-26 05:55:01,Asia/Kolkata,citizen,True,1,"Good morning, for 48 hours. We are experiencing an old building has a dangerous cracked wall. the complaint has been logged in the app. we also tried the IVR earlier. krupaya sahayya kara.",mr,True,2025-06-26 05:56:54,asr_mr_v3,"good morning, for 48 hours. we are experiencing an old building has a dangerous cracked wall. the complaint has been logged in the app. we also tried the ivr earlier. krupaya sahayya kara.",188,33,building_safety,dangerous_structure,0.98,building_safety,0.7762,neutral,-0.18,low,0.43,1,19.898657,79.362009,gps,41.17,"Ward 15, Chandrapur-ish",ULB_CHD,W15,Ward 15,442401,nominatim,2025-06-26 05:56:02,tg83jy,True,2025-06-26 05:55:01,True,14,1,48,3,0,0,1,0,7.0,0.568,MEDIUM,-1
PGR202500797,mobile,2025-04-10 18:46:22,Asia/Kolkata,contractor,True,1,"Good morning, for two days. I am reporting that the whole stretch is dark after evening. kripya madad kijiye.",hi,True,2025-04-10 18:48:01,asr_hi_v3,"good morning, for two days. i am reporting that the whole stretch is dark after evening. kripya madad kijiye.",109,19,grievance_general,information_request,0.45,grievance_general,0.6296,neutral,-0.0,low,0.25,1,19.938594,79.252309,gps,3.0,"Ward 07, Chandrapur-ish",ULB_CHD,W07,Ward 07,442401,nominatim,2025-04-10 18:47:36,tg837m,True,2025-04-10 18:46:22,True,16,1,96,4,0,0,1,0,9.0,0.369,MEDIUM,grievance_general_9
PGR202500798,ivr,2025-03-20 07:24:10,Asia/Kolkata,citizen,False,1,"Good morning, for the past three days. play equipment is broken in the park. kripya madad kijiye.",hi,True,2025-03-20 07:25:28,asr_hi_v3,"good morning, for the past three days. play equipment is broken in the park. kripya madad kijiye.",97,17,parks,broken_play_equipment,0.75,parks,0.8127,neutral,-0.18,low,0.43,1,19.953971,79.269507,manual,3.0,"Ward 03, Chandrapur-ish",ULB_CHD,W03,Ward 03,442401,nominatim,2025-03-20 07:25:15,tg83eb,True,2025-03-20 07:24:10,True,13,1,96,6,0,1,0,0,43.0,0.343,LOW,-1
PGR202500799,ivr,2025-04-08 08:19:50,Asia/Kolkata,citizen,True,1,"Good morning, since last night. I am reporting that the tanker did not arrive today. krupaya sahayya kara.",mr,True,2025-04-08 08:21:40,asr_mr_v3,"good morning, since last night. i am reporting that the tanker did not arrive today. krupaya sahayya kara.",106,18,water_supply,no_supply,0.75,water_supply,0.5796,neutral,-0.0,low,0.25,1,19.83149,75.389208,gps,16.49,"Ward 04, Aurangabad-ish",ULB_AUR,W04,Ward 04,431001,nominatim,2025-04-08 08:21:58,tet8gd,True,2025-04-08 08:19:50,True,13,2,24,4,1,0,1,0,10.0,0.699,HIGH,water_supply_6
PGR202500800,mobile,2025-02-02 19:31:47,Asia/Kolkata,citizen,False,1,"Good morning, for 48 hours. there is a strong smell from the open drain. barah e karam madad karein.",ur,True,2025-02-02 19:32:51,asr_ur_v3,"good morning, for 48 hours. there is a strong smell from the open drain. barah e karam madad karein.",100,19,grievance_general,information_request,0.45,grievance_general,0.5303,neutral,-0.0,low,0.25,1,19.988571,73.878378,reverse_geocode,15.23,"Ward 13, Nashik-ish",ULB_NAS,W13,Ward 13,422001,nominatim,2025-02-02 19:33:01,tes99n,True,2025-02-02 19:31:47,True,16,1,72,5,1,0,0,0,16.0,0.412,MEDIUM,-1
PGR202500801,mobile,2025-03-18 06:56:18,Asia/Kolkata,citizen,True,1,"Hello, for 48 hours. Residents are reporting an illegal dumpsite is growing near the corner. the complaint has been logged in the app. please help.",en,True,2025-03-18 06:57:20,asr_en_v3,"hello, for 48 hours. residents are reporting an illegal dumpsite is growing near the corner. the complaint has been logged in the app. please help.",147,25,solid_waste,dumpsite,0.75,solid_waste,0.7936,neutral,-0.18,low,0.25,1,19.898575,75.416457,reverse_geocode,3.38,"Ward 15, Aurangabad-ish",ULB_AUR,W15,Ward 15,431001,nominatim,2025-03-18 06:58:38,tet9hn,True,2025-03-18 06:56:18,True,9,1,24,5,0,0,0,0,16.0,0.292,LOW,-1
PGR202500802,mobile,2025-04-19 07:59:45,Asia/Kolkata,citizen,True,1,"Hi, since yesterday. Residents are reporting the manhole is overflowing on the street. krupaya sahayya kara.",mr,True,2025-04-19 08:00:02,asr_mr_v3,"hi, since yesterday. residents are reporting the manhole is overflowing on the street. krupaya sahayya kara.",108,16,drainage,manhole_overflow,0.8999999999999999,drainage,0.7182,neutral,-0.18,low,0.43,1,20.042278,73.87377,gps,29.75,"Ward 06, Nashik-ish",ULB_NAS,W06,Ward 06,422001,nominatim,2025-04-19 08:01:41,tesd10,True,2025-04-19 07:59:45,True,17,1,24,4,0,0,1,0,8.0,0.568,MEDIUM,-1
PGR202500803,portal,2025-06-18 18:23:26,Asia/Kolkata,citizen,True,1,"Ji, for 48 hours. Residents are reporting waterlogging is happening after even light rain. the complaint has been logged in the app. kripya madad kijiye.",hi,True,2025-06-18 18:25:23,asr_hi_v3,"ji, for 48 hours. residents are reporting waterlogging is happening after even light rain. the complaint has been logged in the app. kripya madad kijiye.",153,25,drainage,waterlogging,0.75,drainage,0.7627,neutral,-0.0,low,0.25,1,20.004253,73.809828,gps,30.19,"Ward 08, Nashik-ish",ULB_NAS,W08,Ward 08,422001,nominatim,2025-06-18 18:25:28,tes3z9,True,2025-06-18 18:23:26,True,9,1,24,5,1,0,0,0,14.0,0.571,MEDIUM,-1
PGR202500804,mobile,2025-05-22 17:36:49,Asia/Kolkata,citizen,True,1,"Namaste, for almost a week. a loose cable is creating a hazard. summer mein dikkat ho rahi hai. kripya madad kijiye.",hi,True,2025-05-22 17:37:05,asr_hi_v3,"namaste, for almost a week. a loose cable is creating a hazard. summer mein dikkat ho rahi hai. kripya madad kijiye.",116,21,utilities_other,cable_hazard,0.75,utilities_other,0.6731,neutral,-0.0,low,0.25,1,19.952225,79.385569,gps,35.81,"Ward 19, Chandrapur-ish",ULB_CHD,W19,Ward 19,442401,nominatim,2025-05-22 17:38:42,tg83w2,True,2025-05-22 17:36:49,True,15,1,24,4,0,0,1,0,13.0,0.37,MEDIUM,-1
PGR202500805,ivr,2025-05-29 04:39:29,Asia/Kolkata,citizen,True,1,"Good evening, since yesterday. I am reporting that there is illegal construction on the terrace. the complaint has been logged in the app. kripya madad kijiye.",hi,True,2025-05-29 04:40:30,asr_hi_v3,"good evening, since yesterday. i am reporting that there is illegal construction on the terrace. the complaint has been logged in the app. kripya madad kijiye.",159,26,building_safety,illegal_construction,0.75,building_safety,0.7859,neutral,-0.0,low,0.25,1,19.974737,73.815612,gps,13.5,"Ward 18, Nashik-ish",ULB_NAS,W18,Ward 18,422001,nominatim,2025-05-29 04:42:16,tes3xs,True,2025-05-29 04:39:29,True,16,1,24,3,0,0,1,0,6.0,0.527,MEDIUM,-1
PGR202500806,csc,2025-04-23 17:38:45,Asia/Kolkata,citizen,True,1,"Good morning, since Monday. waterlogging is happening after even light rain. we also tried the IVR earlier. summer mein dikkat ho rahi hai. please help.",en,True,2025-04-23 17:38:53,asr_en_v3,"good morning, since monday. waterlogging is happening after even light rain. we also tried the ivr earlier. summer mein dikkat ho rahi hai. please help.",152,25,drainage,waterlogging,0.75,drainage,0.5413,neutral,-0.18,low,0.25,1,19.98562,79.305507,reverse_geocode,19.41,"Ward 09, Chandrapur-ish",ULB_CHD,W09,Ward 09,442401,nominatim,2025-04-23 17:39:45,tg83sw,True,2025-04-23 17:38:45,True,20,1,24,4,0,0,1,0,9.0,0.529,MEDIUM,-1
PGR202500807,csc,2025-02-17 14:07:05,Asia/Kolkata,citizen,True,1,"Ji, since Monday. We are experiencing we suspect a pipeline leak nearby. kripya madad kijiye.",hi,True,2025-02-17 14:08:09,asr_hi_v3,"ji, since monday. we are experiencing we suspect a pipeline leak nearby. kripya madad kijiye.",93,15,water_supply,burst_pipeline,0.75,water_supply,0.5844,neutral,-0.0,low,0.25,1,20.080137,73.774603,manual,19.54,"Ward 05, Nashik-ish",ULB_NAS,W05,Ward 05,422001,nominatim,2025-02-17 14:10:02,tes6nz,True,2025-02-17 14:07:05,True,23,1,48,5,1,0,0,0,10.0,0.569,MEDIUM,water_supply_12
PGR202500808,portal,2025-03-31 15:20:06,Asia/Kolkata,citizen,True,1,"Good morning, for two days. the community tap is dry in the morning. the complaint has been logged in the app. please help.",en,True,2025-03-31 15:21:15,asr_en_v3,"good morning, for two days. the community tap is dry in the morning. the complaint has been logged in the app. please help.",123,23,water_supply,no_supply,0.75,water_supply,0.6458,neutral,-0.18,low,0.25,1,19.904263,79.337607,gps,45.32,"Ward 07, Chandrapur-ish",ULB_CHD,W07,Ward 07,442401,nominatim,2025-03-31 15:20:59,tg83jr,True,2025-03-31 15:20:06,True,16,1,72,3,0,0,1,0,4.0,0.527,MEDIUM,water_supply_5
PGR202500809,whatsapp,2025-06-30 13:19:28,Asia/Kolkata,citizen,True,1,"Hello, in Chandrapur near Ward 11, since yesterday. We are experiencing there are big potholes on the road. kripya madad kijiye.",hi,True,2025-06-30 13:20:11,asr_hi_v3,"hello, in chandrapur near ward 11, since yesterday. we are experiencing there are big potholes on the road. kripya madad kijiye.",128,21,roads,potholes,0.75,roads,0.6903,neutral,-0.0,low,0.25,1,19.93888,79.252279,gps,22.51,"Ward 11, Chandrapur-ish",ULB_CHD,W11,Ward 11,442401,nominatim,2025-06-30 13:20:10,tg837m,True,2025-06-30 13:19:28,True,19,1,72,4,0,0,1,0,11.0,0.37,MEDIUM,-1
PGR202500810,mobile,2025-02-07 15:00:56,Asia/Kolkata,citizen,True,1,"Good evening, for two days. there is no water in the tap. krupaya sahayya kara.",mr,True,2025-02-07 15:02:48,asr_mr_v3,"good evening, for two days. there is no water in the tap. krupaya sahayya kara.",79,15,water_supply,no_supply,0.98,water_supply,0.515,neutral,-0.18,low,0.43,1,19.889777,79.279292,gps,5.65,"Ward 12, Chandrapur-ish",ULB_CHD,W12,Ward 12,442401,nominatim,2025-02-07 15:03:28,tg83hh,True,2025-02-07 15:00:56,True,17,1,24,4,0,0,1,0,6.0,0.567,MEDIUM,-1
PGR202500811,portal,2025-06-12 21:07:11,Asia/Kolkata,citizen,True,1,"Hi, in Aurangabad near Ward 04, since yesterday. an illegal dumpsite is growing near the corner. the complaint has been logged in the app. we also tried the IVR earlier. kripya madad kijiye.",hi,True,2025-06-12 21:07:24,asr_hi_v3,"hi, in aurangabad near ward 04, since yesterday. an illegal dumpsite is growing near the corner. the complaint has been logged in the app. we also tried the ivr earlier. kripya madad kijiye.",190,33,solid_waste,dumpsite,0.75,solid_waste,0.6544,neutral,-0.18,low,0.25,1,19.915399,75.428408,gps,20.08,"Ward 04, Aurangabad-ish",ULB_AUR,W04,Ward 04,431001,nominatim,2025-06-12 21:09:54,tet9k3,True,2025-06-12 21:07:11,True,13,1,24,3,0,0,1,0,2.0,0.366,MEDIUM,-1
PGR202500812,mobile,2025-05-14 16:11:03,Asia/Kolkata,citizen,True,1,"Hi, for almost a week. I am reporting that garbage pickup has been missed repeatedly. the complaint has been logged in the app. please help.",en,True,2025-05-14 16:12:33,asr_en_v3,"hi, for almost a week. i am reporting that garbage pickup has been missed repeatedly. the complaint has been logged in the app. please help.",140,25,solid_waste,missed_pickup,0.75,solid_waste,0.7812,negative,-0.54,low,0.25,1,19.881846,75.271113,reverse_geocode,3.72,"Ward 02, Aurangabad-ish",ULB_AUR,W02,Ward 02,431001,nominatim,2025-05-14 16:11:37,tet90g,True,2025-05-14 16:11:03,True,14,1,48,4,0,0,1,0,13.0,0.37,MEDIUM,-1
PGR202500813,whatsapp,2025-03-15 14:04:13,Asia/Kolkata,citizen,False,1,"Hello, since Monday. I am reporting that staff behaviour was unhelpful at the office. groundwater is very low this season. kripya madad kijiye.",hi,True,2025-03-15 14:04:23,asr_hi_v3,"hello, since monday. i am reporting that staff behaviour was unhelpful at the office. groundwater is very low this season. kripya madad kijiye.",143,23,grievance_general,staff_behavior,0.75,grievance_general,0.4636,neutral,-0.18,low,0.25,1,20.030163,73.871121,reverse_geocode,16.13,"Ward 10, Nashik-ish",ULB_NAS,W10,Ward 10,422001,nominatim,2025-03-15 14:06:08,tes9by,True,2025-03-15 14:04:13,True,11,1,96,6,1,1,0,0,30.0,0.418,MEDIUM,grievance_general_10
PGR202500814,portal,2025-05-28 16:45:32,Asia/Kolkata,citizen,True,1,"Good evening, for 48 hours. I am reporting that there are big potholes on the road. kripya madad kijiye.",hi,True,2025-05-28 16:46:35,asr_hi_v3,"good evening, for 48 hours. i am reporting that there are big potholes on the road. kripya madad kijiye.",104,19,roads,potholes,0.75,roads,0.8659,neutral,-0.0,low,0.25,1,20.062422,73.75822,reverse_geocode,18.11,"Ward 16, Nashik-ish",ULB_NAS,W16,Ward 16,422001,nominatim,2025-05-28 16:47:14,tes6nk,True,2025-05-28 16:45:32,True,19,1,24,4,0,0,1,0,8.0,0.368,MEDIUM,-1
PGR202500815,csc,2025-06-06 12:49:38,Asia/Kolkata,citizen,True,1,"Namaste, for two days. We are experiencing the bin is overflowing and animals gather there. kripya madad kijiye.",hi,True,2025-06-06 12:49:50,asr_hi_v3,"namaste, for two days. we are experiencing the bin is overflowing and animals gather there. kripya madad kijiye.",112,18,drainage,manhole_overflow,0.75,drainage,0.7865,neutral,-0.18,low,0.43,1,19.818584,75.430136,gps,10.13,"Ward 04, Aurangabad-ish",ULB_AUR,W04,Ward 04,431001,nominatim,2025-06-06 12:50:33,tet8sr,True,2025-06-06 12:49:38,True,13,1,48,5,0,0,0,0,11.0,0.489,MEDIUM,-1
PGR202500816,mobile,2025-02-07 11:35:19,Asia/Kolkata,citizen,True,1,"Good evening, in Nashik near Ward 09, for the past three days. I am reporting that resurfacing has been pending for many weeks. the complaint has been logged in the app. krupaya sahayya kara.",mr,True,2025-02-07 11:36:07,asr_mr_v3,"good evening, in nashik near ward 09, for the past three days. i am reporting that resurfacing has been pending for many weeks. the complaint has been logged in the app. krupaya sahayya kara.",191,34,grievance_general,information_request,0.45,grievance_general,0.4964,neutral,-0.0,low,0.43,1,20.078113,73.710743,reverse_geocode,20.97,"Ward 09, Nashik-ish",ULB_NAS,W09,Ward 09,422001,nominatim,2025-02-07 11:37:02,tes6jr,True,2025-02-07 11:35:19,True,18,1,72,4,0,0,1,0,12.0,0.41,MEDIUM,-1
PGR202500817,whatsapp,2025-02-16 23:06:37,Asia/Kolkata,citizen,True,1,"Good evening, since last night. the manhole is overflowing on the street. the complaint has been logged in the app. we also tried the IVR earlier. krupaya sahayya kara.",mr,True,2025-02-16 23:08:29,asr_mr_v3,"good evening, since last night. the manhole is overflowing on the street. the complaint has been logged in the app. we also tried the ivr earlier. krupaya sahayya kara.",168,29,drainage,manhole_overflow,0.8999999999999999,drainage,0.5557,neutral,-0.18,low,0.43,1,20.073551,73.719443,gps,29.42,"Ward 04, Nashik-ish",ULB_NAS,W04,Ward 04,422001,nominatim,2025-02-16 23:08:46,tes6jw,True,2025-02-16 23:06:37,True,7,1,24,4,1,0,1,0,8.0,0.688,HIGH,-1
PGR202500818,portal,2025-05-11 20:41:54,Asia/Kolkata,citizen,True,1,"Good evening, for two days. an illegal dumpsite is growing near the corner. the complaint has been logged in the app. kripya madad kijiye.",hi,True,2025-05-11 20:42:20,asr_hi_v3,"good evening, for two days. an illegal dumpsite is growing near the corner. the complaint has been logged in the app. kripya madad kijiye.",138,24,solid_waste,dumpsite,0.75,solid_waste,0.7922,neutral,-0.0,low,0.25,1,19.959493,73.85172,photo_exif,16.46,"Ward 05, Nashik-ish",ULB_NAS,W05,Ward 05,422001,nominatim,2025-05-11 20:43:45,tes989,True,2025-05-11 20:41:54,True,23,1,48,3,0,0,1,0,4.0,0.367,MEDIUM,-1
PGR202500819,portal,2025-06-30 20:46:36,Asia/Kolkata,citizen,True,1,"Namaste, since yesterday. We are experiencing we suspect a pipeline leak nearby. please help.",en,True,2025-06-30 20:47:34,asr_en_v3,"namaste, since yesterday. we are experiencing we suspect a pipeline leak nearby. please help.",93,14,water_supply,burst_pipeline,0.75,water_supply,0.6145,neutral,-0.18,low,0.25,1,20.030447,73.78291,reverse_geocode,13.2,"Ward 13, Nashik-ish",ULB_NAS,W13,Ward 13,422001,nominatim,2025-06-30 20:48:19,tes3yy,True,2025-06-30 20:46:36,True,16,1,48,3,0,0,1,0,8.0,0.528,MEDIUM,water_supply_14
PGR202500820,whatsapp,2025-02-04 14:16:46,Asia/Kolkata,citizen,True,1,"Namaste, for 48 hours. We are experiencing there is illegal construction on the terrace. the complaint has been logged in the app. we also tried the IVR earlier. krupaya sahayya kara.",mr,True,2025-02-04 14:18:05,asr_mr_v3,"namaste, for 48 hours. we are experiencing there is illegal construction on the terrace. the complaint has been logged in the app. we also tried the ivr earlier. krupaya sahayya kara.",183,31,building_safety,illegal_construction,0.75,building_safety,0.7067,neutral,-0.0,low,0.25,1,20.085579,73.867861,manual,17.51,"Ward 06, Nashik-ish",ULB_NAS,W06,Ward 06,422001,nominatim,2025-02-04 14:19:27,tesd2b,True,2025-02-04 14:16:46,True,17,1,72,5,0,0,0,0,12.0,0.45,MEDIUM,-1
PGR202500821,mobile,2025-05-11 20:27:53,Asia/Kolkata,citizen,False,1,"Good morning, for two days. I am reporting that the streetlight near our lane is not working. we also tried the IVR earlier. dayavittu sahaya maadi.",kn,True,2025-05-11 20:29:12,asr_kn_v3,"good morning, for two days. i am reporting that the streetlight near our lane is not working. we also tried the ivr earlier. dayavittu sahaya maadi.",148,26,streetlights,lamp_faulty,0.75,streetlights,0.8456,neutral,-0.0,low,0.25,1,19.808644,75.373217,gps,19.89,"Ward 06, Aurangabad-ish",ULB_AUR,W06,Ward 06,431001,nominatim,2025-05-11 20:28:49,tet8en,True,2025-05-11 20:27:53,True,19,1,24,5,0,0,0,0,14.0,0.291,LOW,-1
PGR202500822,mobile,2025-02-21 11:29:18,Asia/Kolkata,citizen,True,1,"Good morning, since last night. We are experiencing a service request has no update. barah e karam madad karein.",ur,True,2025-02-21 11:31:07,asr_ur_v3,"good morning, since last night. we are experiencing a service request has no update. barah e karam madad karein.",112,19,grievance_general,information_request,0.45,grievance_general,0.5303,neutral,-0.0,low,0.25,1,20.06584,73.810098,gps,6.1,"Ward 20, Nashik-ish",ULB_NAS,W20,Ward 20,422001,nominatim,2025-02-21 11:31:17,tes6ps,True,2025-02-21 11:29:18,True,11,2,72,5,1,0,0,0,9.0,0.459,MEDIUM,grievance_general_5
PGR202500823,portal,2025-05-09 12:26:59,Asia/Kolkata,citizen,True,1,"Ji, for two days. resurfacing has been pending for many weeks. the complaint has been logged in the app. krupaya sahayya kara.",mr,True,2025-05-09 12:27:06,asr_mr_v3,"ji, for two days. resurfacing has been pending for many weeks. the complaint has been logged in the app. krupaya sahayya kara.",126,22,grievance_general,information_request,0.45,grievance_general,0.6378,neutral,-0.0,low,0.25,1,20.097451,73.83721,reverse_geocode,26.92,"Ward 04, Nashik-ish",ULB_NAS,W04,Ward 04,422001,nominatim,2025-05-09 12:28:09,tesd24,True,2025-05-09 12:26:59,True,7,1,72,3,1,0,1,0,4.0,0.487,MEDIUM,grievance_general_12
PGR202500824,mobile,2025-05-05 11:56:00,Asia/Kolkata,citizen,False,1,"Hi, for the past three days. Residents are reporting play equipment is broken in the park. groundwater is very low this season. pani nahiye. krupaya sahayya kara.",mr,True,2025-05-05 11:57:05,asr_mr_v3,"hi, for the past three days. residents are reporting play equipment is broken in the park. groundwater is very low this season. pani nahiye. krupaya sahayya kara.",162,27,parks,broken_play_equipment,0.75,parks,0.7114,negative,-0.36,low,0.43,1,19.89458,79.279745,gps,133.81,"Ward 04, Chandrapur-ish",ULB_CHD,W04,Ward 04,442401,nominatim,2025-05-05 11:58:55,tg83hj,True,2025-05-05 11:56:00,True,19,1,96,7,1,1,0,0,51.0,0.466,MEDIUM,-1
PGR202500825,mobile,2025-02-14 13:35:11,Asia/Kolkata,citizen,False,1,"Namaste, in Aurangabad near Ward 19, for the past three days. I am reporting that there are big potholes on the road. kripya madad kijiye.",hi,True,2025-02-14 13:36:10,asr_hi_v3,"namaste, in aurangabad near ward 19, for the past three days. i am reporting that there are big potholes on the road. kripya madad kijiye.",138,25,roads,potholes,0.75,roads,0.7045,neutral,-0.18,low,0.43,1,19.923937,75.449351,reverse_geocode,38.92,"Ward 19, Aurangabad-ish",ULB_AUR,W19,Ward 19,431001,nominatim,2025-02-14 13:36:11,tet9kg,True,2025-02-14 13:35:11,True,12,1,48,3,0,0,1,0,2.0,0.405,MEDIUM,-1
PGR202500826,mobile,2025-05-14 02:37:15,Asia/Kolkata,citizen,True,1,"Good morning, for almost a week. resurfacing has been pending for many weeks. kripya madad kijiye.",hi,True,2025-05-14 02:37:23,asr_hi_v3,"good morning, for almost a week. resurfacing has been pending for many weeks. kripya madad kijiye.",98,16,grievance_general,information_request,0.45,grievance_general,0.6215,neutral,-0.0,low,0.25,1,19.814751,75.270066,gps,28.87,"Ward 12, Aurangabad-ish",ULB_AUR,W12,Ward 12,431001,nominatim,2025-05-14 02:39:54,tet88z,True,2025-05-14 02:37:15,True,8,1,48,3,0,0,1,0,7.0,0.368,MEDIUM,-1
PGR202500827,mobile,2025-06-15 13:19:11,Asia/Kolkata,citizen,True,1,"Ji, since last night. a license check is required for these stalls. krupaya sahayya kara.",mr,True,2025-06-15 13:20:35,asr_mr_v3,"ji, since last night. a license check is required for these stalls. krupaya sahayya kara.",89,15,markets,license_check,0.75,markets,0.9191,neutral,-0.0,low,0.25,1,19.986874,79.259653,photo_exif,37.55,"Ward 01, Chandrapur-ish",ULB_CHD,W01,Ward 01,442401,nominatim,2025-06-15 13:21:12,tg83ew,True,2025-06-15 13:19:11,True,20,1,24,3,0,0,1,0,8.0,0.368,MEDIUM,-1
PGR202500828,ivr,2025-06-10 12:23:49,Asia/Kolkata,citizen,True,1,"Good evening, since yesterday. an electrical cabinet is open near the path. krupaya sahayya kara.",mr,True,2025-06-10 12:23:54,asr_mr_v3,"good evening, since yesterday. an electrical cabinet is open near the path. krupaya sahayya kara.",97,15,grievance_general,information_request,0.45,grievance_general,0.5839,neutral,-0.0,low,0.25,1,19.889598,79.383322,gps,4.83,"Ward 09, Chandrapur-ish",ULB_CHD,W09,Ward 09,442401,nominatim,2025-06-10 12:24:43,tg83nk,True,2025-06-10 12:23:49,True,20,1,48,5,0,0,0,0,5.0,0.287,LOW,-1
PGR202500829,portal,2025-02-05 08:23:53,Asia/Kolkata,agent,True,1,"Good morning, since Monday. Residents are reporting an illegal dumpsite is growing near the corner. groundwater is very low this season. krupaya sahayya kara.",mr,True,2025-02-05 08:24:10,asr_mr_v3,"good morning, since monday. residents are reporting an illegal dumpsite is growing near the corner. groundwater is very low this season. krupaya sahayya kara.",158,24,solid_waste,dumpsite,0.75,solid_waste,0.6327,neutral,-0.0,low,0.25,1,19.920067,75.426313,manual,14.43,"Ward 12, Aurangabad-ish",ULB_AUR,W12,Ward 12,431001,nominatim,2025-02-05 08:26:14,tet9k6,True,2025-02-05 08:23:53,True,8,1,48,4,0,0,1,0,8.0,0.368,MEDIUM,-1
PGR202500830,mobile,2025-03-09 21:17:58,Asia/Kolkata,citizen,True,1,"Good morning, since Monday. the tanker did not arrive today. summer water crisis is likely so please plan supply. krupaya sahayya kara.",mr,True,2025-03-09 21:18:41,asr_mr_v3,"good morning, since monday. the tanker did not arrive today. summer water crisis is likely so please plan supply. krupaya sahayya kara.",135,22,water_supply,no_supply,0.75,water_supply,0.5056,neutral,-0.0,low,0.25,1,19.971072,79.29838,gps,3.0,"Ward 06, Chandrapur-ish",ULB_CHD,W06,Ward 06,442401,nominatim,2025-03-09 21:18:56,tg83s7,True,2025-03-09 21:17:58,True,17,1,72,4,0,0,1,0,13.0,0.53,MEDIUM,water_supply_15
PGR202500831,portal,2025-03-09 02:58:51,Asia/Kolkata,agent,True,1,"Good evening, since Monday. I am reporting that tap pressure is very low. pani ki kami ho rahi hai please arrange tankers. please help.",en,True,2025-03-09 02:59:15,asr_en_v3,"good evening, since monday. i am reporting that tap pressure is very low. pani ki kami ho rahi hai please arrange tankers. please help.",135,24,water_supply,no_supply,0.98,water_supply,0.8503,negative,-0.36,low,0.25,1,19.935947,75.309745,gps,9.42,"Ward 11, Aurangabad-ish",ULB_AUR,W11,Ward 11,431001,nominatim,2025-03-09 02:59:52,tet93t,True,2025-03-09 02:58:51,True,18,1,24,5,0,0,0,0,10.0,0.449,MEDIUM,water_supply_4
PGR202500832,portal,2025-04-09 23:51:08,Asia/Kolkata,citizen,True,1,"Ji, since last night. We are experiencing staff behaviour was unhelpful at the office. groundwater is very low this season. please jaldi se kijiye. kirpa karke madad karo.",pa,True,2025-04-09 23:51:28,asr_pa_v3,"ji, since last night. we are experiencing staff behaviour was unhelpful at the office. groundwater is very low this season. please jaldi se kijiye. kirpa karke madad karo.",171,28,grievance_general,staff_behavior,0.75,grievance_general,0.3661,neutral,-0.18,low,0.25,1,19.841327,75.42728,gps,38.78,"Ward 13, Aurangabad-ish",ULB_AUR,W13,Ward 13,431001,nominatim,2025-04-09 23:52:23,tet8uk,True,2025-04-09 23:51:08,True,16,1,48,3,0,0,1,0,2.0,0.366,MEDIUM,grievance_general_14
PGR202500833,portal,2025-02-22 10:52:43,Asia/Kolkata,citizen,True,1,"Good evening, for the past three days. We are experiencing an electrical cabinet is open near the path. krupaya sahayya kara.",mr,True,2025-02-22 10:53:53,asr_mr_v3,"good evening, for the past three days. we are experiencing an electrical cabinet is open near the path. krupaya sahayya kara.",125,21,grievance_general,information_request,0.45,grievance_general,0.5287,neutral,-0.0,low,0.43,1,19.902123,75.429134,gps,42.31,"Ward 06, Aurangabad-ish",ULB_AUR,W06,Ward 06,431001,nominatim,2025-02-22 10:54:52,tet9hr,True,2025-02-22 10:52:43,True,19,2,24,3,0,0,1,0,9.0,0.458,MEDIUM,grievance_general_4
PGR202500834,ivr,2025-06-09 03:38:51,Asia/Kolkata,citizen,True,1,"Hello, for two days. I am reporting that a service request has no update. barah e karam madad karein.",ur,True,2025-06-09 03:40:17,asr_ur_v3,"hello, for two days. i am reporting that a service request has no update. barah e karam madad karein.",101,19,grievance_general,information_request,0.45,grievance_general,0.5482,neutral,-0.0,low,0.25,1,19.901826,79.392845,photo_exif,3.0,"Ward 17, Chandrapur-ish",ULB_CHD,W17,Ward 17,442401,nominatim,2025-06-09 03:40:13,tg83nx,True,2025-06-09 03:38:51,True,13,1,48,5,1,0,0,0,10.0,0.409,MEDIUM,-1
PGR202500835,whatsapp,2025-05-28 12:21:51,Asia/Kolkata,citizen,True,1,"Good evening, since Monday. I am reporting that we need information on the process. the complaint has been logged in the app. krupaya sahayya kara.",mr,True,2025-05-28 12:22:23,asr_mr_v3,"good evening, since monday. i am reporting that we need information on the process. the complaint has been logged in the app. krupaya sahayya kara.",147,25,grievance_general,information_request,0.75,grievance_general,0.5148,neutral,-0.0,low,0.25,1,20.041911,73.833607,manual,13.13,"Ward 10, Nashik-ish",ULB_NAS,W10,Ward 10,422001,nominatim,2025-05-28 12:23:42,tesd00,True,2025-05-28 12:21:51,True,11,1,48,4,0,0,1,0,10.0,0.369,MEDIUM,-1
PGR202500836,mobile,2025-06-02 06:03:31,Asia/Kolkata,citizen,True,1,"Ji, for two days. the septic tank has overflowed onto the street. krupaya sahayya kara.",mr,True,2025-06-02 06:04:50,asr_mr_v3,"ji, for two days. the septic tank has overflowed onto the street. krupaya sahayya kara.",87,15,sanitation,septic_overflow,0.75,sanitation,0.8565,neutral,-0.18,low,0.43,1,20.087109,73.776151,photo_exif,18.86,"Ward 20, Nashik-ish",ULB_NAS,W20,Ward 20,422001,nominatim,2025-06-02 06:05:19,tes6qb,True,2025-06-02 06:03:31,True,11,1,48,5,1,0,0,0,9.0,0.608,HIGH,-1
PGR202500837,mobile,2025-03-02 17:32:06,Asia/Kolkata,citizen,True,1,"Ji, since yesterday. We are experiencing the community tap is dry in the morning. please help.",en,True,2025-03-02 17:32:22,asr_en_v3,"ji, since yesterday. we are experiencing the community tap is dry in the morning. please help.",94,16,water_supply,no_supply,0.75,water_supply,0.6806,neutral,-0.18,low,0.25,1,19.907936,75.378068,photo_exif,28.78,"Ward 02, Aurangabad-ish",ULB_AUR,W02,Ward 02,431001,nominatim,2025-03-02 17:32:57,tet972,True,2025-03-02 17:32:06,True,14,1,48,4,0,0,1,0,11.0,0.53,MEDIUM,-1
PGR202500838,portal,2025-02-03 04:27:40,Asia/Kolkata,citizen,True,1,"Ji, since yesterday. Residents are reporting the manhole is overflowing on the street. pani ki kami ho rahi hai please arrange tankers. the complaint has been logged in the app. krupaya sahayya kara.",mr,True,2025-02-03 04:28:05,asr_mr_v3,"ji, since yesterday. residents are reporting the manhole is overflowing on the street. pani ki kami ho rahi hai please arrange tankers. the complaint has been logged in the app. krupaya sahayya kara.",199,33,water_supply,no_supply,0.8999999999999999,water_supply,0.3679,negative,-0.36,low,0.43,1,19.990285,79.384541,reverse_geocode,6.4,"Ward 07, Chandrapur-ish",ULB_CHD,W07,Ward 07,442401,nominatim,2025-02-03 04:28:37,tg83wr,True,2025-02-03 04:27:40,True,16,1,24,3,0,0,1,0,8.0,0.568,MEDIUM,water_supply_1
PGR202500839,portal,2025-06-17 14:17:50,Asia/Kolkata,agent,False,1,"Namaste, for the past three days. Residents are reporting the septic tank has overflowed onto the street. the complaint has been logged in the app. dayavittu sahaya maadi.",kn,True,2025-06-17 14:18:24,asr_kn_v3,"namaste, for the past three days. residents are reporting the septic tank has overflowed onto the street. the complaint has been logged in the app. dayavittu sahaya maadi.",171,28,sanitation,septic_overflow,0.75,sanitation,0.7615,neutral,-0.18,medium,0.61,1,19.975209,79.260146,gps,4.05,Chandrapur-ish,ULB_CHD,Non,,442401,nominatim,2025-06-17 14:18:59,tg83es,True,2025-06-17 14:17:50,True,4,1,24,4,0,0,1,0,7.0,0.607,HIGH,-1
PGR202500840,portal,2025-03-16 08:04:12,Asia/Kolkata,citizen,False,1,"Namaste, for two days. I am reporting that an illegal dumpsite is growing near the corner. kripya madad kijiye.",hi,True,2025-03-16 08:05:58,asr_hi_v3,"namaste, for two days. i am reporting that an illegal dumpsite is growing near the corner. kripya madad kijiye.",111,19,solid_waste,dumpsite,0.75,solid_waste,0.8171,neutral,-0.0,low,0.25,1,19.90564,79.393097,manual,27.34,"Ward 18, Chandrapur-ish",ULB_CHD,W18,Ward 18,442401,nominatim,2025-03-16 08:05:07,tg83nx,True,2025-03-16 08:04:12,True,11,1,48,5,0,0,0,0,16.0,0.292,LOW,-1
PGR202500841,portal,2025-05-10 10:34:06,Asia/Kolkata,citizen,False,1,"Good morning, since yesterday. we need information on the process. kirpa karke madad karo.",pa,True,2025-05-10 10:35:14,asr_pa_v3,"good morning, since yesterday. we need information on the process. kirpa karke madad karo.",90,14,grievance_general,information_request,0.75,grievance_general,0.4254,neutral,-0.0,low,0.25,1,19.945298,75.443483,gps,9.24,"Ward 05, Aurangabad-ish",ULB_AUR,W05,Ward 05,431001,nominatim,2025-05-10 10:36:52,tet9ky,True,2025-05-10 10:34:06,True,17,1,24,3,1,0,1,0,6.0,0.488,MEDIUM,-1
PGR202500842,portal,2025-06-17 09:58:16,Asia/Kolkata,citizen,False,1,"Hello, for 48 hours. the public toilet is not functioning. kripya madad kijiye.",hi,True,2025-06-17 09:59:40,asr_hi_v3,"hello, for 48 hours. the public toilet is not functioning. kripya madad kijiye.",79,13,sanitation,public_toilet_faulty,0.75,sanitation,0.7635,neutral,-0.0,low,0.25,1,19.80552,75.32649,manual,13.3,"Ward 20, Aurangabad-ish",ULB_AUR,W20,Ward 20,431001,nominatim,2025-06-17 09:59:37,tet8dj,True,2025-06-17 09:58:16,True,12,1,72,3,1,0,1,0,8.0,0.648,HIGH,-1
PGR202500843,mobile,2025-02-06 10:11:08,Asia/Kolkata,citizen,False,1,"Hello, for the past three days. the public toilet is not functioning. kripya madad kijiye.",hi,True,2025-02-06 10:13:05,asr_hi_v3,"hello, for the past three days. the public toilet is not functioning. kripya madad kijiye.",90,15,sanitation,public_toilet_faulty,0.75,sanitation,0.7905,neutral,-0.0,low,0.43,1,19.986354,79.362933,gps,22.43,"Ward 04, Chandrapur-ish",ULB_CHD,W04,Ward 04,442401,nominatim,2025-02-06 10:12:32,tg83ty,True,2025-02-06 10:11:08,True,19,2,48,4,1,0,1,0,7.0,0.738,HIGH,-1
PGR202500844,mobile,2025-02-01 19:42:14,Asia/Kolkata,citizen,True,1,"Hi, for 48 hours. We are experiencing the road surface is broken at the crossing. we also tried the IVR earlier. kripya madad kijiye.",hi,True,2025-02-01 19:42:45,asr_hi_v3,"hi, for 48 hours. we are experiencing the road surface is broken at the crossing. we also tried the ivr earlier. kripya madad kijiye.",133,24,roads,resurfacing,0.75,roads,0.7715,neutral,-0.18,low,0.25,1,19.892027,79.341423,reverse_geocode,26.23,"Ward 09, Chandrapur-ish",ULB_CHD,W09,Ward 09,442401,nominatim,2025-02-01 19:44:21,tg83jm,True,2025-02-01 19:42:14,True,20,2,72,4,0,0,1,0,8.0,0.418,MEDIUM,-1
PGR202500845,mobile,2025-02-01 19:32:50,Asia/Kolkata,citizen,True,1,"Namaste, since Monday. We are experiencing waterlogging is happening after even light rain. krupaya sahayya kara.",mr,True,2025-02-01 19:33:46,asr_mr_v3,"namaste, since monday. we are experiencing waterlogging is happening after even light rain. krupaya sahayya kara.",113,16,drainage,waterlogging,0.75,drainage,0.7805,neutral,-0.0,low,0.25,1,19.900002,79.323981,gps,17.87,"Ward 07, Chandrapur-ish",ULB_CHD,W07,Ward 07,442401,nominatim,2025-02-01 19:35:16,tg83jn,True,2025-02-01 19:32:50,True,16,1,24,4,1,0,1,0,11.0,0.65,HIGH,drainage_1
PGR202500846,mobile,2025-02-24 10:46:21,Asia/Kolkata,citizen,True,1,"Namaste, for almost a week. We are experiencing hawkers have encroached on the footpath. kripya madad kijiye.",hi,True,2025-02-24 10:47:30,asr_hi_v3,"namaste, for almost a week. we are experiencing hawkers have encroached on the footpath. kripya madad kijiye.",109,17,grievance_general,information_request,0.45,grievance_general,0.4951,neutral,-0.0,low,0.25,1,19.835953,75.260632,gps,14.51,"Ward 09, Aurangabad-ish",ULB_AUR,W09,Ward 09,431001,nominatim,2025-02-24 10:48:31,tet8be,True,2025-02-24 10:46:21,True,17,1,48,3,0,0,1,0,8.0,0.368,MEDIUM,grievance_general_15
PGR202500847,mobile,2025-02-08 17:58:06,Asia/Kolkata,citizen,True,1,"Hi, since Monday. Residents are reporting staff behaviour was unhelpful at the office. the complaint has been logged in the app. krupaya sahayya kara.",mr,True,2025-02-08 17:59:46,asr_mr_v3,"hi, since monday. residents are reporting staff behaviour was unhelpful at the office. the complaint has been logged in the app. krupaya sahayya kara.",150,24,grievance_general,staff_behavior,0.75,grievance_general,0.6054,neutral,-0.18,low,0.25,1,19.962003,73.882179,gps,32.67,"Ward 19, Nashik-ish",ULB_NAS,W19,Ward 19,422001,nominatim,2025-02-08 17:59:54,tes991,True,2025-02-08 17:58:06,True,13,1,24,5,0,0,0,0,14.0,0.291,LOW,-1
PGR202500848,portal,2025-06-03 23:55:51,Asia/Kolkata,citizen,True,1,"Good morning, for 48 hours. We are experiencing we suspect a pipeline leak nearby. summer water crisis is likely so please plan supply. kripya madad kijiye.",hi,True,2025-06-03 23:56:39,asr_hi_v3,"good morning, for 48 hours. we are experiencing we suspect a pipeline leak nearby. summer water crisis is likely so please plan supply. kripya madad kijiye.",156,26,water_supply,burst_pipeline,0.75,water_supply,0.502,neutral,-0.0,low,0.25,1,19.98425,79.389774,gps,24.28,"Ward 15, Chandrapur-ish",ULB_CHD,W15,Ward 15,442401,nominatim,2025-06-03 23:58:47,tg83ww,True,2025-06-03 23:55:51,True,14,1,72,3,1,0,1,0,8.0,0.648,HIGH,water_supply_1
PGR202500849,mobile,2025-05-02 21:19:49,Asia/Kolkata,citizen,True,1,"Namaste, for almost a week. Residents are reporting we suspect a pipeline leak nearby. kripya madad kijiye.",hi,True,2025-05-02 21:20:59,asr_hi_v3,"namaste, for almost a week. residents are reporting we suspect a pipeline leak nearby. kripya madad kijiye.",107,17,water_supply,burst_pipeline,0.75,water_supply,0.5792,neutral,-0.0,low,0.25,1,19.945799,79.311994,gps,10.29,"Ward 16, Chandrapur-ish",ULB_CHD,W16,Ward 16,442401,nominatim,2025-05-02 21:22:32,tg83kz,True,2025-05-02 21:19:49,True,11,1,48,3,0,0,1,0,6.0,0.527,MEDIUM,-1
PGR202500850,mobile,2025-06-28 00:10:04,Asia/Kolkata,citizen,False,1,"Namaste, since Monday. there is no water in the tap. kripya madad kijiye.",hi,True,2025-06-28 00:11:46,asr_hi_v3,"namaste, since monday. there is no water in the tap. kripya madad kijiye.",73,13,water_supply,no_supply,0.98,water_supply,0.5794,neutral,-0.18,low,0.43,1,20.003761,73.823261,gps,20.57,"Ward 06, Nashik-ish",ULB_NAS,W06,Ward 06,422001,nominatim,2025-06-28 00:10:56,tes3zc,True,2025-06-28 00:10:04,True,17,2,48,7,1,1,0,0,46.0,0.674,HIGH,-1
PGR202500851,portal,2025-06-01 05:20:03,Asia/Kolkata,agent,True,1,"Namaste, for almost a week. a loose cable is creating a hazard. we also tried the IVR earlier. kirpa karke madad karo.",pa,True,2025-06-01 05:20:24,asr_pa_v3,"namaste, for almost a week. a loose cable is creating a hazard. we also tried the ivr earlier. kirpa karke madad karo.",118,22,utilities_other,cable_hazard,0.75,utilities_other,0.6959,neutral,-0.0,low,0.25,1,20.002734,73.849255,gps,25.75,"Ward 19, Nashik-ish",ULB_NAS,W19,Ward 19,422001,nominatim,2025-06-01 05:20:48,tes9b3,True,2025-06-01 05:20:03,True,13,1,48,4,0,0,1,0,7.0,0.368,MEDIUM,-1
PGR202500852,csc,2025-06-25 11:28:34,Asia/Kolkata,citizen,False,1,"Ji, since last night. the septic tank has overflowed onto the street. groundwater is very low this season. krupaya sahayya kara.",mr,True,2025-06-25 11:28:58,asr_mr_v3,"ji, since last night. the septic tank has overflowed onto the street. groundwater is very low this season. krupaya sahayya kara.",128,21,sanitation,septic_overflow,0.75,sanitation,0.682,neutral,-0.18,low,0.43,1,19.992184,79.381377,reverse_geocode,45.77,"Ward 09, Chandrapur-ish",ULB_CHD,W09,Ward 09,442401,nominatim,2025-06-25 11:29:56,tg83wr,True,2025-06-25 11:28:34,True,20,1,24,4,0,0,1,0,5.0,0.567,MEDIUM,-1
PGR202500853,mobile,2025-03-08 18:47:24,Asia/Kolkata,citizen,True,1,"Namaste, since yesterday. We are experiencing the community tap is dry in the morning. it feels like a drought and the borewell is almost dry. the complaint has been logged in the app. krupaya sahayya kara.",mr,True,2025-03-08 18:47:36,asr_mr_v3,"namaste, since yesterday. we are experiencing the community tap is dry in the morning. it feels like a drought and the borewell is almost dry. the complaint has been logged in the app. krupaya sahayya kara.",206,36,water_supply,no_supply,0.75,water_supply,0.577,neutral,-0.0,low,0.25,1,19.83642,75.355404,gps,31.79,"Ward 14, Aurangabad-ish",ULB_AUR,W14,Ward 14,431001,nominatim,2025-03-08 18:49:57,tet8fg,True,2025-03-08 18:47:24,True,14,2,48,4,0,0,1,0,10.0,0.579,MEDIUM,-1
PGR202500854,csc,2025-03-16 04:04:42,Asia/Kolkata,citizen,True,1,"Hi, since last night. the public toilet is not functioning. we also tried the IVR earlier. please help.",en,True,2025-03-16 04:05:32,asr_en_v3,"hi, since last night. the public toilet is not functioning. we also tried the ivr earlier. please help.",103,18,sanitation,public_toilet_faulty,0.75,sanitation,0.6984,neutral,-0.18,low,0.25,1,19.983517,73.707511,manual,38.22,"Ward 14, Nashik-ish",ULB_NAS,W14,Ward 14,422001,nominatim,2025-03-16 04:07:36,tes3tm,True,2025-03-16 04:04:42,True,15,1,72,3,0,0,1,0,4.0,0.527,MEDIUM,-1
PGR202500855,ivr,2025-06-08 09:52:17,Asia/Kolkata,citizen,True,1,"Good evening, since yesterday. stray dogs are aggressive near the market. the complaint has been logged in the app. krupaya sahayya kara.",mr,True,2025-06-08 09:53:38,asr_mr_v3,"good evening, since yesterday. stray dogs are aggressive near the market. the complaint has been logged in the app. krupaya sahayya kara.",137,22,public_health,stray_dogs,0.8999999999999999,public_health,0.8335,neutral,-0.0,low,0.25,1,19.979096,79.332347,gps,10.84,"Ward 14, Chandrapur-ish",ULB_CHD,W14,Ward 14,442401,nominatim,2025-06-08 09:54:29,tg83tm,True,2025-06-08 09:52:17,True,18,1,24,4,1,0,1,0,5.0,0.647,HIGH,public_health_0
PGR202500856,portal,2025-03-09 17:34:40,Asia/Kolkata,citizen,True,1,"Good evening, for the past three days. Residents are reporting a license check is required for these stalls. the complaint has been logged in the app. krupaya sahayya kara.",mr,True,2025-03-09 17:35:13,asr_mr_v3,"good evening, for the past three days. residents are reporting a license check is required for these stalls. the complaint has been logged in the app. krupaya sahayya kara.",172,29,markets,license_check,0.75,markets,0.8521,neutral,-0.0,low,0.43,1,19.908589,75.267525,reverse_geocode,12.14,Aurangabad-ish,ULB_AUR,Non,,431001,nominatim,2025-03-09 17:36:50,tet92b,True,2025-03-09 17:34:40,True,6,1,96,5,0,0,0,0,18.0,0.332,LOW,-1
PGR202500857,portal,2025-02-09 14:02:05,Asia/Kolkata,citizen,True,1,"Hi, since last night. We are experiencing there is no water in the tap. the complaint has been logged in the app. kripya madad kijiye.",hi,True,2025-02-09 14:03:04,asr_hi_v3,"hi, since last night. we are experiencing there is no water in the tap. the complaint has been logged in the app. kripya madad kijiye.",134,25,water_supply,no_supply,0.98,water_supply,0.5329,neutral,-0.18,low,0.43,1,19.949329,75.44887,gps,16.47,"Ward 10, Aurangabad-ish",ULB_AUR,W10,Ward 10,431001,nominatim,2025-02-09 14:03:02,tet9kz,True,2025-02-09 14:02:05,True,15,1,72,3,0,0,1,0,6.0,0.567,MEDIUM,-1
PGR202500858,mobile,2025-05-12 08:52:05,Asia/Kolkata,citizen,True,1,"Ji, for two days. an electrical cabinet is open near the path. we also tried the IVR earlier. krupaya sahayya kara.",mr,True,2025-05-12 08:54:00,asr_mr_v3,"ji, for two days. an electrical cabinet is open near the path. we also tried the ivr earlier. krupaya sahayya kara.",115,21,grievance_general,information_request,0.45,grievance_general,0.5525,neutral,-0.0,low,0.25,1,19.9451,79.379909,gps,17.85,"Ward 13, Chandrapur-ish",ULB_CHD,W13,Ward 13,442401,nominatim,2025-05-12 08:53:59,tg83qq,True,2025-05-12 08:52:05,True,14,1,96,5,0,0,0,0,9.0,0.289,LOW,grievance_general_3
PGR202500859,whatsapp,2025-06-01 03:28:10,Asia/Kolkata,citizen,False,1,"Hi, since yesterday. We are experiencing an illegal dumpsite is growing near the corner. kripya madad kijiye.",hi,True,2025-06-01 03:29:41,asr_hi_v3,"hi, since yesterday. we are experiencing an illegal dumpsite is growing near the corner. kripya madad kijiye.",109,17,solid_waste,dumpsite,0.75,solid_waste,0.8425,neutral,-0.0,low,0.25,1,19.9141,79.360635,reverse_geocode,4.88,"Ward 19, Chandrapur-ish",ULB_CHD,W19,Ward 19,442401,nominatim,2025-06-01 03:28:59,tg83mc,True,2025-06-01 03:28:10,True,15,1,72,5,0,1,0,0,52.0,0.307,LOW,-1
PGR202500860,mobile,2025-06-26 05:30:22,Asia/Kolkata,contractor,True,1,"Good evening, since yesterday. We are experiencing stray dogs are aggressive near the market. summer water crisis is likely so please plan supply. please help.",en,True,2025-06-26 05:31:54,asr_en_v3,"good evening, since yesterday. we are experiencing stray dogs are aggressive near the market. summer water crisis is likely so please plan supply. please help.",159,25,public_health,stray_dogs,0.8999999999999999,public_health,0.8474,neutral,-0.18,low,0.25,1,20.003092,79.3722,reverse_geocode,38.99,"Ward 08, Chandrapur-ish",ULB_CHD,W08,Ward 08,442401,nominatim,2025-06-26 05:32:08,tg83y1,True,2025-06-26 05:30:22,True,14,1,24,5,0,0,0,0,10.0,0.449,MEDIUM,-1
PGR202500861,ivr,2025-06-20 04:03:47,Asia/Kolkata,citizen,True,1,"Hi, for 48 hours. the tanker did not arrive today. kripya madad kijiye.",hi,True,2025-06-20 04:04:58,asr_hi_v3,"hi, for 48 hours. the tanker did not arrive today. kripya madad kijiye.",71,13,water_supply,no_supply,0.75,water_supply,0.6328,neutral,-0.0,low,0.25,1,19.921766,75.342605,gps,33.25,"Ward 11, Aurangabad-ish",ULB_AUR,W11,Ward 11,431001,nominatim,2025-06-20 04:04:38,tet966,True,2025-06-20 04:03:47,True,18,1,48,5,1,0,0,0,8.0,0.568,MEDIUM,water_supply_2
PGR202500862,portal,2025-02-19 00:49:48,Asia/Kolkata,citizen,True,1,"Good morning, since Monday. the wash area is broken and unclean. krupaya sahayya kara.",mr,True,2025-02-19 00:50:30,asr_mr_v3,"good morning, since monday. the wash area is broken and unclean. krupaya sahayya kara.",86,14,grievance_general,information_request,0.45,grievance_general,0.5531,neutral,-0.18,low,0.25,1,20.072998,73.838141,gps,15.41,"Ward 04, Nashik-ish",ULB_NAS,W04,Ward 04,422001,nominatim,2025-02-19 00:50:20,tesd0n,True,2025-02-19 00:49:48,True,7,1,24,5,0,0,0,0,11.0,0.29,LOW,-1
PGR202500863,mobile,2025-05-27 19:35:24,Asia/Kolkata,citizen,True,1,"Hello, for 48 hours. Residents are reporting an illegal dumpsite is growing near the corner. krupaya sahayya kara.",mr,True,2025-05-27 19:35:31,asr_mr_v3,"hello, for 48 hours. residents are reporting an illegal dumpsite is growing near the corner. krupaya sahayya kara.",114,18,solid_waste,dumpsite,0.75,solid_waste,0.804,neutral,-0.0,low,0.25,1,19.819868,75.272837,gps,29.63,"Ward 08, Aurangabad-ish",ULB_AUR,W08,Ward 08,431001,nominatim,2025-05-27 19:38:18,tet8bb,True,2025-05-27 19:35:24,True,18,1,72,4,0,0,1,0,10.0,0.369,MEDIUM,-1
PGR202500864,mobile,2025-06-07 22:03:36,Asia/Kolkata,agent,True,1,"Ji, since last night. I am reporting that staff behaviour was unhelpful at the office. krupaya sahayya kara.",mr,True,2025-06-07 22:04:17,asr_mr_v3,"ji, since last night. i am reporting that staff behaviour was unhelpful at the office. krupaya sahayya kara.",108,18,grievance_general,staff_behavior,0.75,grievance_general,0.6291,neutral,-0.18,low,0.25,1,20.065788,73.825093,gps,23.34,"Ward 16, Nashik-ish",ULB_NAS,W16,Ward 16,422001,nominatim,2025-06-07 22:06:18,tes6pu,True,2025-06-07 22:03:36,True,19,1,24,5,0,0,0,0,16.0,0.292,LOW,grievance_general_5
PGR202500865,portal,2025-05-16 17:14:04,Asia/Kolkata,citizen,True,1,"Good morning, for the past three days. We are experiencing the whole stretch is dark after evening. groundwater is very low this season. barah e karam madad karein.",ur,True,2025-05-16 17:14:51,asr_ur_v3,"good morning, for the past three days. we are experiencing the whole stretch is dark after evening. groundwater is very low this season. barah e karam madad karein.",164,28,grievance_general,information_request,0.45,grievance_general,0.4244,neutral,-0.0,low,0.43,1,20.027906,73.881452,gps,30.8,"Ward 13, Nashik-ish",ULB_NAS,W13,Ward 13,422001,nominatim,2025-05-16 17:16:13,tes9cj,True,2025-05-16 17:14:04,True,16,2,72,5,0,0,0,0,6.0,0.377,MEDIUM,grievance_general_10
PGR202500866,portal,2025-06-03 23:16:43,Asia/Kolkata,citizen,True,1,"Hi, since Monday. the manhole is overflowing on the street. krupaya sahayya kara.",mr,True,2025-06-03 23:18:10,asr_mr_v3,"hi, since monday. the manhole is overflowing on the street. krupaya sahayya kara.",81,13,drainage,manhole_overflow,0.8999999999999999,drainage,0.734,neutral,-0.18,low,0.43,1,20.048939,73.779229,reverse_geocode,3.0,"Ward 05, Nashik-ish",ULB_NAS,W05,Ward 05,422001,nominatim,2025-06-03 23:18:43,tes6nc,True,2025-06-03 23:16:43,True,23,1,24,4,0,0,1,0,8.0,0.568,MEDIUM,-1
PGR202500867,mobile,2025-06-06 16:43:42,Asia/Kolkata,agent,True,1,"Hi, for almost a week. Residents are reporting the whole stretch is dark after evening. kripya madad kijiye.",hi,True,2025-06-06 16:44:25,asr_hi_v3,"hi, for almost a week. residents are reporting the whole stretch is dark after evening. kripya madad kijiye.",108,18,grievance_general,information_request,0.45,grievance_general,0.6163,neutral,-0.0,low,0.25,1,19.86209,75.371049,gps,17.82,"Ward 11, Aurangabad-ish",ULB_AUR,W11,Ward 11,431001,nominatim,2025-06-06 16:44:40,tet8gp,True,2025-06-06 16:43:42,True,18,1,24,5,0,0,0,0,7.0,0.288,LOW,-1
PGR202500868,portal,2025-04-08 23:34:50,Asia/Kolkata,agent,True,1,"Ji, since yesterday. We are experiencing the whole stretch is dark after evening. krupaya sahayya kara.",mr,True,2025-04-08 23:35:56,asr_mr_v3,"ji, since yesterday. we are experiencing the whole stretch is dark after evening. krupaya sahayya kara.",103,16,grievance_general,information_request,0.45,grievance_general,0.6439,neutral,-0.0,low,0.25,1,20.064041,73.812871,reverse_geocode,19.13,"Ward 17, Nashik-ish",ULB_NAS,W17,Ward 17,422001,nominatim,2025-04-08 23:36:41,tes6ps,True,2025-04-08 23:34:50,True,20,2,24,4,0,0,1,0,11.0,0.42,MEDIUM,grievance_general_5
PGR202500869,ivr,2025-02-07 00:32:40,Asia/Kolkata,citizen,True,1,"Good morning, for 48 hours. illegal parking is blocking the lane. kripya madad kijiye.",hi,True,2025-02-07 00:33:32,asr_hi_v3,"good morning, for 48 hours. illegal parking is blocking the lane. kripya madad kijiye.",86,14,traffic,illegal_parking,0.8999999999999999,traffic,0.9143,neutral,-0.0,low,0.25,1,19.876314,75.39538,gps,29.35,"Ward 03, Aurangabad-ish",ULB_AUR,W03,Ward 03,431001,nominatim,2025-02-07 00:34:59,tet95d,True,2025-02-07 00:32:40,True,19,1,48,5,1,0,0,0,18.0,0.412,MEDIUM,-1
PGR202500870,portal,2025-04-10 10:17:58,Asia/Kolkata,citizen,True,1,"Namaste, for 48 hours. I am reporting that garbage pickup has been missed repeatedly. kripya madad kijiye.",hi,True,2025-04-10 10:18:34,asr_hi_v3,"namaste, for 48 hours. i am reporting that garbage pickup has been missed repeatedly. kripya madad kijiye.",106,17,solid_waste,missed_pickup,0.75,solid_waste,0.8155,negative,-0.36,low,0.25,1,19.90579,75.416069,gps,10.57,"Ward 02, Aurangabad-ish",ULB_AUR,W02,Ward 02,431001,nominatim,2025-04-10 10:19:44,tet9hp,True,2025-04-10 10:17:58,True,14,1,24,5,1,0,0,0,14.0,0.411,MEDIUM,-1
PGR202500871,portal,2025-03-03 06:24:55,Asia/Kolkata,citizen,True,1,"Good morning, for almost a week. Residents are reporting the whole stretch is dark after evening. please help.",en,True,2025-03-03 06:25:15,asr_en_v3,"good morning, for almost a week. residents are reporting the whole stretch is dark after evening. please help.",110,18,grievance_general,information_request,0.45,grievance_general,0.5839,neutral,-0.18,low,0.25,1,19.809383,75.40099,gps,17.5,"Ward 08, Aurangabad-ish",ULB_AUR,W08,Ward 08,431001,nominatim,2025-03-03 06:26:00,tet8ey,True,2025-03-03 06:24:55,True,18,1,24,4,0,0,1,0,8.0,0.368,MEDIUM,-1
PGR202500872,mobile,2025-02-18 01:25:33,Asia/Kolkata,citizen,True,1,"Good morning, for 48 hours. We are experiencing we suspect a pipeline leak nearby. krupaya sahayya kara.",mr,True,2025-02-18 01:26:20,asr_mr_v3,"good morning, for 48 hours. we are experiencing we suspect a pipeline leak nearby. krupaya sahayya kara.",104,17,water_supply,burst_pipeline,0.75,water_supply,0.5858,neutral,-0.0,low,0.25,1,19.877064,75.264939,gps,3.77,"Ward 14, Aurangabad-ish",ULB_AUR,W14,Ward 14,431001,nominatim,2025-02-18 01:26:55,tet90d,True,2025-02-18 01:25:33,True,14,1,24,3,0,0,1,0,9.0,0.529,MEDIUM,-1
PGR202500873,csc,2025-02-19 17:43:30,Asia/Kolkata,citizen,True,1,"Good morning, for the past three days. a loose cable is creating a hazard. dayavittu sahaya maadi.",kn,True,2025-02-19 17:43:54,asr_kn_v3,"good morning, for the past three days. a loose cable is creating a hazard. dayavittu sahaya maadi.",98,17,utilities_other,cable_hazard,0.75,utilities_other,0.7046,neutral,-0.0,low,0.43,1,20.051852,73.843308,gps,19.08,"Ward 07, Nashik-ish",ULB_NAS,W07,Ward 07,422001,nominatim,2025-02-19 17:46:04,tesd06,True,2025-02-19 17:43:30,True,7,1,24,3,0,0,1,0,7.0,0.408,MEDIUM,-1
PGR202500874,mobile,2025-05-16 14:32:46,Asia/Kolkata,citizen,True,1,"Hello, for the past three days. I am reporting that the signal is not working at the junction. the complaint has been logged in the app. krupaya sahayya kara.",mr,True,2025-05-16 14:33:06,asr_mr_v3,"hello, for the past three days. i am reporting that the signal is not working at the junction. the complaint has been logged in the app. krupaya sahayya kara.",158,29,grievance_general,information_request,0.45,grievance_general,0.3647,neutral,-0.0,low,0.43,1,19.953308,79.36907,manual,119.23,"Ward 17, Chandrapur-ish",ULB_CHD,W17,Ward 17,442401,nominatim,2025-05-16 14:33:46,tg83w0,True,2025-05-16 14:32:46,True,13,1,72,3,0,0,1,0,5.0,0.407,MEDIUM,grievance_general_3
PGR202500875,ivr,2025-04-17 16:18:41,Asia/Kolkata,citizen,True,1,"Good morning, for 48 hours. We are experiencing stray dogs are aggressive near the market. kripya madad kijiye.",hi,True,2025-04-17 16:18:48,asr_hi_v3,"good morning, for 48 hours. we are experiencing stray dogs are aggressive near the market. kripya madad kijiye.",111,18,public_health,stray_dogs,0.8999999999999999,public_health,0.8714,neutral,-0.0,low,0.25,1,19.995037,73.740381,reverse_geocode,45.26,"Ward 17, Nashik-ish",ULB_NAS,W17,Ward 17,422001,nominatim,2025-04-17 16:21:34,tes3wp,True,2025-04-17 16:18:41,True,20,1,48,4,1,0,1,0,7.0,0.648,HIGH,-1
PGR202500876,mobile,2025-04-22 23:25:08,Asia/Kolkata,citizen,True,1,"Good morning, in Aurangabad near Ward 11, for 48 hours. the road surface is broken at the crossing. we also tried the IVR earlier. kripya madad kijiye.",hi,True,2025-04-22 23:26:14,asr_hi_v3,"good morning, in aurangabad near ward 11, for 48 hours. the road surface is broken at the crossing. we also tried the ivr earlier. kripya madad kijiye.",151,27,roads,resurfacing,0.75,roads,0.7035,negative,-0.36,low,0.25,1,19.85261,75.33201,gps,28.74,"Ward 11, Aurangabad-ish",ULB_AUR,W11,Ward 11,431001,nominatim,2025-04-22 23:27:28,tet8fn,True,2025-04-22 23:25:08,True,18,1,24,4,0,0,1,0,13.0,0.37,MEDIUM,-1
PGR202500877,portal,2025-05-23 18:40:37,Asia/Kolkata,citizen,True,1,"Good evening, for two days. Residents are reporting the pole looks damaged and wires are exposed. kirpa karke madad karo.",pa,True,2025-05-23 18:41:21,asr_pa_v3,"good evening, for two days. residents are reporting the pole looks damaged and wires are exposed. kirpa karke madad karo.",121,20,utilities_other,cable_hazard,0.75,utilities_other,0.7513,neutral,-0.0,low,0.25,1,19.90439,75.419104,gps,21.22,"Ward 08, Aurangabad-ish",ULB_AUR,W08,Ward 08,431001,nominatim,2025-05-23 18:43:19,tet9hp,True,2025-05-23 18:40:37,True,18,1,24,5,0,0,0,0,15.0,0.291,LOW,-1
PGR202500878,mobile,2025-04-24 05:45:49,Asia/Kolkata,citizen,True,1,"Hello, for 48 hours. stray dogs are aggressive near the market. kripya madad kijiye.",hi,True,2025-04-24 05:47:24,asr_hi_v3,"hello, for 48 hours. stray dogs are aggressive near the market. kripya madad kijiye.",84,14,public_health,stray_dogs,0.8999999999999999,public_health,0.8795,neutral,-0.0,low,0.25,1,20.058138,73.734798,manual,19.51,"Ward 01, Nashik-ish",ULB_NAS,W01,Ward 01,422001,nominatim,2025-04-24 05:47:30,tes6jg,True,2025-04-24 05:45:49,True,10,1,24,3,0,0,1,0,5.0,0.527,MEDIUM,-1
PGR202500879,mobile,2025-05-06 12:02:32,Asia/Kolkata,citizen,False,1,"Good morning, for the past three days. I am reporting that tap pressure is very low. the complaint has been logged in the app. kripya madad kijiye.",hi,True,2025-05-06 12:03:00,asr_hi_v3,"good morning, for the past three days. i am reporting that tap pressure is very low. the complaint has been logged in the app. kripya madad kijiye.",147,27,water_supply,no_supply,0.75,water_supply,0.5755,neutral,-0.0,low,0.43,1,19.93127,79.273762,gps,36.56,"Ward 17, Chandrapur-ish",ULB_CHD,W17,Ward 17,442401,nominatim,2025-05-06 12:03:27,tg837u,True,2025-05-06 12:02:32,True,13,1,24,3,1,0,1,0,7.0,0.688,HIGH,water_supply_7
PGR202500880,csc,2025-02-13 21:41:17,Asia/Kolkata,citizen,True,1,"Hello, since last night. the septic tank has overflowed onto the street. kripya madad kijiye.",hi,True,2025-02-13 21:42:44,asr_hi_v3,"hello, since last night. the septic tank has overflowed onto the street. kripya madad kijiye.",93,15,sanitation,septic_overflow,0.75,sanitation,0.8728,neutral,-0.18,low,0.43,1,20.053009,73.749634,gps,11.15,"Ward 18, Nashik-ish",ULB_NAS,W18,Ward 18,422001,nominatim,2025-02-13 21:41:42,tes6n4,True,2025-02-13 21:41:17,True,16,1,24,4,0,0,1,0,10.0,0.569,MEDIUM,-1
PGR202500881,portal,2025-06-08 16:04:18,Asia/Kolkata,citizen,False,1,"Ji, for the past three days. We are experiencing the dispensary was closed during working hours. krupaya sahayya kara.",mr,True,2025-06-08 16:05:26,asr_mr_v3,"ji, for the past three days. we are experiencing the dispensary was closed during working hours. krupaya sahayya kara.",118,19,grievance_general,information_request,0.45,grievance_general,0.3678,neutral,-0.0,low,0.43,1,19.878808,75.408366,manual,17.9,"Ward 09, Aurangabad-ish",ULB_AUR,W09,Ward 09,431001,nominatim,2025-06-08 16:06:03,tet95f,True,2025-06-08 16:04:18,True,17,1,24,3,0,0,1,0,10.0,0.409,MEDIUM,-1
PGR202500882,portal,2025-04-09 07:36:38,Asia/Kolkata,citizen,True,1,"Ji, since Monday. We are experiencing play equipment is broken in the park. we also tried the IVR earlier. roz subah tap dry milta hai. please help.",en,True,2025-04-09 07:38:30,asr_en_v3,"ji, since monday. we are experiencing play equipment is broken in the park. we also tried the ivr earlier. roz subah tap dry milta hai. please help.",148,27,water_supply,no_supply,0.75,parks,0.3896,negative,-0.36,low,0.25,1,19.973931,79.294756,gps,3.66,"Ward 11, Chandrapur-ish",ULB_CHD,W11,Ward 11,442401,nominatim,2025-04-09 07:38:01,tg83sk,True,2025-04-09 07:36:38,True,19,1,24,5,0,0,0,0,15.0,0.451,MEDIUM,water_supply_15
PGR202500883,whatsapp,2025-02-24 06:46:00,Asia/Kolkata,agent,True,1,"Good morning, since last night. I am reporting that the grass is drying up because irrigation is off. we also tried the IVR earlier. please help.",en,True,2025-02-24 06:47:38,asr_en_v3,"good morning, since last night. i am reporting that the grass is drying up because irrigation is off. we also tried the ivr earlier. please help.",145,26,parks,lawn_irrigation,0.75,parks,0.7837,neutral,-0.18,low,0.25,1,19.926601,79.348005,gps,41.28,"Ward 16, Chandrapur-ish",ULB_CHD,W16,Ward 16,442401,nominatim,2025-02-24 06:46:38,tg83me,True,2025-02-24 06:46:00,True,11,1,24,3,0,0,1,0,7.0,0.368,MEDIUM,-1
PGR202500884,whatsapp,2025-06-02 23:58:56,Asia/Kolkata,citizen,True,1,"Hello, since Monday. I am reporting that the streetlight near our lane is not working. we also tried the IVR earlier. please help.",en,True,2025-06-02 23:59:10,asr_en_v3,"hello, since monday. i am reporting that the streetlight near our lane is not working. we also tried the ivr earlier. please help.",130,23,streetlights,lamp_faulty,0.75,streetlights,0.8893,neutral,-0.18,low,0.25,1,19.956925,79.264459,gps,25.89,"Ward 14, Chandrapur-ish",ULB_CHD,W14,Ward 14,442401,nominatim,2025-06-03 00:01:44,tg83e9,True,2025-06-02 23:58:56,True,18,1,72,4,0,0,1,0,8.0,0.368,MEDIUM,-1
PGR202500885,ivr,2025-05-22 04:38:08,Asia/Kolkata,citizen,True,1,"Good evening, for the past three days. I am reporting that the community tap is dry in the morning. the complaint has been logged in the app. kripya madad kijiye.",hi,True,2025-05-22 04:39:56,asr_hi_v3,"good evening, for the past three days. i am reporting that the community tap is dry in the morning. the complaint has been logged in the app. kripya madad kijiye.",162,30,water_supply,no_supply,0.75,water_supply,0.5864,neutral,-0.0,low,0.43,1,19.931099,75.352523,reverse_geocode,9.39,"Ward 03, Aurangabad-ish",ULB_AUR,W03,Ward 03,431001,nominatim,2025-05-22 04:41:03,tet96s,True,2025-05-22 04:38:08,True,19,1,24,5,0,0,0,0,16.0,0.491,MEDIUM,-1
PGR202500886,mobile,2025-02-08 22:53:36,Asia/Kolkata,citizen,True,1,"Good morning, in Nashik near Ward 14, for 48 hours. We are experiencing the tanker did not arrive today. the complaint has been logged in the app. we also tried the IVR earlier. please jaldi se kijiye. please help.",en,True,2025-02-08 22:54:41,asr_en_v3,"good morning, in nashik near ward 14, for 48 hours. we are experiencing the tanker did not arrive today. the complaint has been logged in the app. we also tried the ivr earlier. please jaldi se kijiye. please help.",214,39,water_supply,no_supply,0.75,water_supply,0.4251,neutral,-0.18,low,0.25,1,20.021004,73.739688,gps,18.28,"Ward 14, Nashik-ish",ULB_NAS,W14,Ward 14,422001,nominatim,2025-02-08 22:54:55,tes3vu,True,2025-02-08 22:53:36,True,15,1,48,4,0,0,1,0,12.0,0.53,MEDIUM,water_supply_0
PGR202500887,portal,2025-03-01 22:56:57,Asia/Kolkata,citizen,True,1,"Ji, since last night. resurfacing has been pending for many weeks. krupaya sahayya kara.",mr,True,2025-03-01 22:58:15,asr_mr_v3,"ji, since last night. resurfacing has been pending for many weeks. krupaya sahayya kara.",88,14,grievance_general,information_request,0.45,grievance_general,0.6662,neutral,-0.0,low,0.25,1,19.932779,79.299924,reverse_geocode,27.64,"Ward 19, Chandrapur-ish",ULB_CHD,W19,Ward 19,442401,nominatim,2025-03-01 22:59:03,tg83ks,True,2025-03-01 22:56:57,True,15,1,48,5,1,0,0,0,10.0,0.409,MEDIUM,grievance_general_2
PGR202500888,ivr,2025-02-03 08:41:52,Asia/Kolkata,citizen,True,1,"Good morning, since Monday. the manhole is overflowing on the street. krupaya sahayya kara.",mr,True,2025-02-03 08:43:31,asr_mr_v3,"good morning, since monday. the manhole is overflowing on the street. krupaya sahayya kara.",91,14,drainage,manhole_overflow,0.8999999999999999,drainage,0.7275,neutral,-0.18,low,0.43,1,19.917903,79.335111,gps,16.24,"Ward 16, Chandrapur-ish",ULB_CHD,W16,Ward 16,442401,nominatim,2025-02-03 08:43:18,tg83m3,True,2025-02-03 08:41:52,True,11,1,24,6,1,1,0,0,61.0,0.63,HIGH,-1
PGR202500889,mobile,2025-03-13 14:43:53,Asia/Kolkata,citizen,True,1,"Ji, since Monday. Residents are reporting a license check is required for these stalls. please help.",en,True,2025-03-13 14:45:06,asr_en_v3,"ji, since monday. residents are reporting a license check is required for these stalls. please help.",100,16,markets,license_check,0.75,markets,0.9044,neutral,-0.18,low,0.25,1,19.944719,79.38338,gps,11.98,"Ward 10, Chandrapur-ish",ULB_CHD,W10,Ward 10,442401,nominatim,2025-03-13 14:45:32,tg83qq,True,2025-03-13 14:43:53,True,13,1,24,5,0,0,0,0,13.0,0.29,LOW,-1
PGR202500890,mobile,2025-02-15 23:55:45,Asia/Kolkata,citizen,True,1,"Good morning, for 48 hours. mosquito breeding is visible due to stagnant water. garami madhe jalsankat aahe. krupaya sahayya kara.",mr,True,2025-02-15 23:56:47,asr_mr_v3,"good morning, for 48 hours. mosquito breeding is visible due to stagnant water. garami madhe jalsankat aahe. krupaya sahayya kara.",130,20,public_health,mosquito_breeding,0.8999999999999999,public_health,0.7181,neutral,-0.18,low,0.25,1,20.091202,73.743895,gps,10.19,"Ward 11, Nashik-ish",ULB_NAS,W11,Ward 11,422001,nominatim,2025-02-15 23:57:44,tes6q1,True,2025-02-15 23:55:45,True,17,1,72,5,0,0,0,0,12.0,0.45,MEDIUM,-1
PGR202500891,csc,2025-05-18 11:39:24,Asia/Kolkata,citizen,True,1,"Ji, for the past three days. tap pressure is very low. pani ki kami ho rahi hai please arrange tankers. we also tried the IVR earlier. krupaya sahayya kara.",mr,True,2025-05-18 11:41:06,asr_mr_v3,"ji, for the past three days. tap pressure is very low. pani ki kami ho rahi hai please arrange tankers. we also tried the ivr earlier. krupaya sahayya kara.",156,29,water_supply,no_supply,0.98,water_supply,0.8168,neutral,-0.18,low,0.43,1,19.815016,75.407068,manual,25.08,"Ward 06, Aurangabad-ish",ULB_AUR,W06,Ward 06,431001,nominatim,2025-05-18 11:40:50,tet8ez,True,2025-05-18 11:39:24,True,19,1,72,4,0,0,1,0,4.0,0.566,MEDIUM,-1
PGR202500892,portal,2025-04-20 09:11:28,Asia/Kolkata,citizen,False,1,"Good evening, since Monday. I am reporting that there is no water in the tap. groundwater is very low this season. the complaint has been logged in the app. pani nahiye. krupaya sahayya kara.",mr,True,2025-04-20 09:11:41,asr_mr_v3,"good evening, since monday. i am reporting that there is no water in the tap. groundwater is very low this season. the complaint has been logged in the app. pani nahiye. krupaya sahayya kara.",191,34,water_supply,no_supply,0.98,water_supply,0.5256,negative,-0.36,low,0.43,1,20.099229,73.87272,gps,14.63,"Ward 14, Nashik-ish",ULB_NAS,W14,Ward 14,422001,nominatim,2025-04-20 09:13:56,tesd34,True,2025-04-20 09:11:28,True,15,1,96,3,0,0,1,0,8.0,0.568,MEDIUM,-1
PGR202500893,portal,2025-06-28 00:44:13,Asia/Kolkata,citizen,True,1,"Hello, since Monday. I am reporting that play equipment is broken in the park. the complaint has been logged in the app. krupaya sahayya kara.",mr,True,2025-06-28 00:45:02,asr_mr_v3,"hello, since monday. i am reporting that play equipment is broken in the park. the complaint has been logged in the app. krupaya sahayya kara.",142,25,parks,broken_play_equipment,0.75,parks,0.7673,neutral,-0.18,low,0.25,1,19.803555,75.300253,reverse_geocode,13.19,"Ward 05, Aurangabad-ish",ULB_AUR,W05,Ward 05,431001,nominatim,2025-06-28 00:45:03,tet89m,True,2025-06-28 00:44:13,True,17,1,72,5,0,0,0,0,12.0,0.29,LOW,-1
PGR202500894,whatsapp,2025-05-24 09:55:35,Asia/Kolkata,citizen,True,1,"Good morning, since yesterday. We are experiencing there is illegal construction on the terrace. kirpa karke madad karo.",pa,True,2025-05-24 09:55:51,asr_pa_v3,"good morning, since yesterday. we are experiencing there is illegal construction on the terrace. kirpa karke madad karo.",120,18,building_safety,illegal_construction,0.75,building_safety,0.6932,neutral,-0.0,low,0.25,1,19.806501,75.414156,gps,3.0,"Ward 07, Aurangabad-ish",ULB_AUR,W07,Ward 07,431001,nominatim,2025-05-24 09:57:41,tet8sj,True,2025-05-24 09:55:35,True,20,1,24,3,0,0,1,0,6.0,0.527,MEDIUM,-1
PGR202500895,portal,2025-05-03 17:33:24,Asia/Kolkata,citizen,True,1,"Good evening, since Monday. We are experiencing the grass is drying up because irrigation is off. groundwater is very low this season. krupaya sahayya kara.",mr,True,2025-05-03 17:34:11,asr_mr_v3,"good evening, since monday. we are experiencing the grass is drying up because irrigation is off. groundwater is very low this season. krupaya sahayya kara.",156,25,parks,lawn_irrigation,0.75,parks,0.7746,neutral,-0.0,low,0.25,1,19.887211,75.352744,gps,21.16,"Ward 06, Aurangabad-ish",ULB_AUR,W06,Ward 06,431001,nominatim,2025-05-03 17:36:21,tet94s,True,2025-05-03 17:33:24,True,19,1,24,6,1,1,0,0,56.0,0.428,MEDIUM,-1
PGR202500896,portal,2025-04-18 09:31:40,Asia/Kolkata,citizen,True,1,"Hello, since Monday. We are experiencing the streetlight near our lane is not working. the complaint has been logged in the app. we also tried the IVR earlier. pressure bahut kam hai. please help.",en,True,2025-04-18 09:32:22,asr_en_v3,"hello, since monday. we are experiencing the streetlight near our lane is not working. the complaint has been logged in the app. we also tried the ivr earlier. pressure bahut kam hai. please help.",196,34,streetlights,lamp_faulty,0.75,streetlights,0.7515,neutral,-0.18,low,0.25,1,19.957623,79.287868,gps,17.28,"Ward 07, Chandrapur-ish",ULB_CHD,W07,Ward 07,442401,nominatim,2025-04-18 09:34:16,tg83s1,True,2025-04-18 09:31:40,True,16,2,72,4,1,0,1,0,13.0,0.54,MEDIUM,-1
PGR202500897,mobile,2025-02-09 04:12:04,Asia/Kolkata,citizen,True,1,"Hello, since Monday. the community tap is dry in the morning. the complaint has been logged in the app. krupaya sahayya kara.",mr,True,2025-02-09 04:12:21,asr_mr_v3,"hello, since monday. the community tap is dry in the morning. the complaint has been logged in the app. krupaya sahayya kara.",125,22,water_supply,no_supply,0.75,water_supply,0.6258,neutral,-0.0,low,0.25,1,19.890246,75.256133,gps,15.18,"Ward 08, Aurangabad-ish",ULB_AUR,W08,Ward 08,431001,nominatim,2025-02-09 04:12:31,tet90k,True,2025-02-09 04:12:04,True,18,1,48,7,0,1,0,0,49.0,0.465,MEDIUM,-1
PGR202500898,portal,2025-02-11 12:43:27,Asia/Kolkata,citizen,False,1,"Namaste, since yesterday. Residents are reporting resurfacing has been pending for many weeks. the complaint has been logged in the app. kripya madad kijiye.",hi,True,2025-02-11 12:44:54,asr_hi_v3,"namaste, since yesterday. residents are reporting resurfacing has been pending for many weeks. the complaint has been logged in the app. kripya madad kijiye.",157,24,grievance_general,information_request,0.45,grievance_general,0.6063,neutral,-0.0,low,0.25,1,19.970442,79.360165,gps,22.98,"Ward 02, Chandrapur-ish",ULB_CHD,W02,Ward 02,442401,nominatim,2025-02-11 12:44:05,tg83tg,True,2025-02-11 12:43:27,True,18,1,24,4,0,0,1,0,7.0,0.368,MEDIUM,grievance_general_0
PGR202500899,mobile,2025-05-04 10:42:43,Asia/Kolkata,citizen,True,1,"Hi, since Monday. I am reporting that the community tap is dry in the morning. the complaint has been logged in the app. please help.",en,True,2025-05-04 10:44:00,asr_en_v3,"hi, since monday. i am reporting that the community tap is dry in the morning. the complaint has been logged in the app. please help.",133,25,water_supply,no_supply,0.75,water_supply,0.6219,neutral,-0.18,low,0.25,1,20.050954,73.766424,manual,31.22,"Ward 15, Nashik-ish",ULB_NAS,W15,Ward 15,422001,nominatim,2025-05-04 10:44:43,tes6nd,True,2025-05-04 10:42:43,True,14,1,72,4,0,0,1,0,8.0,0.528,MEDIUM,-1
PGR202500900,csc,2025-02-01 15:45:54,Asia/Kolkata,citizen,True,1,"Good morning, for almost a week. I am reporting that the tanker did not arrive today. kripya madad kijiye.",hi,True,2025-02-01 15:47:32,asr_hi_v3,"good morning, for almost a week. i am reporting that the tanker did not arrive today. kripya madad kijiye.",106,19,water_supply,no_supply,0.75,water_supply,0.6035,neutral,-0.0,low,0.25,1,19.923939,75.393109,manual,30.52,"Ward 09, Aurangabad-ish",ULB_AUR,W09,Ward 09,431001,nominatim,2025-02-01 15:48:41,tet97e,True,2025-02-01 15:45:54,True,17,1,24,4,0,0,1,0,6.0,0.527,MEDIUM,-1
